{"data":{"count":18},"hypothesisId":"H3","location":"scripts/global/cutscene_manager.gd","message":"cutscenes_loaded","runId":"aim-debug","sessionId":"ccca42","timestamp":1064}
{"data":{"count":18},"hypothesisId":"H3","location":"scripts/global/cutscene_manager.gd","message":"cutscenes_loaded","runId":"aim-debug","sessionId":"ccca42","timestamp":1191}
{"data":{"allies_mult":1.0,"current_health":80,"enemy_mult":1.0,"max_health_effective":80,"stats_health":80,"team":0,"unit_id":"ally_archer"},"hypothesisId":"H2","location":"scripts/battle/unit/unit_base.gd","message":"unit_health_emitted","runId":"aim-debug","sessionId":"ccca42","timestamp":9421}
{"data":{"attack_speed":1.2,"attack_type":1,"target_class":"Node2D","unit_id":"ally_archer"},"hypothesisId":"H4","location":"scripts/battle/unit/unit_base.gd","message":"attack_start","runId":"aim-debug","sessionId":"ccca42","timestamp":9821}
{"data":{"delay_applies":true,"initial_dir":"(0.999988, -0.004877)","initial_target_pos":"(1038.0, 326.0)","speed":700.0,"team":0,"unit_id":"ally_archer"},"hypothesisId":"P1","location":"scripts/battle/unit/projectile.gd","message":"projectile_ready_aimed","runId":"aim-debug","sessionId":"ccca42","timestamp":9822}
{"data":{"delay_s":1.75,"has_target_ref":true,"initial_target_pos":"(1038.0, 326.0)"},"hypothesisId":"P1","location":"scripts/battle/unit/projectile.gd","message":"projectile_delay_started","runId":"aim-debug","sessionId":"ccca42","timestamp":9830}
{"data":{"allies_mult":1.0,"current_health":80,"enemy_mult":1.0,"max_health_effective":80,"stats_health":80,"team":0,"unit_id":"ally_archer"},"hypothesisId":"H2","location":"scripts/battle/unit/unit_base.gd","message":"unit_health_emitted","runId":"aim-debug","sessionId":"ccca42","timestamp":10239}
{"data":{"attack_speed":1.2,"attack_type":1,"target_class":"Node2D","unit_id":"ally_archer"},"hypothesisId":"H4","location":"scripts/battle/unit/unit_base.gd","message":"attack_start","runId":"aim-debug","sessionId":"ccca42","timestamp":10655}
{"data":{"delay_applies":true,"initial_dir":"(0.999988, -0.004877)","initial_target_pos":"(1038.0, 326.0)","speed":700.0,"team":0,"unit_id":"ally_archer"},"hypothesisId":"P1","location":"scripts/battle/unit/projectile.gd","message":"projectile_ready_aimed","runId":"aim-debug","sessionId":"ccca42","timestamp":10655}
{"data":{"delay_s":1.75,"has_target_ref":true,"initial_target_pos":"(1038.0, 326.0)"},"hypothesisId":"P1","location":"scripts/battle/unit/projectile.gd","message":"projectile_delay_started","runId":"aim-debug","sessionId":"ccca42","timestamp":10663}
{"data":{"attack_speed":1.2,"attack_type":1,"target_class":"Node2D","unit_id":"ally_archer"},"hypothesisId":"H4","location":"scripts/battle/unit/unit_base.gd","message":"attack_start","runId":"aim-debug","sessionId":"ccca42","timestamp":11488}
{"data":{"delay_applies":true,"initial_dir":"(0.999988, -0.004877)","initial_target_pos":"(1038.0, 326.0)","speed":700.0,"team":0,"unit_id":"ally_archer"},"hypothesisId":"P1","location":"scripts/battle/unit/projectile.gd","message":"projectile_ready_aimed","runId":"aim-debug","sessionId":"ccca42","timestamp":11488}
{"data":{"delay_s":1.75,"has_target_ref":true,"initial_target_pos":"(1038.0, 326.0)"},"hypothesisId":"P1","location":"scripts/battle/unit/projectile.gd","message":"projectile_delay_started","runId":"aim-debug","sessionId":"ccca42","timestamp":11496}
{"data":{"curr_target_pos":"(1038.0, 326.0)","curr_target_valid":true,"delta_target_dist":0.0,"initial_target_pos":"(1038.0, 326.0)","velocity":"(699.9917, -3.413945)"},"hypothesisId":"P1","location":"scripts/battle/unit/projectile.gd","message":"projectile_delay_ended","runId":"aim-debug","sessionId":"ccca42","timestamp":11572}
{"data":{"allies_mult":1.0,"current_health":80,"enemy_mult":1.0,"max_health_effective":80,"stats_health":80,"team":1,"unit_id":"ally_archer"},"hypothesisId":"H2","location":"scripts/battle/unit/unit_base.gd","message":"unit_health_emitted","runId":"aim-debug","sessionId":"ccca42","timestamp":12306}
{"data":{"attack_speed":1.2,"attack_type":1,"target_class":"CharacterBody2D","unit_id":"ally_archer"},"hypothesisId":"H4","location":"scripts/battle/unit/unit_base.gd","message":"attack_start","runId":"aim-debug","sessionId":"ccca42","timestamp":12307}
{"data":{"delay_applies":true,"initial_dir":"(0.998612, 0.052679)","initial_target_pos":"(970.0, 329.0)","speed":700.0,"team":0,"unit_id":"ally_archer"},"hypothesisId":"P1","location":"scripts/battle/unit/projectile.gd","message":"projectile_ready_aimed","runId":"aim-debug","sessionId":"ccca42","timestamp":12314}
{"data":{"attack_speed":1.2,"attack_type":1,"target_class":"CharacterBody2D","unit_id":"ally_archer"},"hypothesisId":"H4","location":"scripts/battle/unit/unit_base.gd","message":"attack_start","runId":"aim-debug","sessionId":"ccca42","timestamp":12322}
{"data":{"delay_applies":false,"initial_dir":"(-0.999989, -0.00467)","initial_target_pos":"(690.495, 327.6948)","speed":700.0,"team":1,"unit_id":"ally_archer"},"hypothesisId":"P1","location":"scripts/battle/unit/projectile.gd","message":"projectile_ready_aimed","runId":"aim-debug","sessionId":"ccca42","timestamp":12328}
{"data":{"delay_s":1.75,"has_target_ref":true,"initial_target_pos":"(970.0, 329.0)"},"hypothesisId":"P1","location":"scripts/battle/unit/projectile.gd","message":"projectile_delay_started","runId":"aim-debug","sessionId":"ccca42","timestamp":12335}
{"data":{"attack_speed":1.2,"attack_type":1,"target_class":"CharacterBody2D","unit_id":"ally_archer"},"hypothesisId":"H4","location":"scripts/battle/unit/unit_base.gd","message":"attack_start","runId":"aim-debug","sessionId":"ccca42","timestamp":12342}
{"data":{"delay_applies":true,"initial_dir":"(0.999989, 0.004669)","initial_target_pos":"(967.5, 328.9883)","speed":700.0,"team":0,"unit_id":"ally_archer"},"hypothesisId":"P1","location":"scripts/battle/unit/projectile.gd","message":"projectile_ready_aimed","runId":"aim-debug","sessionId":"ccca42","timestamp":12348}
{"data":{"delay_s":1.75,"has_target_ref":true,"initial_target_pos":"(967.5, 328.9883)"},"hypothesisId":"P1","location":"scripts/battle/unit/projectile.gd","message":"projectile_delay_started","runId":"aim-debug","sessionId":"ccca42","timestamp":12355}
{"data":{"curr_target_pos":"(1038.0, 326.0)","curr_target_valid":true,"delta_target_dist":0.0,"initial_target_pos":"(1038.0, 326.0)","velocity":"(699.9917, -3.413945)"},"hypothesisId":"P1","location":"scripts/battle/unit/projectile.gd","message":"projectile_delay_ended","runId":"aim-debug","sessionId":"ccca42","timestamp":12405}
{"data":{"allies_mult":1.0,"current_health":80,"enemy_mult":1.0,"max_health_effective":80,"stats_health":80,"team":0,"unit_id":"ally_archer"},"hypothesisId":"H2","location":"scripts/battle/unit/unit_base.gd","message":"unit_health_emitted","runId":"aim-debug","sessionId":"ccca42","timestamp":12921}
{"data":{"attack_speed":1.2,"attack_type":1,"target_class":"CharacterBody2D","unit_id":"ally_archer"},"hypothesisId":"H4","location":"scripts/battle/unit/unit_base.gd","message":"attack_start","runId":"aim-debug","sessionId":"ccca42","timestamp":12921}
{"data":{"delay_applies":true,"initial_dir":"(0.871643, 0.490141)","initial_target_pos":"(877.5, 328.568)","speed":700.0,"team":0,"unit_id":"ally_archer"},"hypothesisId":"P1","location":"scripts/battle/unit/projectile.gd","message":"projectile_ready_aimed","runId":"aim-debug","sessionId":"ccca42","timestamp":12929}
{"data":{"delay_s":1.75,"has_target_ref":true,"initial_target_pos":"(877.5, 328.568)"},"hypothesisId":"P1","location":"scripts/battle/unit/projectile.gd","message":"projectile_delay_started","runId":"aim-debug","sessionId":"ccca42","timestamp":12937}
{"data":{"attack_speed":1.2,"attack_type":1,"target_class":"CharacterBody2D","unit_id":"ally_archer"},"hypothesisId":"H4","location":"scripts/battle/unit/unit_base.gd","message":"attack_start","runId":"aim-debug","sessionId":"ccca42","timestamp":13138}
{"data":{"delay_applies":true,"initial_dir":"(0.99673, 0.080803)","initial_target_pos":"(845.0, 328.4163)","speed":700.0,"team":0,"unit_id":"ally_archer"},"hypothesisId":"P1","location":"scripts/battle/unit/projectile.gd","message":"projectile_ready_aimed","runId":"aim-debug","sessionId":"ccca42","timestamp":13138}
{"data":{"attack_speed":1.2,"attack_type":1,"target_class":"CharacterBody2D","unit_id":"ally_archer"},"hypothesisId":"H4","location":"scripts/battle/unit/unit_base.gd","message":"attack_start","runId":"aim-debug","sessionId":"ccca42","timestamp":13146}
{"data":{"delay_applies":false,"initial_dir":"(-0.999989, -0.004669)","initial_target_pos":"(690.495, 327.6948)","speed":700.0,"team":1,"unit_id":"ally_archer"},"hypothesisId":"P1","location":"scripts/battle/unit/projectile.gd","message":"projectile_ready_aimed","runId":"aim-debug","sessionId":"ccca42","timestamp":13152}
{"data":{"delay_s":1.75,"has_target_ref":true,"initial_target_pos":"(845.0, 328.4163)"},"hypothesisId":"P1","location":"scripts/battle/unit/projectile.gd","message":"projectile_delay_started","runId":"aim-debug","sessionId":"ccca42","timestamp":13159}
{"data":{"attack_speed":1.2,"attack_type":1,"target_class":"CharacterBody2D","unit_id":"ally_archer"},"hypothesisId":"H4","location":"scripts/battle/unit/unit_base.gd","message":"attack_start","runId":"aim-debug","sessionId":"ccca42","timestamp":13165}
{"data":{"delay_applies":true,"initial_dir":"(0.999989, 0.004669)","initial_target_pos":"(842.5, 328.4046)","speed":700.0,"team":0,"unit_id":"ally_archer"},"hypothesisId":"P1","location":"scripts/battle/unit/projectile.gd","message":"projectile_ready_aimed","runId":"aim-debug","sessionId":"ccca42","timestamp":13172}
{"data":{"delay_s":1.75,"has_target_ref":true,"initial_target_pos":"(842.5, 328.4046)"},"hypothesisId":"P1","location":"scripts/battle/unit/projectile.gd","message":"projectile_delay_started","runId":"aim-debug","sessionId":"ccca42","timestamp":13180}
{"data":{"curr_target_pos":"(1038.0, 326.0)","curr_target_valid":true,"delta_target_dist":0.0,"initial_target_pos":"(1038.0, 326.0)","velocity":"(699.9917, -3.413945)"},"hypothesisId":"P1","location":"scripts/battle/unit/projectile.gd","message":"projectile_delay_ended","runId":"aim-debug","sessionId":"ccca42","timestamp":13239}
{"data":{"attack_speed":1.2,"attack_type":1,"target_class":"CharacterBody2D","unit_id":"ally_archer"},"hypothesisId":"H4","location":"scripts/battle/unit/unit_base.gd","message":"attack_start","runId":"aim-debug","sessionId":"ccca42","timestamp":13754}
{"data":{"delay_applies":true,"initial_dir":"(0.665384, 0.746502)","initial_target_pos":"(752.5, 327.9843)","speed":700.0,"team":0,"unit_id":"ally_archer"},"hypothesisId":"P1","location":"scripts/battle/unit/projectile.gd","message":"projectile_ready_aimed","runId":"aim-debug","sessionId":"ccca42","timestamp":13755}
{"data":{"delay_s":1.75,"has_target_ref":true,"initial_target_pos":"(752.5, 327.9843)"},"hypothesisId":"P1","location":"scripts/battle/unit/projectile.gd","message":"projectile_delay_started","runId":"aim-debug","sessionId":"ccca42","timestamp":13763}
{"data":{"attack_speed":1.2,"attack_type":1,"target_class":"CharacterBody2D","unit_id":"ally_archer"},"hypothesisId":"H4","location":"scripts/battle/unit/unit_base.gd","message":"attack_start","runId":"aim-debug","sessionId":"ccca42","timestamp":13971}
{"data":{"delay_applies":true,"initial_dir":"(0.990156, 0.139965)","initial_target_pos":"(750.5618, 327.8639)","speed":700.0,"team":0,"unit_id":"ally_archer"},"hypothesisId":"P1","location":"scripts/battle/unit/projectile.gd","message":"projectile_ready_aimed","runId":"aim-debug","sessionId":"ccca42","timestamp":13971}
{"data":{"attack_speed":1.2,"attack_type":1,"target_class":"CharacterBody2D","unit_id":"ally_archer"},"hypothesisId":"H4","location":"scripts/battle/unit/unit_base.gd","message":"attack_start","runId":"aim-debug","sessionId":"ccca42","timestamp":13979}
{"data":{"delay_applies":false,"initial_dir":"(-0.999996, -0.002815)","initial_target_pos":"(690.495, 327.6948)","speed":700.0,"team":1,"unit_id":"ally_archer"},"hypothesisId":"P1","location":"scripts/battle/unit/projectile.gd","message":"projectile_ready_aimed","runId":"aim-debug","sessionId":"ccca42","timestamp":13986}
{"data":{"delay_s":1.75,"has_target_ref":true,"initial_target_pos":"(750.5618, 327.8639)"},"hypothesisId":"P1","location":"scripts/battle/unit/projectile.gd","message":"projectile_delay_started","runId":"aim-debug","sessionId":"ccca42","timestamp":13993}
{"data":{"attack_speed":1.2,"attack_type":1,"target_class":"CharacterBody2D","unit_id":"ally_archer"},"hypothesisId":"H4","location":"scripts/battle/unit/unit_base.gd","message":"attack_start","runId":"aim-debug","sessionId":"ccca42","timestamp":14000}
{"data":{"delay_applies":true,"initial_dir":"(0.999996, 0.0027)","initial_target_pos":"(750.5618, 327.857)","speed":700.0,"team":0,"unit_id":"ally_archer"},"hypothesisId":"P1","location":"scripts/battle/unit/projectile.gd","message":"projectile_ready_aimed","runId":"aim-debug","sessionId":"ccca42","timestamp":14006}
{"data":{"delay_s":1.75,"has_target_ref":true,"initial_target_pos":"(750.5618, 327.857)"},"hypothesisId":"P1","location":"scripts/battle/unit/projectile.gd","message":"projectile_delay_started","runId":"aim-debug","sessionId":"ccca42","timestamp":14012}
{"data":{"curr_target_pos":"(750.5619, 327.8267)","curr_target_valid":true,"delta_target_dist":219.441253662109,"initial_target_pos":"(970.0, 329.0)","velocity":"(693.1399, 97.76055)"},"hypothesisId":"P1","location":"scripts/battle/unit/projectile.gd","message":"projectile_delay_ended","runId":"aim-debug","sessionId":"ccca42","timestamp":14055}
{"data":{"curr_target_pos":"(750.5619, 327.8214)","curr_target_valid":true,"delta_target_dist":216.941253662109,"initial_target_pos":"(967.5, 328.9883)","velocity":"(699.9985, 1.474488)"},"hypothesisId":"P1","location":"scripts/battle/unit/projectile.gd","message":"projectile_delay_ended","runId":"aim-debug","sessionId":"ccca42","timestamp":14085}
{"data":{"attack_speed":1.2,"attack_type":1,"target_class":"CharacterBody2D","unit_id":"ally_archer"},"hypothesisId":"H4","location":"scripts/battle/unit/unit_base.gd","message":"attack_start","runId":"aim-debug","sessionId":"ccca42","timestamp":14587}
{"data":{"delay_applies":true,"initial_dir":"(0.660053, 0.751219)","initial_target_pos":"(750.5619, 327.7976)","speed":700.0,"team":0,"unit_id":"ally_archer"},"hypothesisId":"P1","location":"scripts/battle/unit/projectile.gd","message":"projectile_ready_aimed","runId":"aim-debug","sessionId":"ccca42","timestamp":14588}
{"data":{"delay_s":1.75,"has_target_ref":true,"initial_target_pos":"(750.5619, 327.7976)"},"hypothesisId":"P1","location":"scripts/battle/unit/projectile.gd","message":"projectile_delay_started","runId":"aim-debug","sessionId":"ccca42","timestamp":14596}
{"data":{"curr_target_pos":"(0.0, 0.0)","curr_target_valid":false,"delta_target_dist":null,"initial_target_pos":"(877.5, 328.568)","velocity":"(610.1501, 343.0989)"},"hypothesisId":"P1","location":"scripts/battle/unit/projectile.gd","message":"projectile_delay_ended","runId":"aim-debug","sessionId":"ccca42","timestamp":14672}
{"data":{"attack_speed":1.2,"attack_type":1,"target_class":"Node2D","unit_id":"ally_archer"},"hypothesisId":"H4","location":"scripts/battle/unit/unit_base.gd","message":"attack_start","runId":"aim-debug","sessionId":"ccca42","timestamp":14821}
{"data":{"delay_applies":true,"initial_dir":"(0.999988, -0.004877)","initial_target_pos":"(1038.0, 326.0)","speed":700.0,"team":0,"unit_id":"ally_archer"},"hypothesisId":"P1","location":"scripts/battle/unit/projectile.gd","message":"projectile_ready_aimed","runId":"aim-debug","sessionId":"ccca42","timestamp":14821}
{"data":{"delay_s":1.75,"has_target_ref":true,"initial_target_pos":"(1038.0, 326.0)"},"hypothesisId":"P1","location":"scripts/battle/unit/projectile.gd","message":"projectile_delay_started","runId":"aim-debug","sessionId":"ccca42","timestamp":14830}
{"data":{"curr_target_pos":"(0.0, 0.0)","curr_target_valid":false,"delta_target_dist":null,"initial_target_pos":"(845.0, 328.4163)","velocity":"(697.7111, 56.56202)"},"hypothesisId":"P1","location":"scripts/battle/unit/projectile.gd","message":"projectile_delay_ended","runId":"aim-debug","sessionId":"ccca42","timestamp":14889}
{"data":{"curr_target_pos":"(0.0, 0.0)","curr_target_valid":false,"delta_target_dist":null,"initial_target_pos":"(842.5, 328.4046)","velocity":"(699.9923, 3.26843)"},"hypothesisId":"P1","location":"scripts/battle/unit/projectile.gd","message":"projectile_delay_ended","runId":"aim-debug","sessionId":"ccca42","timestamp":14908}
{"data":{"attack_speed":1.2,"attack_type":1,"target_class":"Node2D","unit_id":"ally_archer"},"hypothesisId":"H4","location":"scripts/battle/unit/unit_base.gd","message":"attack_start","runId":"aim-debug","sessionId":"ccca42","timestamp":15421}
{"data":{"delay_applies":true,"initial_dir":"(0.988679, -0.150044)","initial_target_pos":"(1038.0, 126.0)","speed":700.0,"team":0,"unit_id":"ally_archer"},"hypothesisId":"P1","location":"scripts/battle/unit/projectile.gd","message":"projectile_ready_aimed","runId":"aim-debug","sessionId":"ccca42","timestamp":15421}
{"data":{"delay_s":1.75,"has_target_ref":true,"initial_target_pos":"(1038.0, 126.0)"},"hypothesisId":"P1","location":"scripts/battle/unit/projectile.gd","message":"projectile_delay_started","runId":"aim-debug","sessionId":"ccca42","timestamp":15429}
{"data":{"curr_target_pos":"(0.0, 0.0)","curr_target_valid":false,"delta_target_dist":null,"initial_target_pos":"(752.5, 327.9843)","velocity":"(465.7686, 522.551)"},"hypothesisId":"P1","location":"scripts/battle/unit/projectile.gd","message":"projectile_delay_ended","runId":"aim-debug","sessionId":"ccca42","timestamp":15505}
{"data":{"attack_speed":1.2,"attack_type":1,"target_class":"Node2D","unit_id":"ally_archer"},"hypothesisId":"H4","location":"scripts/battle/unit/unit_base.gd","message":"attack_start","runId":"aim-debug","sessionId":"ccca42","timestamp":15654}
{"data":{"delay_applies":true,"initial_dir":"(0.999988, -0.004877)","initial_target_pos":"(1038.0, 326.0)","speed":700.0,"team":0,"unit_id":"ally_archer"},"hypothesisId":"P1","location":"scripts/battle/unit/projectile.gd","message":"projectile_ready_aimed","runId":"aim-debug","sessionId":"ccca42","timestamp":15654}
{"data":{"delay_s":1.75,"has_target_ref":true,"initial_target_pos":"(1038.0, 326.0)"},"hypothesisId":"P1","location":"scripts/battle/unit/projectile.gd","message":"projectile_delay_started","runId":"aim-debug","sessionId":"ccca42","timestamp":15662}
{"data":{"curr_target_pos":"(0.0, 0.0)","curr_target_valid":false,"delta_target_dist":null,"initial_target_pos":"(750.5618, 327.8639)","velocity":"(693.1096, 97.97538)"},"hypothesisId":"P1","location":"scripts/battle/unit/projectile.gd","message":"projectile_delay_ended","runId":"aim-debug","sessionId":"ccca42","timestamp":15722}
{"data":{"curr_target_pos":"(0.0, 0.0)","curr_target_valid":false,"delta_target_dist":null,"initial_target_pos":"(750.5618, 327.857)","velocity":"(699.9974, 1.890234)"},"hypothesisId":"P1","location":"scripts/battle/unit/projectile.gd","message":"projectile_delay_ended","runId":"aim-debug","sessionId":"ccca42","timestamp":15743}
{"data":{"allies_mult":1.0,"current_health":60,"enemy_mult":1.0,"max_health_effective":60,"stats_health":60,"team":1,"unit_id":"enemy_mage"},"hypothesisId":"H2","location":"scripts/battle/unit/unit_base.gd","message":"unit_health_emitted","runId":"aim-debug","sessionId":"ccca42","timestamp":15900}
{"data":{"allies_mult":1.0,"current_health":80,"enemy_mult":1.0,"max_health_effective":80,"stats_health":80,"team":0,"unit_id":"ally_archer"},"hypothesisId":"H2","location":"scripts/battle/unit/unit_base.gd","message":"unit_health_emitted","runId":"aim-debug","sessionId":"ccca42","timestamp":16154}
{"data":{"attack_speed":1.2,"attack_type":1,"target_class":"CharacterBody2D","unit_id":"ally_archer"},"hypothesisId":"H4","location":"scripts/battle/unit/unit_base.gd","message":"attack_start","runId":"aim-debug","sessionId":"ccca42","timestamp":16154}
{"data":{"delay_applies":true,"initial_dir":"(0.994044, 0.108979)","initial_target_pos":"(945.2246, 524.7052)","speed":700.0,"team":0,"unit_id":"ally_archer"},"hypothesisId":"P1","location":"scripts/battle/unit/projectile.gd","message":"projectile_ready_aimed","runId":"aim-debug","sessionId":"ccca42","timestamp":16161}
{"data":{"delay_s":1.75,"has_target_ref":true,"initial_target_pos":"(945.2246, 524.7052)"},"hypothesisId":"P1","location":"scripts/battle/unit/projectile.gd","message":"projectile_delay_started","runId":"aim-debug","sessionId":"ccca42","timestamp":16169}
{"data":{"attack_speed":1.2,"attack_type":1,"target_class":"Node2D","unit_id":"ally_archer"},"hypothesisId":"H4","location":"scripts/battle/unit/unit_base.gd","message":"attack_start","runId":"aim-debug","sessionId":"ccca42","timestamp":16254}
{"data":{"delay_applies":true,"initial_dir":"(0.988679, -0.150044)","initial_target_pos":"(1038.0, 126.0)","speed":700.0,"team":0,"unit_id":"ally_archer"},"hypothesisId":"P1","location":"scripts/battle/unit/projectile.gd","message":"projectile_ready_aimed","runId":"aim-debug","sessionId":"ccca42","timestamp":16255}
{"data":{"delay_s":1.75,"has_target_ref":true,"initial_target_pos":"(1038.0, 126.0)"},"hypothesisId":"P1","location":"scripts/battle/unit/projectile.gd","message":"projectile_delay_started","runId":"aim-debug","sessionId":"ccca42","timestamp":16262}
{"data":{"attack_speed":1.2,"attack_type":1,"target_class":"CharacterBody2D","unit_id":"ally_archer"},"hypothesisId":"H4","location":"scripts/battle/unit/unit_base.gd","message":"attack_start","runId":"aim-debug","sessionId":"ccca42","timestamp":16287}
{"data":{"delay_applies":true,"initial_dir":"(0.856844, 0.515576)","initial_target_pos":"(931.9707, 523.2521)","speed":700.0,"team":0,"unit_id":"ally_archer"},"hypothesisId":"P1","location":"scripts/battle/unit/projectile.gd","message":"projectile_ready_aimed","runId":"aim-debug","sessionId":"ccca42","timestamp":16288}
{"data":{"delay_s":1.75,"has_target_ref":true,"initial_target_pos":"(931.9707, 523.2521)"},"hypothesisId":"P1","location":"scripts/battle/unit/projectile.gd","message":"projectile_delay_started","runId":"aim-debug","sessionId":"ccca42","timestamp":16296}
{"data":{"curr_target_pos":"(0.0, 0.0)","curr_target_valid":false,"delta_target_dist":null,"initial_target_pos":"(750.5619, 327.7976)","velocity":"(462.0368, 525.8535)"},"hypothesisId":"P1","location":"scripts/battle/unit/projectile.gd","message":"projectile_delay_ended","runId":"aim-debug","sessionId":"ccca42","timestamp":16339}
{"data":{"attack_speed":0.8,"attack_type":1,"target_class":"CharacterBody2D","unit_id":"enemy_mage"},"hypothesisId":"H4","location":"scripts/battle/unit/unit_base.gd","message":"attack_start","runId":"aim-debug","sessionId":"ccca42","timestamp":16354}
{"data":{"delay_applies":false,"initial_dir":"(-0.994044, -0.108979)","initial_target_pos":"(627.934, 489.9199)","speed":700.0,"team":1,"unit_id":"enemy_mage"},"hypothesisId":"P1","location":"scripts/battle/unit/projectile.gd","message":"projectile_ready_aimed","runId":"aim-debug","sessionId":"ccca42","timestamp":16355}
{"data":{"attack_speed":1.2,"attack_type":1,"target_class":"CharacterBody2D","unit_id":"ally_archer"},"hypothesisId":"H4","location":"scripts/battle/unit/unit_base.gd","message":"attack_start","runId":"aim-debug","sessionId":"ccca42","timestamp":16487}
{"data":{"delay_applies":true,"initial_dir":"(0.753449, 0.657507)","initial_target_pos":"(912.0898, 521.0724)","speed":700.0,"team":0,"unit_id":"ally_archer"},"hypothesisId":"P1","location":"scripts/battle/unit/projectile.gd","message":"projectile_ready_aimed","runId":"aim-debug","sessionId":"ccca42","timestamp":16488}
{"data":{"delay_s":1.75,"has_target_ref":true,"initial_target_pos":"(912.0898, 521.0724)"},"hypothesisId":"P1","location":"scripts/battle/unit/projectile.gd","message":"projectile_delay_started","runId":"aim-debug","sessionId":"ccca42","timestamp":16497}
{"data":{"curr_target_pos":"(1038.0, 326.0)","curr_target_valid":true,"delta_target_dist":0.0,"initial_target_pos":"(1038.0, 326.0)","velocity":"(699.9917, -3.413945)"},"hypothesisId":"P1","location":"scripts/battle/unit/projectile.gd","message":"projectile_delay_ended","runId":"aim-debug","sessionId":"ccca42","timestamp":16572}
{"data":{"attack_speed":1.2,"attack_type":1,"target_class":"CharacterBody2D","unit_id":"ally_archer"},"hypothesisId":"H4","location":"scripts/battle/unit/unit_base.gd","message":"attack_start","runId":"aim-debug","sessionId":"ccca42","timestamp":16987}
{"data":{"delay_applies":true,"initial_dir":"(0.994044, 0.108978)","initial_target_pos":"(862.3877, 515.6232)","speed":700.0,"team":0,"unit_id":"ally_archer"},"hypothesisId":"P1","location":"scripts/battle/unit/projectile.gd","message":"projectile_ready_aimed","runId":"aim-debug","sessionId":"ccca42","timestamp":16988}
{"data":{"delay_s":1.75,"has_target_ref":true,"initial_target_pos":"(862.3877, 515.6232)"},"hypothesisId":"P1","location":"scripts/battle/unit/projectile.gd","message":"projectile_delay_started","runId":"aim-debug","sessionId":"ccca42","timestamp":16996}
{"data":{"attack_speed":1.2,"attack_type":1,"target_class":"CharacterBody2D","unit_id":"ally_archer"},"hypothesisId":"H4","location":"scripts/battle/unit/unit_base.gd","message":"attack_start","runId":"aim-debug","sessionId":"ccca42","timestamp":17087}
{"data":{"delay_applies":true,"initial_dir":"(0.422491, 0.906367)","initial_target_pos":"(852.4473, 514.5333)","speed":700.0,"team":0,"unit_id":"ally_archer"},"hypothesisId":"P1","location":"scripts/battle/unit/projectile.gd","message":"projectile_ready_aimed","runId":"aim-debug","sessionId":"ccca42","timestamp":17088}
{"data":{"delay_s":1.75,"has_target_ref":true,"initial_target_pos":"(852.4473, 514.5333)"},"hypothesisId":"P1","location":"scripts/battle/unit/projectile.gd","message":"projectile_delay_started","runId":"aim-debug","sessionId":"ccca42","timestamp":17096}
{"data":{"attack_speed":1.2,"attack_type":1,"target_class":"CharacterBody2D","unit_id":"ally_archer"},"hypothesisId":"H4","location":"scripts/battle/unit/unit_base.gd","message":"attack_start","runId":"aim-debug","sessionId":"ccca42","timestamp":17121}
{"data":{"delay_applies":true,"initial_dir":"(0.784763, 0.619796)","initial_target_pos":"(849.1338, 514.17)","speed":700.0,"team":0,"unit_id":"ally_archer"},"hypothesisId":"P1","location":"scripts/battle/unit/projectile.gd","message":"projectile_ready_aimed","runId":"aim-debug","sessionId":"ccca42","timestamp":17122}
{"data":{"delay_s":1.75,"has_target_ref":true,"initial_target_pos":"(849.1338, 514.17)"},"hypothesisId":"P1","location":"scripts/battle/unit/projectile.gd","message":"projectile_delay_started","runId":"aim-debug","sessionId":"ccca42","timestamp":17130}
{"data":{"curr_target_pos":"(1038.0, 126.0)","curr_target_valid":true,"delta_target_dist":0.0,"initial_target_pos":"(1038.0, 126.0)","velocity":"(692.0756, -105.0305)"},"hypothesisId":"P1","location":"scripts/battle/unit/projectile.gd","message":"projectile_delay_ended","runId":"aim-debug","sessionId":"ccca42","timestamp":17172}
{"data":{"attack_speed":1.2,"attack_type":1,"target_class":"CharacterBody2D","unit_id":"ally_archer"},"hypothesisId":"H4","location":"scripts/battle/unit/unit_base.gd","message":"attack_start","runId":"aim-debug","sessionId":"ccca42","timestamp":17321}
{"data":{"delay_applies":true,"initial_dir":"(0.601487, 0.798883)","initial_target_pos":"(829.2529, 511.9904)","speed":700.0,"team":0,"unit_id":"ally_archer"},"hypothesisId":"P1","location":"scripts/battle/unit/projectile.gd","message":"projectile_ready_aimed","runId":"aim-debug","sessionId":"ccca42","timestamp":17321}
{"data":{"delay_s":1.75,"has_target_ref":true,"initial_target_pos":"(829.2529, 511.9904)"},"hypothesisId":"P1","location":"scripts/battle/unit/projectile.gd","message":"projectile_delay_started","runId":"aim-debug","sessionId":"ccca42","timestamp":17329}
{"data":{"curr_target_pos":"(1038.0, 326.0)","curr_target_valid":true,"delta_target_dist":0.0,"initial_target_pos":"(1038.0, 326.0)","velocity":"(699.9917, -3.413945)"},"hypothesisId":"P1","location":"scripts/battle/unit/projectile.gd","message":"projectile_delay_ended","runId":"aim-debug","sessionId":"ccca42","timestamp":17405}
{"data":{"attack_speed":0.8,"attack_type":1,"target_class":"CharacterBody2D","unit_id":"enemy_mage"},"hypothesisId":"H4","location":"scripts/battle/unit/unit_base.gd","message":"attack_start","runId":"aim-debug","sessionId":"ccca42","timestamp":17604}
{"data":{"delay_applies":false,"initial_dir":"(-0.994044, -0.108975)","initial_target_pos":"(627.934, 489.9199)","speed":700.0,"team":1,"unit_id":"enemy_mage"},"hypothesisId":"P1","location":"scripts/battle/unit/projectile.gd","message":"projectile_ready_aimed","runId":"aim-debug","sessionId":"ccca42","timestamp":17605}
{"data":{"attack_speed":1.2,"attack_type":1,"target_class":"CharacterBody2D","unit_id":"ally_archer"},"hypothesisId":"H4","location":"scripts/battle/unit/unit_base.gd","message":"attack_start","runId":"aim-debug","sessionId":"ccca42","timestamp":17821}
{"data":{"delay_applies":true,"initial_dir":"(0.994044, 0.108975)","initial_target_pos":"(779.5508, 506.5414)","speed":700.0,"team":0,"unit_id":"ally_archer"},"hypothesisId":"P1","location":"scripts/battle/unit/projectile.gd","message":"projectile_ready_aimed","runId":"aim-debug","sessionId":"ccca42","timestamp":17821}
{"data":{"delay_s":1.75,"has_target_ref":true,"initial_target_pos":"(779.5508, 506.5414)"},"hypothesisId":"P1","location":"scripts/battle/unit/projectile.gd","message":"projectile_delay_started","runId":"aim-debug","sessionId":"ccca42","timestamp":17830}
{"data":{"curr_target_pos":"(769.6104, 505.4516)","curr_target_valid":true,"delta_target_dist":176.666549682617,"initial_target_pos":"(945.2246, 524.7052)","velocity":"(695.8311, 76.28262)"},"hypothesisId":"P1","location":"scripts/battle/unit/projectile.gd","message":"projectile_delay_ended","runId":"aim-debug","sessionId":"ccca42","timestamp":17905}
{"data":{"attack_speed":1.2,"attack_type":1,"target_class":"CharacterBody2D","unit_id":"ally_archer"},"hypothesisId":"H4","location":"scripts/battle/unit/unit_base.gd","message":"attack_start","runId":"aim-debug","sessionId":"ccca42","timestamp":17921}
{"data":{"delay_applies":true,"initial_dir":"(0.195388, 0.980726)","initial_target_pos":"(769.6104, 505.4516)","speed":700.0,"team":0,"unit_id":"ally_archer"},"hypothesisId":"P1","location":"scripts/battle/unit/projectile.gd","message":"projectile_ready_aimed","runId":"aim-debug","sessionId":"ccca42","timestamp":17921}
{"data":{"delay_s":1.75,"has_target_ref":true,"initial_target_pos":"(769.6104, 505.4516)"},"hypothesisId":"P1","location":"scripts/battle/unit/projectile.gd","message":"projectile_delay_started","runId":"aim-debug","sessionId":"ccca42","timestamp":17929}
{"data":{"attack_speed":1.2,"attack_type":1,"target_class":"CharacterBody2D","unit_id":"ally_archer"},"hypothesisId":"H4","location":"scripts/battle/unit/unit_base.gd","message":"attack_start","runId":"aim-debug","sessionId":"ccca42","timestamp":17954}
{"data":{"delay_applies":true,"initial_dir":"(0.636871, 0.770971)","initial_target_pos":"(766.2969, 505.0883)","speed":700.0,"team":0,"unit_id":"ally_archer"},"hypothesisId":"P1","location":"scripts/battle/unit/projectile.gd","message":"projectile_ready_aimed","runId":"aim-debug","sessionId":"ccca42","timestamp":17955}
{"data":{"delay_s":1.75,"has_target_ref":true,"initial_target_pos":"(766.2969, 505.0883)"},"hypothesisId":"P1","location":"scripts/battle/unit/projectile.gd","message":"projectile_delay_started","runId":"aim-debug","sessionId":"ccca42","timestamp":17962}
{"data":{"curr_target_pos":"(1038.0, 126.0)","curr_target_valid":true,"delta_target_dist":0.0,"initial_target_pos":"(1038.0, 126.0)","velocity":"(692.0756, -105.0305)"},"hypothesisId":"P1","location":"scripts/battle/unit/projectile.gd","message":"projectile_delay_ended","runId":"aim-debug","sessionId":"ccca42","timestamp":18005}
{"data":{"curr_target_pos":"(758.0132, 504.1802)","curr_target_valid":true,"delta_target_dist":174.999862670898,"initial_target_pos":"(931.9707, 523.2521)","velocity":"(430.2905, 552.1323)"},"hypothesisId":"P1","location":"scripts/battle/unit/projectile.gd","message":"projectile_delay_ended","runId":"aim-debug","sessionId":"ccca42","timestamp":18039}
{"data":{"attack_speed":1.2,"attack_type":1,"target_class":"CharacterBody2D","unit_id":"ally_archer"},"hypothesisId":"H4","location":"scripts/battle/unit/unit_base.gd","message":"attack_start","runId":"aim-debug","sessionId":"ccca42","timestamp":18154}
{"data":{"delay_applies":true,"initial_dir":"(0.357315, 0.933984)","initial_target_pos":"(758.0132, 504.1802)","speed":700.0,"team":0,"unit_id":"ally_archer"},"hypothesisId":"P1","location":"scripts/battle/unit/projectile.gd","message":"projectile_ready_aimed","runId":"aim-debug","sessionId":"ccca42","timestamp":18155}
{"data":{"delay_s":1.75,"has_target_ref":true,"initial_target_pos":"(758.0132, 504.1802)"},"hypothesisId":"P1","location":"scripts/battle/unit/projectile.gd","message":"projectile_delay_started","runId":"aim-debug","sessionId":"ccca42","timestamp":18163}
{"data":{"curr_target_pos":"(758.0132, 504.1802)","curr_target_valid":true,"delta_target_dist":154.999877929688,"initial_target_pos":"(912.0898, 521.0724)","velocity":"(250.1205, 653.7887)"},"hypothesisId":"P1","location":"scripts/battle/unit/projectile.gd","message":"projectile_delay_ended","runId":"aim-debug","sessionId":"ccca42","timestamp":18239}
{"data":{"curr_target_pos":"(0.0, 0.0)","curr_target_valid":false,"delta_target_dist":null,"initial_target_pos":"(862.3877, 515.6232)","velocity":"(695.8309, 76.28429)"},"hypothesisId":"P1","location":"scripts/battle/unit/projectile.gd","message":"projectile_delay_ended","runId":"aim-debug","sessionId":"ccca42","timestamp":18739}
{"data":{"attack_speed":1.2,"attack_type":1,"target_class":"Node2D","unit_id":"ally_archer"},"hypothesisId":"H4","location":"scripts/battle/unit/unit_base.gd","message":"attack_start","runId":"aim-debug","sessionId":"ccca42","timestamp":18754}
{"data":{"delay_applies":true,"initial_dir":"(0.96788, -0.251411)","initial_target_pos":"(1038.0, 126.0)","speed":700.0,"team":0,"unit_id":"ally_archer"},"hypothesisId":"P1","location":"scripts/battle/unit/projectile.gd","message":"projectile_ready_aimed","runId":"aim-debug","sessionId":"ccca42","timestamp":18754}
{"data":{"delay_s":1.75,"has_target_ref":true,"initial_target_pos":"(1038.0, 126.0)"},"hypothesisId":"P1","location":"scripts/battle/unit/projectile.gd","message":"projectile_delay_started","runId":"aim-debug","sessionId":"ccca42","timestamp":18762}
{"data":{"curr_target_pos":"(0.0, 0.0)","curr_target_valid":false,"delta_target_dist":null,"initial_target_pos":"(852.4473, 514.5333)","velocity":"(295.7435, 634.4571)"},"hypothesisId":"P1","location":"scripts/battle/unit/projectile.gd","message":"projectile_delay_ended","runId":"aim-debug","sessionId":"ccca42","timestamp":18839}
{"data":{"curr_target_pos":"(0.0, 0.0)","curr_target_valid":false,"delta_target_dist":null,"initial_target_pos":"(849.1338, 514.17)","velocity":"(549.3343, 433.8568)"},"hypothesisId":"P1","location":"scripts/battle/unit/projectile.gd","message":"projectile_delay_ended","runId":"aim-debug","sessionId":"ccca42","timestamp":18873}
{"data":{"attack_speed":1.2,"attack_type":1,"target_class":"Node2D","unit_id":"ally_archer"},"hypothesisId":"H4","location":"scripts/battle/unit/unit_base.gd","message":"attack_start","runId":"aim-debug","sessionId":"ccca42","timestamp":18955}
{"data":{"delay_applies":true,"initial_dir":"(0.99714, 0.075577)","initial_target_pos":"(1038.0, 521.0)","speed":700.0,"team":0,"unit_id":"ally_archer"},"hypothesisId":"P1","location":"scripts/battle/unit/projectile.gd","message":"projectile_ready_aimed","runId":"aim-debug","sessionId":"ccca42","timestamp":18955}
{"data":{"delay_s":1.75,"has_target_ref":true,"initial_target_pos":"(1038.0, 521.0)"},"hypothesisId":"P1","location":"scripts/battle/unit/projectile.gd","message":"projectile_delay_started","runId":"aim-debug","sessionId":"ccca42","timestamp":18964}
{"data":{"attack_speed":1.2,"attack_type":1,"target_class":"Node2D","unit_id":"ally_archer"},"hypothesisId":"H4","location":"scripts/battle/unit/unit_base.gd","message":"attack_start","runId":"aim-debug","sessionId":"ccca42","timestamp":18987}
{"data":{"delay_applies":true,"initial_dir":"(0.999988, -0.004877)","initial_target_pos":"(1038.0, 326.0)","speed":700.0,"team":0,"unit_id":"ally_archer"},"hypothesisId":"P1","location":"scripts/battle/unit/projectile.gd","message":"projectile_ready_aimed","runId":"aim-debug","sessionId":"ccca42","timestamp":18988}
{"data":{"delay_s":1.75,"has_target_ref":true,"initial_target_pos":"(1038.0, 326.0)"},"hypothesisId":"P1","location":"scripts/battle/unit/projectile.gd","message":"projectile_delay_started","runId":"aim-debug","sessionId":"ccca42","timestamp":18996}
{"data":{"curr_target_pos":"(0.0, 0.0)","curr_target_valid":false,"delta_target_dist":null,"initial_target_pos":"(829.2529, 511.9904)","velocity":"(421.0407, 559.218)"},"hypothesisId":"P1","location":"scripts/battle/unit/projectile.gd","message":"projectile_delay_ended","runId":"aim-debug","sessionId":"ccca42","timestamp":19073}
{"data":{"curr_target_pos":"(0.0, 0.0)","curr_target_valid":false,"delta_target_dist":null,"initial_target_pos":"(779.5508, 506.5414)","velocity":"(695.8311, 76.28262)"},"hypothesisId":"P1","location":"scripts/battle/unit/projectile.gd","message":"projectile_delay_ended","runId":"aim-debug","sessionId":"ccca42","timestamp":19572}
{"data":{"attack_speed":1.2,"attack_type":1,"target_class":"Node2D","unit_id":"ally_archer"},"hypothesisId":"H4","location":"scripts/battle/unit/unit_base.gd","message":"attack_start","runId":"aim-debug","sessionId":"ccca42","timestamp":19588}
{"data":{"delay_applies":true,"initial_dir":"(0.96788, -0.251411)","initial_target_pos":"(1038.0, 126.0)","speed":700.0,"team":0,"unit_id":"ally_archer"},"hypothesisId":"P1","location":"scripts/battle/unit/projectile.gd","message":"projectile_ready_aimed","runId":"aim-debug","sessionId":"ccca42","timestamp":19588}
{"data":{"delay_s":1.75,"has_target_ref":true,"initial_target_pos":"(1038.0, 126.0)"},"hypothesisId":"P1","location":"scripts/battle/unit/projectile.gd","message":"projectile_delay_started","runId":"aim-debug","sessionId":"ccca42","timestamp":19596}
{"data":{"curr_target_pos":"(0.0, 0.0)","curr_target_valid":false,"delta_target_dist":null,"initial_target_pos":"(769.6104, 505.4516)","velocity":"(136.7714, 686.5083)"},"hypothesisId":"P1","location":"scripts/battle/unit/projectile.gd","message":"projectile_delay_ended","runId":"aim-debug","sessionId":"ccca42","timestamp":19672}
{"data":{"curr_target_pos":"(0.0, 0.0)","curr_target_valid":false,"delta_target_dist":null,"initial_target_pos":"(766.2969, 505.0883)","velocity":"(445.8094, 539.6796)"},"hypothesisId":"P1","location":"scripts/battle/unit/projectile.gd","message":"projectile_delay_ended","runId":"aim-debug","sessionId":"ccca42","timestamp":19705}
{"data":{"attack_speed":1.2,"attack_type":1,"target_class":"Node2D","unit_id":"ally_archer"},"hypothesisId":"H4","location":"scripts/battle/unit/unit_base.gd","message":"attack_start","runId":"aim-debug","sessionId":"ccca42","timestamp":19787}
{"data":{"delay_applies":true,"initial_dir":"(0.99714, 0.075577)","initial_target_pos":"(1038.0, 521.0)","speed":700.0,"team":0,"unit_id":"ally_archer"},"hypothesisId":"P1","location":"scripts/battle/unit/projectile.gd","message":"projectile_ready_aimed","runId":"aim-debug","sessionId":"ccca42","timestamp":19788}
{"data":{"delay_s":1.75,"has_target_ref":true,"initial_target_pos":"(1038.0, 521.0)"},"hypothesisId":"P1","location":"scripts/battle/unit/projectile.gd","message":"projectile_delay_started","runId":"aim-debug","sessionId":"ccca42","timestamp":19796}
{"data":{"attack_speed":1.2,"attack_type":1,"target_class":"Node2D","unit_id":"ally_archer"},"hypothesisId":"H4","location":"scripts/battle/unit/unit_base.gd","message":"attack_start","runId":"aim-debug","sessionId":"ccca42","timestamp":19821}
{"data":{"delay_applies":true,"initial_dir":"(0.999988, -0.004877)","initial_target_pos":"(1038.0, 326.0)","speed":700.0,"team":0,"unit_id":"ally_archer"},"hypothesisId":"P1","location":"scripts/battle/unit/projectile.gd","message":"projectile_ready_aimed","runId":"aim-debug","sessionId":"ccca42","timestamp":19822}
{"data":{"delay_s":1.75,"has_target_ref":true,"initial_target_pos":"(1038.0, 326.0)"},"hypothesisId":"P1","location":"scripts/battle/unit/projectile.gd","message":"projectile_delay_started","runId":"aim-debug","sessionId":"ccca42","timestamp":19830}
{"data":{"allies_mult":1.0,"current_health":200,"enemy_mult":1.0,"max_health_effective":200,"stats_health":200,"team":1,"unit_id":"ally_warrior"},"hypothesisId":"H2","location":"scripts/battle/unit/unit_base.gd","message":"unit_health_emitted","runId":"aim-debug","sessionId":"ccca42","timestamp":19898}
{"data":{"attack_speed":1.2,"attack_type":1,"target_class":"CharacterBody2D","unit_id":"ally_archer"},"hypothesisId":"H4","location":"scripts/battle/unit/unit_base.gd","message":"attack_start","runId":"aim-debug","sessionId":"ccca42","timestamp":19904}
{"data":{"delay_applies":true,"initial_dir":"(0.999699, -0.024526)","initial_target_pos":"(970.0, 329.0)","speed":700.0,"team":0,"unit_id":"ally_archer"},"hypothesisId":"P1","location":"scripts/battle/unit/projectile.gd","message":"projectile_ready_aimed","runId":"aim-debug","sessionId":"ccca42","timestamp":19907}
{"data":{"delay_s":1.75,"has_target_ref":true,"initial_target_pos":"(970.0, 329.0)"},"hypothesisId":"P1","location":"scripts/battle/unit/projectile.gd","message":"projectile_delay_started","runId":"aim-debug","sessionId":"ccca42","timestamp":19914}
{"data":{"curr_target_pos":"(0.0, 0.0)","curr_target_valid":false,"delta_target_dist":null,"initial_target_pos":"(758.0132, 504.1802)","velocity":"(250.1205, 653.7887)"},"hypothesisId":"P1","location":"scripts/battle/unit/projectile.gd","message":"projectile_delay_ended","runId":"aim-debug","sessionId":"ccca42","timestamp":19923}
{"data":{"attack_speed":1.2,"attack_type":1,"target_class":"CharacterBody2D","unit_id":"ally_archer"},"hypothesisId":"H4","location":"scripts/battle/unit/unit_base.gd","message":"attack_start","runId":"aim-debug","sessionId":"ccca42","timestamp":20421}
{"data":{"delay_applies":true,"initial_dir":"(0.85835, 0.513065)","initial_target_pos":"(908.0, 328.7459)","speed":700.0,"team":0,"unit_id":"ally_archer"},"hypothesisId":"P1","location":"scripts/battle/unit/projectile.gd","message":"projectile_ready_aimed","runId":"aim-debug","sessionId":"ccca42","timestamp":20422}
{"data":{"delay_s":1.75,"has_target_ref":true,"initial_target_pos":"(908.0, 328.7459)"},"hypothesisId":"P1","location":"scripts/battle/unit/projectile.gd","message":"projectile_delay_started","runId":"aim-debug","sessionId":"ccca42","timestamp":20431}
{"data":{"curr_target_pos":"(1038.0, 126.0)","curr_target_valid":true,"delta_target_dist":0.0,"initial_target_pos":"(1038.0, 126.0)","velocity":"(677.5164, -175.9874)"},"hypothesisId":"P1","location":"scripts/battle/unit/projectile.gd","message":"projectile_delay_ended","runId":"aim-debug","sessionId":"ccca42","timestamp":20513}
{"data":{"attack_speed":1.2,"attack_type":1,"target_class":"CharacterBody2D","unit_id":"ally_archer"},"hypothesisId":"H4","location":"scripts/battle/unit/unit_base.gd","message":"attack_start","runId":"aim-debug","sessionId":"ccca42","timestamp":20621}
{"data":{"delay_applies":true,"initial_dir":"(0.75936, -0.650671)","initial_target_pos":"(884.0, 328.6298)","speed":700.0,"team":0,"unit_id":"ally_archer"},"hypothesisId":"P1","location":"scripts/battle/unit/projectile.gd","message":"projectile_ready_aimed","runId":"aim-debug","sessionId":"ccca42","timestamp":20621}
{"data":{"delay_s":1.75,"has_target_ref":true,"initial_target_pos":"(884.0, 328.6298)"},"hypothesisId":"P1","location":"scripts/battle/unit/projectile.gd","message":"projectile_delay_started","runId":"aim-debug","sessionId":"ccca42","timestamp":20630}
{"data":{"attack_speed":1.2,"attack_type":1,"target_class":"CharacterBody2D","unit_id":"ally_archer"},"hypothesisId":"H4","location":"scripts/battle/unit/unit_base.gd","message":"attack_start","runId":"aim-debug","sessionId":"ccca42","timestamp":20654}
{"data":{"delay_applies":true,"initial_dir":"(0.999988, 0.004832)","initial_target_pos":"(880.0, 328.6104)","speed":700.0,"team":0,"unit_id":"ally_archer"},"hypothesisId":"P1","location":"scripts/battle/unit/projectile.gd","message":"projectile_ready_aimed","runId":"aim-debug","sessionId":"ccca42","timestamp":20654}
{"data":{"delay_s":1.75,"has_target_ref":true,"initial_target_pos":"(880.0, 328.6104)"},"hypothesisId":"P1","location":"scripts/battle/unit/projectile.gd","message":"projectile_delay_started","runId":"aim-debug","sessionId":"ccca42","timestamp":20662}
{"data":{"curr_target_pos":"(1038.0, 521.0)","curr_target_valid":true,"delta_target_dist":0.0,"initial_target_pos":"(1038.0, 521.0)","velocity":"(697.998, 52.90365)"},"hypothesisId":"P1","location":"scripts/battle/unit/projectile.gd","message":"projectile_delay_ended","runId":"aim-debug","sessionId":"ccca42","timestamp":20698}
{"data":{"attack_speed":1.2,"attack_type":1,"target_class":"CharacterBody2D","unit_id":"ally_archer"},"hypothesisId":"H4","location":"scripts/battle/unit/unit_base.gd","message":"attack_start","runId":"aim-debug","sessionId":"ccca42","timestamp":20737}
{"data":{"delay_applies":true,"initial_dir":"(0.999329, -0.036617)","initial_target_pos":"(870.0, 328.5621)","speed":700.0,"team":0,"unit_id":"ally_archer"},"hypothesisId":"P1","location":"scripts/battle/unit/projectile.gd","message":"projectile_ready_aimed","runId":"aim-debug","sessionId":"ccca42","timestamp":20738}
{"data":{"delay_s":1.75,"has_target_ref":true,"initial_target_pos":"(870.0, 328.5621)"},"hypothesisId":"P1","location":"scripts/battle/unit/projectile.gd","message":"projectile_delay_started","runId":"aim-debug","sessionId":"ccca42","timestamp":20746}
{"data":{"curr_target_pos":"(1038.0, 326.0)","curr_target_valid":true,"delta_target_dist":0.0,"initial_target_pos":"(1038.0, 326.0)","velocity":"(699.9917, -3.413945)"},"hypothesisId":"P1","location":"scripts/battle/unit/projectile.gd","message":"projectile_delay_ended","runId":"aim-debug","sessionId":"ccca42","timestamp":20755}
{"data":{"attack_speed":1.2,"attack_type":1,"target_class":"CharacterBody2D","unit_id":"ally_archer"},"hypothesisId":"H4","location":"scripts/battle/unit/unit_base.gd","message":"attack_start","runId":"aim-debug","sessionId":"ccca42","timestamp":21255}
{"data":{"delay_applies":true,"initial_dir":"(0.637489, 0.770459)","initial_target_pos":"(808.0, 328.2623)","speed":700.0,"team":0,"unit_id":"ally_archer"},"hypothesisId":"P1","location":"scripts/battle/unit/projectile.gd","message":"projectile_ready_aimed","runId":"aim-debug","sessionId":"ccca42","timestamp":21255}
{"data":{"delay_s":1.75,"has_target_ref":true,"initial_target_pos":"(808.0, 328.2623)"},"hypothesisId":"P1","location":"scripts/battle/unit/projectile.gd","message":"projectile_delay_started","runId":"aim-debug","sessionId":"ccca42","timestamp":21265}
{"data":{"curr_target_pos":"(1038.0, 126.0)","curr_target_valid":true,"delta_target_dist":0.0,"initial_target_pos":"(1038.0, 126.0)","velocity":"(677.5164, -175.9874)"},"hypothesisId":"P1","location":"scripts/battle/unit/projectile.gd","message":"projectile_delay_ended","runId":"aim-debug","sessionId":"ccca42","timestamp":21339}
{"data":{"attack_speed":1.0,"attack_type":0,"target_class":"CharacterBody2D","unit_id":"ally_warrior"},"hypothesisId":"H4","location":"scripts/battle/unit/unit_base.gd","message":"attack_start","runId":"aim-debug","sessionId":"ccca42","timestamp":21404}
{"data":{"attack_speed":1.2,"attack_type":1,"target_class":"CharacterBody2D","unit_id":"ally_archer"},"hypothesisId":"H4","location":"scripts/battle/unit/unit_base.gd","message":"attack_start","runId":"aim-debug","sessionId":"ccca42","timestamp":21454}
{"data":{"delay_applies":true,"initial_dir":"(0.490619, -0.871374)","initial_target_pos":"(784.0, 328.1464)","speed":700.0,"team":0,"unit_id":"ally_archer"},"hypothesisId":"P1","location":"scripts/battle/unit/projectile.gd","message":"projectile_ready_aimed","runId":"aim-debug","sessionId":"ccca42","timestamp":21455}
{"data":{"delay_s":1.75,"has_target_ref":true,"initial_target_pos":"(784.0, 328.1464)"},"hypothesisId":"P1","location":"scripts/battle/unit/projectile.gd","message":"projectile_delay_started","runId":"aim-debug","sessionId":"ccca42","timestamp":21463}
{"data":{"curr_target_pos":"(1038.0, 521.0)","curr_target_valid":true,"delta_target_dist":0.0,"initial_target_pos":"(1038.0, 521.0)","velocity":"(697.998, 52.90365)"},"hypothesisId":"P1","location":"scripts/battle/unit/projectile.gd","message":"projectile_delay_ended","runId":"aim-debug","sessionId":"ccca42","timestamp":21539}
{"data":{"attack_speed":1.2,"attack_type":1,"target_class":"CharacterBody2D","unit_id":"ally_archer"},"hypothesisId":"H4","location":"scripts/battle/unit/unit_base.gd","message":"attack_start","runId":"aim-debug","sessionId":"ccca42","timestamp":21571}
{"data":{"delay_applies":true,"initial_dir":"(0.997795, -0.066376)","initial_target_pos":"(770.0, 328.0788)","speed":700.0,"team":0,"unit_id":"ally_archer"},"hypothesisId":"P1","location":"scripts/battle/unit/projectile.gd","message":"projectile_ready_aimed","runId":"aim-debug","sessionId":"ccca42","timestamp":21571}
{"data":{"delay_s":1.75,"has_target_ref":true,"initial_target_pos":"(770.0, 328.0788)"},"hypothesisId":"P1","location":"scripts/battle/unit/projectile.gd","message":"projectile_delay_started","runId":"aim-debug","sessionId":"ccca42","timestamp":21580}
{"data":{"curr_target_pos":"(1038.0, 326.0)","curr_target_valid":true,"delta_target_dist":0.0,"initial_target_pos":"(1038.0, 326.0)","velocity":"(699.9917, -3.413945)"},"hypothesisId":"P1","location":"scripts/battle/unit/projectile.gd","message":"projectile_delay_ended","runId":"aim-debug","sessionId":"ccca42","timestamp":21588}
{"data":{"curr_target_pos":"(758.0, 328.0208)","curr_target_valid":true,"delta_target_dist":212.002258300781,"initial_target_pos":"(970.0, 329.0)","velocity":"(698.1283, -51.15571)"},"hypothesisId":"P1","location":"scripts/battle/unit/projectile.gd","message":"projectile_delay_ended","runId":"aim-debug","sessionId":"ccca42","timestamp":21655}
{"data":{"allies_mult":1.0,"current_health":80,"enemy_mult":1.0,"max_health_effective":80,"stats_health":80,"team":0,"unit_id":"ally_archer"},"hypothesisId":"H2","location":"scripts/battle/unit/unit_base.gd","message":"unit_health_emitted","runId":"aim-debug","sessionId":"ccca42","timestamp":21935}
{"data":{"attack_speed":1.2,"attack_type":1,"target_class":"CharacterBody2D","unit_id":"ally_archer"},"hypothesisId":"H4","location":"scripts/battle/unit/unit_base.gd","message":"attack_start","runId":"aim-debug","sessionId":"ccca42","timestamp":21937}
{"data":{"delay_applies":true,"initial_dir":"(0.988632, -0.150354)","initial_target_pos":"(746.5734, 328.2164)","speed":700.0,"team":0,"unit_id":"ally_archer"},"hypothesisId":"P1","location":"scripts/battle/unit/projectile.gd","message":"projectile_ready_aimed","runId":"aim-debug","sessionId":"ccca42","timestamp":21943}
{"data":{"delay_s":1.75,"has_target_ref":true,"initial_target_pos":"(746.5734, 328.2164)"},"hypothesisId":"P1","location":"scripts/battle/unit/projectile.gd","message":"projectile_delay_started","runId":"aim-debug","sessionId":"ccca42","timestamp":21951}
{"data":{"attack_speed":1.2,"attack_type":1,"target_class":"CharacterBody2D","unit_id":"ally_archer"},"hypothesisId":"H4","location":"scripts/battle/unit/unit_base.gd","message":"attack_start","runId":"aim-debug","sessionId":"ccca42","timestamp":22088}
{"data":{"delay_applies":true,"initial_dir":"(0.147435, 0.989072)","initial_target_pos":"(728.6289, 329.6312)","speed":700.0,"team":0,"unit_id":"ally_archer"},"hypothesisId":"P1","location":"scripts/battle/unit/projectile.gd","message":"projectile_ready_aimed","runId":"aim-debug","sessionId":"ccca42","timestamp":22088}
{"data":{"delay_s":1.75,"has_target_ref":true,"initial_target_pos":"(728.6289, 329.6312)"},"hypothesisId":"P1","location":"scripts/battle/unit/projectile.gd","message":"projectile_delay_started","runId":"aim-debug","sessionId":"ccca42","timestamp":22096}
{"data":{"curr_target_pos":"(716.6659, 330.5744)","curr_target_valid":true,"delta_target_dist":191.342849731445,"initial_target_pos":"(908.0, 328.7459)","velocity":"(33.4773, 699.199)"},"hypothesisId":"P1","location":"scripts/battle/unit/projectile.gd","message":"projectile_delay_ended","runId":"aim-debug","sessionId":"ccca42","timestamp":22172}
{"data":{"attack_speed":1.2,"attack_type":1,"target_class":"CharacterBody2D","unit_id":"ally_archer"},"hypothesisId":"H4","location":"scripts/battle/unit/unit_base.gd","message":"attack_start","runId":"aim-debug","sessionId":"ccca42","timestamp":22287}
{"data":{"delay_applies":true,"initial_dir":"(0.088221, -0.996101)","initial_target_pos":"(704.7029, 331.5175)","speed":700.0,"team":0,"unit_id":"ally_archer"},"hypothesisId":"P1","location":"scripts/battle/unit/projectile.gd","message":"projectile_ready_aimed","runId":"aim-debug","sessionId":"ccca42","timestamp":22288}
{"data":{"delay_s":1.75,"has_target_ref":true,"initial_target_pos":"(704.7029, 331.5175)"},"hypothesisId":"P1","location":"scripts/battle/unit/projectile.gd","message":"projectile_delay_started","runId":"aim-debug","sessionId":"ccca42","timestamp":22296}
{"data":{"allies_mult":1.0,"current_health":80,"enemy_mult":1.0,"max_health_effective":80,"stats_health":80,"team":1,"unit_id":"enemy_archer"},"hypothesisId":"H2","location":"scripts/battle/unit/unit_base.gd","message":"unit_health_emitted","runId":"aim-debug","sessionId":"ccca42","timestamp":22307}
{"data":{"attack_speed":1.2,"attack_type":1,"target_class":"CharacterBody2D","unit_id":"enemy_archer"},"hypothesisId":"H4","location":"scripts/battle/unit/unit_base.gd","message":"attack_start","runId":"aim-debug","sessionId":"ccca42","timestamp":22312}
{"data":{"delay_applies":false,"initial_dir":"(-0.909983, -0.414645)","initial_target_pos":"(710.9386, 210.9554)","speed":700.0,"team":1,"unit_id":"enemy_archer"},"hypothesisId":"P1","location":"scripts/battle/unit/projectile.gd","message":"projectile_ready_aimed","runId":"aim-debug","sessionId":"ccca42","timestamp":22318}
{"data":{"curr_target_pos":"(692.7399, 332.4607)","curr_target_valid":true,"delta_target_dist":191.298492431641,"initial_target_pos":"(884.0, 328.6298)","velocity":"(10.72188, -699.9179)"},"hypothesisId":"P1","location":"scripts/battle/unit/projectile.gd","message":"projectile_delay_ended","runId":"aim-debug","sessionId":"ccca42","timestamp":22372}
{"data":{"attack_speed":1.2,"attack_type":1,"target_class":"CharacterBody2D","unit_id":"ally_archer"},"hypothesisId":"H4","location":"scripts/battle/unit/unit_base.gd","message":"attack_start","runId":"aim-debug","sessionId":"ccca42","timestamp":22404}
{"data":{"delay_applies":true,"initial_dir":"(0.996935, -0.07823)","initial_target_pos":"(691.0855, 332.6129)","speed":700.0,"team":0,"unit_id":"ally_archer"},"hypothesisId":"P1","location":"scripts/battle/unit/projectile.gd","message":"projectile_ready_aimed","runId":"aim-debug","sessionId":"ccca42","timestamp":22405}
{"data":{"attack_speed":1.0,"attack_type":0,"target_class":"CharacterBody2D","unit_id":"ally_warrior"},"hypothesisId":"H4","location":"scripts/battle/unit/unit_base.gd","message":"attack_start","runId":"aim-debug","sessionId":"ccca42","timestamp":22413}
{"data":{"delay_s":1.75,"has_target_ref":true,"initial_target_pos":"(691.0855, 332.6129)"},"hypothesisId":"P1","location":"scripts/battle/unit/projectile.gd","message":"projectile_delay_started","runId":"aim-debug","sessionId":"ccca42","timestamp":22420}
{"data":{"curr_target_pos":"(691.1448, 333.4475)","curr_target_valid":true,"delta_target_dist":178.921875,"initial_target_pos":"(870.0, 328.5621)","velocity":"(698.5498, -45.03588)"},"hypothesisId":"P1","location":"scripts/battle/unit/projectile.gd","message":"projectile_delay_ended","runId":"aim-debug","sessionId":"ccca42","timestamp":22489}
{"data":{"attack_speed":1.2,"attack_type":1,"target_class":"CharacterBody2D","unit_id":"ally_archer"},"hypothesisId":"H4","location":"scripts/battle/unit/unit_base.gd","message":"attack_start","runId":"aim-debug","sessionId":"ccca42","timestamp":22771}
{"data":{"delay_applies":true,"initial_dir":"(0.986774, -0.162102)","initial_target_pos":"(691.2255, 335.0208)","speed":700.0,"team":0,"unit_id":"ally_archer"},"hypothesisId":"P1","location":"scripts/battle/unit/projectile.gd","message":"projectile_ready_aimed","runId":"aim-debug","sessionId":"ccca42","timestamp":22771}
{"data":{"delay_s":1.75,"has_target_ref":true,"initial_target_pos":"(691.2255, 335.0208)"},"hypothesisId":"P1","location":"scripts/battle/unit/projectile.gd","message":"projectile_delay_started","runId":"aim-debug","sessionId":"ccca42","timestamp":22780}
{"data":{"attack_speed":1.2,"attack_type":1,"target_class":"CharacterBody2D","unit_id":"ally_archer"},"hypothesisId":"H4","location":"scripts/battle/unit/unit_base.gd","message":"attack_start","runId":"aim-debug","sessionId":"ccca42","timestamp":22921}
{"data":{"delay_applies":true,"initial_dir":"(-0.156056, 0.987748)","initial_target_pos":"(691.2449, 335.6053)","speed":700.0,"team":0,"unit_id":"ally_archer"},"hypothesisId":"P1","location":"scripts/battle/unit/projectile.gd","message":"projectile_ready_aimed","runId":"aim-debug","sessionId":"ccca42","timestamp":22921}
{"data":{"delay_s":1.75,"has_target_ref":true,"initial_target_pos":"(691.2449, 335.6053)"},"hypothesisId":"P1","location":"scripts/battle/unit/projectile.gd","message":"projectile_delay_started","runId":"aim-debug","sessionId":"ccca42","timestamp":22929}
{"data":{"curr_target_pos":"(691.2528, 335.9097)","curr_target_valid":true,"delta_target_dist":116.997398376465,"initial_target_pos":"(808.0, 328.2623)","velocity":"(-108.9371, 691.4714)"},"hypothesisId":"P1","location":"scripts/battle/unit/projectile.gd","message":"projectile_delay_ended","runId":"aim-debug","sessionId":"ccca42","timestamp":23006}
{"data":{"attack_speed":1.2,"attack_type":1,"target_class":"CharacterBody2D","unit_id":"ally_archer"},"hypothesisId":"H4","location":"scripts/battle/unit/unit_base.gd","message":"attack_start","runId":"aim-debug","sessionId":"ccca42","timestamp":23121}
{"data":{"delay_applies":true,"initial_dir":"(0.006326, -0.99998)","initial_target_pos":"(691.2581, 336.1599)","speed":700.0,"team":0,"unit_id":"ally_archer"},"hypothesisId":"P1","location":"scripts/battle/unit/projectile.gd","message":"projectile_ready_aimed","runId":"aim-debug","sessionId":"ccca42","timestamp":23121}
{"data":{"delay_s":1.75,"has_target_ref":true,"initial_target_pos":"(691.2581, 336.1599)"},"hypothesisId":"P1","location":"scripts/battle/unit/projectile.gd","message":"projectile_delay_started","runId":"aim-debug","sessionId":"ccca42","timestamp":23131}
{"data":{"attack_speed":1.2,"attack_type":1,"target_class":"CharacterBody2D","unit_id":"enemy_archer"},"hypothesisId":"H4","location":"scripts/battle/unit/unit_base.gd","message":"attack_start","runId":"aim-debug","sessionId":"ccca42","timestamp":23144}
{"data":{"delay_applies":false,"initial_dir":"(-0.909984, -0.414644)","initial_target_pos":"(710.9386, 210.9554)","speed":700.0,"team":1,"unit_id":"enemy_archer"},"hypothesisId":"P1","location":"scripts/battle/unit/projectile.gd","message":"projectile_ready_aimed","runId":"aim-debug","sessionId":"ccca42","timestamp":23147}
{"data":{"curr_target_pos":"(691.2618, 336.3654)","curr_target_valid":true,"delta_target_dist":93.1017227172852,"initial_target_pos":"(784.0, 328.1464)","velocity":"(4.450586, -699.9858)"},"hypothesisId":"P1","location":"scripts/battle/unit/projectile.gd","message":"projectile_delay_ended","runId":"aim-debug","sessionId":"ccca42","timestamp":23205}
{"data":{"attack_speed":1.2,"attack_type":1,"target_class":"CharacterBody2D","unit_id":"ally_archer"},"hypothesisId":"H4","location":"scripts/battle/unit/unit_base.gd","message":"attack_start","runId":"aim-debug","sessionId":"ccca42","timestamp":23237}
{"data":{"delay_applies":true,"initial_dir":"(0.999884, -0.015251)","initial_target_pos":"(691.2622, 336.3959)","speed":700.0,"team":0,"unit_id":"ally_archer"},"hypothesisId":"P1","location":"scripts/battle/unit/projectile.gd","message":"projectile_ready_aimed","runId":"aim-debug","sessionId":"ccca42","timestamp":23238}
{"data":{"delay_s":1.75,"has_target_ref":true,"initial_target_pos":"(691.2622, 336.3959)"},"hypothesisId":"P1","location":"scripts/battle/unit/projectile.gd","message":"projectile_delay_started","runId":"aim-debug","sessionId":"ccca42","timestamp":23246}
{"data":{"curr_target_pos":"(691.2645, 336.5594)","curr_target_valid":true,"delta_target_dist":79.1909332275391,"initial_target_pos":"(770.0, 328.0788)","velocity":"(699.9451, -8.770901)"},"hypothesisId":"P1","location":"scripts/battle/unit/projectile.gd","message":"projectile_delay_ended","runId":"aim-debug","sessionId":"ccca42","timestamp":23322}
{"data":{"attack_speed":1.0,"attack_type":0,"target_class":"CharacterBody2D","unit_id":"ally_warrior"},"hypothesisId":"H4","location":"scripts/battle/unit/unit_base.gd","message":"attack_start","runId":"aim-debug","sessionId":"ccca42","timestamp":23404}
{"data":{"attack_speed":1.2,"attack_type":1,"target_class":"CharacterBody2D","unit_id":"ally_archer"},"hypothesisId":"H4","location":"scripts/battle/unit/unit_base.gd","message":"attack_start","runId":"aim-debug","sessionId":"ccca42","timestamp":23604}
{"data":{"delay_applies":true,"initial_dir":"(0.988896, -0.148609)","initial_target_pos":"(691.2676, 336.8663)","speed":700.0,"team":0,"unit_id":"ally_archer"},"hypothesisId":"P1","location":"scripts/battle/unit/projectile.gd","message":"projectile_ready_aimed","runId":"aim-debug","sessionId":"ccca42","timestamp":23604}
{"data":{"delay_s":1.75,"has_target_ref":true,"initial_target_pos":"(691.2676, 336.8663)"},"hypothesisId":"P1","location":"scripts/battle/unit/projectile.gd","message":"projectile_delay_started","runId":"aim-debug","sessionId":"ccca42","timestamp":23612}
{"data":{"curr_target_pos":"(691.2681, 336.9458)","curr_target_valid":true,"delta_target_dist":55.9900436401367,"initial_target_pos":"(746.5734, 328.2164)","velocity":"(692.2883, -103.6191)"},"hypothesisId":"P1","location":"scripts/battle/unit/projectile.gd","message":"projectile_delay_ended","runId":"aim-debug","sessionId":"ccca42","timestamp":23689}
{"data":{"attack_speed":1.2,"attack_type":1,"target_class":"CharacterBody2D","unit_id":"ally_archer"},"hypothesisId":"H4","location":"scripts/battle/unit/unit_base.gd","message":"attack_start","runId":"aim-debug","sessionId":"ccca42","timestamp":23754}
{"data":{"delay_applies":true,"initial_dir":"(0.909984, 0.414643)","initial_target_pos":"(772.0782, 238.8143)","speed":700.0,"team":0,"unit_id":"ally_archer"},"hypothesisId":"P1","location":"scripts/battle/unit/projectile.gd","message":"projectile_ready_aimed","runId":"aim-debug","sessionId":"ccca42","timestamp":23755}
{"data":{"delay_s":1.75,"has_target_ref":true,"initial_target_pos":"(772.0782, 238.8143)"},"hypothesisId":"P1","location":"scripts/battle/unit/projectile.gd","message":"projectile_delay_started","runId":"aim-debug","sessionId":"ccca42","timestamp":23763}
{"data":{"curr_target_pos":"(691.2686, 337.0393)","curr_target_valid":true,"delta_target_dist":38.0876884460449,"initial_target_pos":"(728.6289, 329.6312)","velocity":"(-107.8998, 691.634)"},"hypothesisId":"P1","location":"scripts/battle/unit/projectile.gd","message":"projectile_delay_ended","runId":"aim-debug","sessionId":"ccca42","timestamp":23839}
{"data":{"attack_speed":1.2,"attack_type":1,"target_class":"CharacterBody2D","unit_id":"ally_archer"},"hypothesisId":"H4","location":"scripts/battle/unit/unit_base.gd","message":"attack_start","runId":"aim-debug","sessionId":"ccca42","timestamp":23954}
{"data":{"delay_applies":true,"initial_dir":"(0.006431, -0.999979)","initial_target_pos":"(691.2687, 337.088)","speed":700.0,"team":0,"unit_id":"ally_archer"},"hypothesisId":"P1","location":"scripts/battle/unit/projectile.gd","message":"projectile_ready_aimed","runId":"aim-debug","sessionId":"ccca42","timestamp":23955}
{"data":{"delay_s":1.75,"has_target_ref":true,"initial_target_pos":"(691.2687, 337.088)"},"hypothesisId":"P1","location":"scripts/battle/unit/projectile.gd","message":"projectile_delay_started","runId":"aim-debug","sessionId":"ccca42","timestamp":23963}
{"data":{"attack_speed":1.2,"attack_type":1,"target_class":"CharacterBody2D","unit_id":"enemy_archer"},"hypothesisId":"H4","location":"scripts/battle/unit/unit_base.gd","message":"attack_start","runId":"aim-debug","sessionId":"ccca42","timestamp":23975}
{"data":{"delay_applies":false,"initial_dir":"(-0.957742, -0.287629)","initial_target_pos":"(710.9386, 210.9554)","speed":700.0,"team":1,"unit_id":"enemy_archer"},"hypothesisId":"P1","location":"scripts/battle/unit/projectile.gd","message":"projectile_ready_aimed","runId":"aim-debug","sessionId":"ccca42","timestamp":23978}
{"data":{"curr_target_pos":"(691.2689, 337.128)","curr_target_valid":true,"delta_target_dist":14.5585136413574,"initial_target_pos":"(704.7029, 331.5175)","velocity":"(4.503594, -699.9855)"},"hypothesisId":"P1","location":"scripts/battle/unit/projectile.gd","message":"projectile_delay_ended","runId":"aim-debug","sessionId":"ccca42","timestamp":24039}
{"data":{"attack_speed":1.2,"attack_type":1,"target_class":"CharacterBody2D","unit_id":"ally_archer"},"hypothesisId":"H4","location":"scripts/battle/unit/unit_base.gd","message":"attack_start","runId":"aim-debug","sessionId":"ccca42","timestamp":24071}
{"data":{"delay_applies":true,"initial_dir":"(0.999996, -0.002965)","initial_target_pos":"(691.2689, 337.1339)","speed":700.0,"team":0,"unit_id":"ally_archer"},"hypothesisId":"P1","location":"scripts/battle/unit/projectile.gd","message":"projectile_ready_aimed","runId":"aim-debug","sessionId":"ccca42","timestamp":24071}
{"data":{"delay_s":1.75,"has_target_ref":true,"initial_target_pos":"(691.2689, 337.1339)"},"hypothesisId":"P1","location":"scripts/battle/unit/projectile.gd","message":"projectile_delay_started","runId":"aim-debug","sessionId":"ccca42","timestamp":24080}
{"data":{"allies_mult":1.0,"current_health":80,"enemy_mult":1.0,"max_health_effective":80,"stats_health":80,"team":0,"unit_id":"ally_archer"},"hypothesisId":"H2","location":"scripts/battle/unit/unit_base.gd","message":"unit_health_emitted","runId":"aim-debug","sessionId":"ccca42","timestamp":24138}
{"data":{"attack_speed":1.2,"attack_type":1,"target_class":"CharacterBody2D","unit_id":"ally_archer"},"hypothesisId":"H4","location":"scripts/battle/unit/unit_base.gd","message":"attack_start","runId":"aim-debug","sessionId":"ccca42","timestamp":24139}
{"data":{"delay_applies":true,"initial_dir":"(0.650856, -0.759201)","initial_target_pos":"(691.2689, 337.1558)","speed":700.0,"team":0,"unit_id":"ally_archer"},"hypothesisId":"P1","location":"scripts/battle/unit/projectile.gd","message":"projectile_ready_aimed","runId":"aim-debug","sessionId":"ccca42","timestamp":24147}
{"data":{"delay_s":1.75,"has_target_ref":true,"initial_target_pos":"(691.2689, 337.1558)"},"hypothesisId":"P1","location":"scripts/battle/unit/projectile.gd","message":"projectile_delay_started","runId":"aim-debug","sessionId":"ccca42","timestamp":24155}
{"data":{"curr_target_pos":"(691.2689, 337.1657)","curr_target_valid":true,"delta_target_dist":4.55642747879028,"initial_target_pos":"(691.0855, 332.6129)","velocity":"(699.9979, -1.704961)"},"hypothesisId":"P1","location":"scripts/battle/unit/projectile.gd","message":"projectile_delay_ended","runId":"aim-debug","sessionId":"ccca42","timestamp":24164}
{"data":{"attack_speed":1.2,"attack_type":1,"target_class":"CharacterBody2D","unit_id":"ally_archer"},"hypothesisId":"H4","location":"scripts/battle/unit/unit_base.gd","message":"attack_start","runId":"aim-debug","sessionId":"ccca42","timestamp":24437}
{"data":{"delay_applies":true,"initial_dir":"(0.989233, -0.14635)","initial_target_pos":"(691.269, 337.175)","speed":700.0,"team":0,"unit_id":"ally_archer"},"hypothesisId":"P1","location":"scripts/battle/unit/projectile.gd","message":"projectile_ready_aimed","runId":"aim-debug","sessionId":"ccca42","timestamp":24438}
{"data":{"delay_s":1.75,"has_target_ref":true,"initial_target_pos":"(691.269, 337.175)"},"hypothesisId":"P1","location":"scripts/battle/unit/projectile.gd","message":"projectile_delay_started","runId":"aim-debug","sessionId":"ccca42","timestamp":24446}
{"data":{"curr_target_pos":"(691.269, 337.175)","curr_target_valid":true,"delta_target_dist":2.15461444854736,"initial_target_pos":"(691.2255, 335.0208)","velocity":"(692.463, -102.4452)"},"hypothesisId":"P1","location":"scripts/battle/unit/projectile.gd","message":"projectile_delay_ended","runId":"aim-debug","sessionId":"ccca42","timestamp":24522}
{"data":{"attack_speed":1.2,"attack_type":1,"target_class":"CharacterBody2D","unit_id":"ally_archer"},"hypothesisId":"H4","location":"scripts/battle/unit/unit_base.gd","message":"attack_start","runId":"aim-debug","sessionId":"ccca42","timestamp":24588}
{"data":{"delay_applies":true,"initial_dir":"(0.997898, 0.064799)","initial_target_pos":"(770.8796, 214.8477)","speed":700.0,"team":0,"unit_id":"ally_archer"},"hypothesisId":"P1","location":"scripts/battle/unit/projectile.gd","message":"projectile_ready_aimed","runId":"aim-debug","sessionId":"ccca42","timestamp":24588}
{"data":{"delay_s":1.75,"has_target_ref":true,"initial_target_pos":"(770.8796, 214.8477)"},"hypothesisId":"P1","location":"scripts/battle/unit/projectile.gd","message":"projectile_delay_started","runId":"aim-debug","sessionId":"ccca42","timestamp":24596}
{"data":{"curr_target_pos":"(691.269, 337.175)","curr_target_valid":true,"delta_target_dist":1.56985676288605,"initial_target_pos":"(691.2449, 335.6053)","velocity":"(-107.7843, 691.652)"},"hypothesisId":"P1","location":"scripts/battle/unit/projectile.gd","message":"projectile_delay_ended","runId":"aim-debug","sessionId":"ccca42","timestamp":24672}
{"data":{"attack_speed":1.2,"attack_type":1,"target_class":"CharacterBody2D","unit_id":"ally_archer"},"hypothesisId":"H4","location":"scripts/battle/unit/unit_base.gd","message":"attack_start","runId":"aim-debug","sessionId":"ccca42","timestamp":24787}
{"data":{"delay_applies":true,"initial_dir":"(0.275754, -0.961228)","initial_target_pos":"(770.9589, 213.3254)","speed":700.0,"team":0,"unit_id":"ally_archer"},"hypothesisId":"P1","location":"scripts/battle/unit/projectile.gd","message":"projectile_ready_aimed","runId":"aim-debug","sessionId":"ccca42","timestamp":24788}
{"data":{"delay_s":1.75,"has_target_ref":true,"initial_target_pos":"(770.9589, 213.3254)"},"hypothesisId":"P1","location":"scripts/battle/unit/projectile.gd","message":"projectile_delay_started","runId":"aim-debug","sessionId":"ccca42","timestamp":24796}
{"data":{"attack_speed":1.2,"attack_type":1,"target_class":"CharacterBody2D","unit_id":"enemy_archer"},"hypothesisId":"H4","location":"scripts/battle/unit/unit_base.gd","message":"attack_start","runId":"aim-debug","sessionId":"ccca42","timestamp":24808}
{"data":{"delay_applies":false,"initial_dir":"(-0.999283, -0.037855)","initial_target_pos":"(710.9386, 210.9554)","speed":700.0,"team":1,"unit_id":"enemy_archer"},"hypothesisId":"P1","location":"scripts/battle/unit/projectile.gd","message":"projectile_ready_aimed","runId":"aim-debug","sessionId":"ccca42","timestamp":24811}
{"data":{"curr_target_pos":"(0.0, 0.0)","curr_target_valid":false,"delta_target_dist":null,"initial_target_pos":"(691.2581, 336.1599)","velocity":"(4.428372, -699.986)"},"hypothesisId":"P1","location":"scripts/battle/unit/projectile.gd","message":"projectile_delay_ended","runId":"aim-debug","sessionId":"ccca42","timestamp":24872}
{"data":{"attack_speed":1.2,"attack_type":1,"target_class":"CharacterBody2D","unit_id":"ally_archer"},"hypothesisId":"H4","location":"scripts/battle/unit/unit_base.gd","message":"attack_start","runId":"aim-debug","sessionId":"ccca42","timestamp":24904}
{"data":{"delay_applies":true,"initial_dir":"(0.746515, -0.665369)","initial_target_pos":"(770.9794, 212.729)","speed":700.0,"team":0,"unit_id":"ally_archer"},"hypothesisId":"P1","location":"scripts/battle/unit/projectile.gd","message":"projectile_ready_aimed","runId":"aim-debug","sessionId":"ccca42","timestamp":24904}
{"data":{"delay_s":1.75,"has_target_ref":true,"initial_target_pos":"(770.9794, 212.729)"},"hypothesisId":"P1","location":"scripts/battle/unit/projectile.gd","message":"projectile_delay_started","runId":"aim-debug","sessionId":"ccca42","timestamp":24912}
{"data":{"attack_speed":1.2,"attack_type":1,"target_class":"CharacterBody2D","unit_id":"ally_archer"},"hypothesisId":"H4","location":"scripts/battle/unit/unit_base.gd","message":"attack_start","runId":"aim-debug","sessionId":"ccca42","timestamp":24971}
{"data":{"delay_applies":true,"initial_dir":"(0.584516, -0.811382)","initial_target_pos":"(770.9868, 212.4582)","speed":700.0,"team":0,"unit_id":"ally_archer"},"hypothesisId":"P1","location":"scripts/battle/unit/projectile.gd","message":"projectile_ready_aimed","runId":"aim-debug","sessionId":"ccca42","timestamp":24972}
{"data":{"delay_s":1.75,"has_target_ref":true,"initial_target_pos":"(770.9868, 212.4582)"},"hypothesisId":"P1","location":"scripts/battle/unit/projectile.gd","message":"projectile_delay_started","runId":"aim-debug","sessionId":"ccca42","timestamp":24980}
{"data":{"curr_target_pos":"(0.0, 0.0)","curr_target_valid":false,"delta_target_dist":null,"initial_target_pos":"(691.2622, 336.3959)","velocity":"(699.9186, -10.67537)"},"hypothesisId":"P1","location":"scripts/battle/unit/projectile.gd","message":"projectile_delay_ended","runId":"aim-debug","sessionId":"ccca42","timestamp":24992}
{"data":{"attack_speed":1.2,"attack_type":1,"target_class":"CharacterBody2D","unit_id":"ally_archer"},"hypothesisId":"H4","location":"scripts/battle/unit/unit_base.gd","message":"attack_start","runId":"aim-debug","sessionId":"ccca42","timestamp":25271}
{"data":{"delay_applies":true,"initial_dir":"(0.825336, -0.564642)","initial_target_pos":"(771.0013, 211.6682)","speed":700.0,"team":0,"unit_id":"ally_archer"},"hypothesisId":"P1","location":"scripts/battle/unit/projectile.gd","message":"projectile_ready_aimed","runId":"aim-debug","sessionId":"ccca42","timestamp":25271}
{"data":{"delay_s":1.75,"has_target_ref":true,"initial_target_pos":"(771.0013, 211.6682)"},"hypothesisId":"P1","location":"scripts/battle/unit/projectile.gd","message":"projectile_delay_started","runId":"aim-debug","sessionId":"ccca42","timestamp":25280}
{"data":{"curr_target_pos":"(0.0, 0.0)","curr_target_valid":false,"delta_target_dist":null,"initial_target_pos":"(691.2676, 336.8663)","velocity":"(692.2272, -104.0265)"},"hypothesisId":"P1","location":"scripts/battle/unit/projectile.gd","message":"projectile_delay_ended","runId":"aim-debug","sessionId":"ccca42","timestamp":25355}
{"data":{"allies_mult":1.0,"current_health":80,"enemy_mult":1.0,"max_health_effective":80,"stats_health":80,"team":0,"unit_id":"ally_archer"},"hypothesisId":"H2","location":"scripts/battle/unit/unit_base.gd","message":"unit_health_emitted","runId":"aim-debug","sessionId":"ccca42","timestamp":25605}
{"data":{"attack_speed":1.2,"attack_type":1,"target_class":"CharacterBody2D","unit_id":"ally_archer"},"hypothesisId":"H4","location":"scripts/battle/unit/unit_base.gd","message":"attack_start","runId":"aim-debug","sessionId":"ccca42","timestamp":25605}
{"data":{"delay_applies":true,"initial_dir":"(0.999532, -0.03058)","initial_target_pos":"(743.125, 236.6163)","speed":700.0,"team":0,"unit_id":"ally_archer"},"hypothesisId":"P1","location":"scripts/battle/unit/projectile.gd","message":"projectile_ready_aimed","runId":"aim-debug","sessionId":"ccca42","timestamp":25612}
{"data":{"delay_s":1.75,"has_target_ref":true,"initial_target_pos":"(743.125, 236.6163)"},"hypothesisId":"P1","location":"scripts/battle/unit/projectile.gd","message":"projectile_delay_started","runId":"aim-debug","sessionId":"ccca42","timestamp":25619}
{"data":{"attack_speed":1.2,"attack_type":1,"target_class":"CharacterBody2D","unit_id":"ally_archer"},"hypothesisId":"H4","location":"scripts/battle/unit/unit_base.gd","message":"attack_start","runId":"aim-debug","sessionId":"ccca42","timestamp":25628}
{"data":{"delay_applies":true,"initial_dir":"(0.19516, -0.980771)","initial_target_pos":"(741.2665, 238.2884)","speed":700.0,"team":0,"unit_id":"ally_archer"},"hypothesisId":"P1","location":"scripts/battle/unit/projectile.gd","message":"projectile_ready_aimed","runId":"aim-debug","sessionId":"ccca42","timestamp":25633}
{"data":{"delay_s":1.75,"has_target_ref":true,"initial_target_pos":"(741.2665, 238.2884)"},"hypothesisId":"P1","location":"scripts/battle/unit/projectile.gd","message":"projectile_delay_started","runId":"aim-debug","sessionId":"ccca42","timestamp":25640}
{"data":{"attack_speed":1.2,"attack_type":1,"target_class":"CharacterBody2D","unit_id":"enemy_archer"},"hypothesisId":"H4","location":"scripts/battle/unit/unit_base.gd","message":"attack_start","runId":"aim-debug","sessionId":"ccca42","timestamp":25646}
{"data":{"delay_applies":false,"initial_dir":"(-0.743408, 0.668839)","initial_target_pos":"(631.2027, 337.312)","speed":700.0,"team":1,"unit_id":"enemy_archer"},"hypothesisId":"P1","location":"scripts/battle/unit/projectile.gd","message":"projectile_ready_aimed","runId":"aim-debug","sessionId":"ccca42","timestamp":25653}
{"data":{"curr_target_pos":"(0.0, 0.0)","curr_target_valid":false,"delta_target_dist":null,"initial_target_pos":"(691.2687, 337.088)","velocity":"(4.501638, -699.9855)"},"hypothesisId":"P1","location":"scripts/battle/unit/projectile.gd","message":"projectile_delay_ended","runId":"aim-debug","sessionId":"ccca42","timestamp":25705}
{"data":{"attack_speed":1.2,"attack_type":1,"target_class":"CharacterBody2D","unit_id":"ally_archer"},"hypothesisId":"H4","location":"scripts/battle/unit/unit_base.gd","message":"attack_start","runId":"aim-debug","sessionId":"ccca42","timestamp":25737}
{"data":{"delay_applies":true,"initial_dir":"(0.743408, -0.668839)","initial_target_pos":"(728.2568, 249.9931)","speed":700.0,"team":0,"unit_id":"ally_archer"},"hypothesisId":"P1","location":"scripts/battle/unit/projectile.gd","message":"projectile_ready_aimed","runId":"aim-debug","sessionId":"ccca42","timestamp":25738}
{"data":{"delay_s":1.75,"has_target_ref":true,"initial_target_pos":"(728.2568, 249.9931)"},"hypothesisId":"P1","location":"scripts/battle/unit/projectile.gd","message":"projectile_delay_started","runId":"aim-debug","sessionId":"ccca42","timestamp":25745}
{"data":{"attack_speed":1.2,"attack_type":1,"target_class":"CharacterBody2D","unit_id":"ally_archer"},"hypothesisId":"H4","location":"scripts/battle/unit/unit_base.gd","message":"attack_start","runId":"aim-debug","sessionId":"ccca42","timestamp":25804}
{"data":{"delay_applies":true,"initial_dir":"(0.515628, -0.856812)","initial_target_pos":"(720.8228, 256.6815)","speed":700.0,"team":0,"unit_id":"ally_archer"},"hypothesisId":"P1","location":"scripts/battle/unit/projectile.gd","message":"projectile_ready_aimed","runId":"aim-debug","sessionId":"ccca42","timestamp":25805}
{"data":{"delay_s":1.75,"has_target_ref":true,"initial_target_pos":"(720.8228, 256.6815)"},"hypothesisId":"P1","location":"scripts/battle/unit/projectile.gd","message":"projectile_delay_started","runId":"aim-debug","sessionId":"ccca42","timestamp":25813}
{"data":{"curr_target_pos":"(0.0, 0.0)","curr_target_valid":false,"delta_target_dist":null,"initial_target_pos":"(691.2689, 337.1339)","velocity":"(699.9969, -2.075185)"},"hypothesisId":"P1","location":"scripts/battle/unit/projectile.gd","message":"projectile_delay_ended","runId":"aim-debug","sessionId":"ccca42","timestamp":25826}
{"data":{"curr_target_pos":"(0.0, 0.0)","curr_target_valid":false,"delta_target_dist":null,"initial_target_pos":"(691.2689, 337.1558)","velocity":"(455.5993, -531.4408)"},"hypothesisId":"P1","location":"scripts/battle/unit/projectile.gd","message":"projectile_delay_ended","runId":"aim-debug","sessionId":"ccca42","timestamp":25889}
{"data":{"attack_speed":1.2,"attack_type":1,"target_class":"CharacterBody2D","unit_id":"ally_archer"},"hypothesisId":"H4","location":"scripts/battle/unit/unit_base.gd","message":"attack_start","runId":"aim-debug","sessionId":"ccca42","timestamp":26104}
{"data":{"delay_applies":true,"initial_dir":"(0.872665, -0.488319)","initial_target_pos":"(692.9449, 281.7628)","speed":700.0,"team":0,"unit_id":"ally_archer"},"hypothesisId":"P1","location":"scripts/battle/unit/projectile.gd","message":"projectile_ready_aimed","runId":"aim-debug","sessionId":"ccca42","timestamp":26104}
{"data":{"delay_s":1.75,"has_target_ref":true,"initial_target_pos":"(692.9449, 281.7628)"},"hypothesisId":"P1","location":"scripts/battle/unit/projectile.gd","message":"projectile_delay_started","runId":"aim-debug","sessionId":"ccca42","timestamp":26113}
{"data":{"curr_target_pos":"(0.0, 0.0)","curr_target_valid":false,"delta_target_dist":null,"initial_target_pos":"(691.269, 337.175)","velocity":"(692.463, -102.4452)"},"hypothesisId":"P1","location":"scripts/battle/unit/projectile.gd","message":"projectile_delay_ended","runId":"aim-debug","sessionId":"ccca42","timestamp":26190}
{"data":{"allies_mult":1.0,"current_health":60,"enemy_mult":1.0,"max_health_effective":60,"stats_health":60,"team":1,"unit_id":"ally_mage"},"hypothesisId":"H2","location":"scripts/battle/unit/unit_base.gd","message":"unit_health_emitted","runId":"aim-debug","sessionId":"ccca42","timestamp":26383}
{"data":{"attack_speed":0.8,"attack_type":1,"target_class":"CharacterBody2D","unit_id":"ally_mage"},"hypothesisId":"H4","location":"scripts/battle/unit/unit_base.gd","message":"attack_start","runId":"aim-debug","sessionId":"ccca42","timestamp":26387}
{"data":{"delay_applies":false,"initial_dir":"(-0.986645, -0.162882)","initial_target_pos":"(690.2554, 494.6432)","speed":700.0,"team":1,"unit_id":"ally_mage"},"hypothesisId":"P1","location":"scripts/battle/unit/projectile.gd","message":"projectile_ready_aimed","runId":"aim-debug","sessionId":"ccca42","timestamp":26394}
{"data":{"attack_speed":1.2,"attack_type":1,"target_class":"CharacterBody2D","unit_id":"ally_archer"},"hypothesisId":"H4","location":"scripts/battle/unit/unit_base.gd","message":"attack_start","runId":"aim-debug","sessionId":"ccca42","timestamp":26437}
{"data":{"delay_applies":true,"initial_dir":"(0.983209, 0.182485)","initial_target_pos":"(692.9449, 281.7628)","speed":700.0,"team":0,"unit_id":"ally_archer"},"hypothesisId":"P1","location":"scripts/battle/unit/projectile.gd","message":"projectile_ready_aimed","runId":"aim-debug","sessionId":"ccca42","timestamp":26438}
{"data":{"delay_s":1.75,"has_target_ref":true,"initial_target_pos":"(692.9449, 281.7628)"},"hypothesisId":"P1","location":"scripts/battle/unit/projectile.gd","message":"projectile_delay_started","runId":"aim-debug","sessionId":"ccca42","timestamp":26446}
{"data":{"attack_speed":1.2,"attack_type":1,"target_class":"CharacterBody2D","unit_id":"ally_archer"},"hypothesisId":"H4","location":"scripts/battle/unit/unit_base.gd","message":"attack_start","runId":"aim-debug","sessionId":"ccca42","timestamp":26459}
{"data":{"delay_applies":true,"initial_dir":"(0.012633, -0.99992)","initial_target_pos":"(692.9449, 281.7628)","speed":700.0,"team":0,"unit_id":"ally_archer"},"hypothesisId":"P1","location":"scripts/battle/unit/projectile.gd","message":"projectile_ready_aimed","runId":"aim-debug","sessionId":"ccca42","timestamp":26461}
{"data":{"delay_s":1.75,"has_target_ref":true,"initial_target_pos":"(692.9449, 281.7628)"},"hypothesisId":"P1","location":"scripts/battle/unit/projectile.gd","message":"projectile_delay_started","runId":"aim-debug","sessionId":"ccca42","timestamp":26468}
{"data":{"curr_target_pos":"(692.9449, 281.7628)","curr_target_valid":true,"delta_target_dist":103.777923583984,"initial_target_pos":"(770.9589, 213.3254)","velocity":"(8.843037, -699.9442)"},"hypothesisId":"P1","location":"scripts/battle/unit/projectile.gd","message":"projectile_delay_ended","runId":"aim-debug","sessionId":"ccca42","timestamp":26538}
{"data":{"attack_speed":1.2,"attack_type":1,"target_class":"CharacterBody2D","unit_id":"ally_archer"},"hypothesisId":"H4","location":"scripts/battle/unit/unit_base.gd","message":"attack_start","runId":"aim-debug","sessionId":"ccca42","timestamp":26637}
{"data":{"delay_applies":true,"initial_dir":"(0.928545, 0.371219)","initial_target_pos":"(940.3339, 535.9277)","speed":700.0,"team":0,"unit_id":"ally_archer"},"hypothesisId":"P1","location":"scripts/battle/unit/projectile.gd","message":"projectile_ready_aimed","runId":"aim-debug","sessionId":"ccca42","timestamp":26638}
{"data":{"delay_s":1.75,"has_target_ref":true,"initial_target_pos":"(940.3339, 535.9277)"},"hypothesisId":"P1","location":"scripts/battle/unit/projectile.gd","message":"projectile_delay_started","runId":"aim-debug","sessionId":"ccca42","timestamp":26646}
{"data":{"curr_target_pos":"(0.0, 0.0)","curr_target_valid":false,"delta_target_dist":null,"initial_target_pos":"(770.9794, 212.729)","velocity":"(522.5604, -465.7581)"},"hypothesisId":"P1","location":"scripts/battle/unit/projectile.gd","message":"projectile_delay_ended","runId":"aim-debug","sessionId":"ccca42","timestamp":26661}
{"data":{"curr_target_pos":"(0.0, 0.0)","curr_target_valid":false,"delta_target_dist":null,"initial_target_pos":"(770.9868, 212.4582)","velocity":"(409.1612, -567.9676)"},"hypothesisId":"P1","location":"scripts/battle/unit/projectile.gd","message":"projectile_delay_ended","runId":"aim-debug","sessionId":"ccca42","timestamp":26722}
{"data":{"attack_speed":1.2,"attack_type":1,"target_class":"CharacterBody2D","unit_id":"ally_archer"},"hypothesisId":"H4","location":"scripts/battle/unit/unit_base.gd","message":"attack_start","runId":"aim-debug","sessionId":"ccca42","timestamp":26987}
{"data":{"delay_applies":true,"initial_dir":"(0.86492, 0.50191)","initial_target_pos":"(905.8013, 530.2266)","speed":700.0,"team":0,"unit_id":"ally_archer"},"hypothesisId":"P1","location":"scripts/battle/unit/projectile.gd","message":"projectile_ready_aimed","runId":"aim-debug","sessionId":"ccca42","timestamp":26988}
{"data":{"delay_s":1.75,"has_target_ref":true,"initial_target_pos":"(905.8013, 530.2266)"},"hypothesisId":"P1","location":"scripts/battle/unit/projectile.gd","message":"projectile_delay_started","runId":"aim-debug","sessionId":"ccca42","timestamp":26996}
{"data":{"curr_target_pos":"(0.0, 0.0)","curr_target_valid":false,"delta_target_dist":null,"initial_target_pos":"(771.0013, 211.6682)","velocity":"(577.7352, -395.2494)"},"hypothesisId":"P1","location":"scripts/battle/unit/projectile.gd","message":"projectile_delay_ended","runId":"aim-debug","sessionId":"ccca42","timestamp":27022}
{"data":{"curr_target_pos":"(0.0, 0.0)","curr_target_valid":false,"delta_target_dist":null,"initial_target_pos":"(743.125, 236.6163)","velocity":"(699.6727, -21.4057)"},"hypothesisId":"P1","location":"scripts/battle/unit/projectile.gd","message":"projectile_delay_ended","runId":"aim-debug","sessionId":"ccca42","timestamp":27355}
{"data":{"curr_target_pos":"(0.0, 0.0)","curr_target_valid":false,"delta_target_dist":null,"initial_target_pos":"(741.2665, 238.2884)","velocity":"(136.6119, -686.54)"},"hypothesisId":"P1","location":"scripts/battle/unit/projectile.gd","message":"projectile_delay_ended","runId":"aim-debug","sessionId":"ccca42","timestamp":27371}
{"data":{"attack_speed":1.2,"attack_type":1,"target_class":"CharacterBody2D","unit_id":"ally_archer"},"hypothesisId":"H4","location":"scripts/battle/unit/unit_base.gd","message":"attack_start","runId":"aim-debug","sessionId":"ccca42","timestamp":27421}
{"data":{"delay_applies":true,"initial_dir":"(0.727899, 0.685684)","initial_target_pos":"(864.3296, 518.9608)","speed":700.0,"team":0,"unit_id":"ally_archer"},"hypothesisId":"P1","location":"scripts/battle/unit/projectile.gd","message":"projectile_ready_aimed","runId":"aim-debug","sessionId":"ccca42","timestamp":27421}
{"data":{"delay_s":1.75,"has_target_ref":true,"initial_target_pos":"(864.3296, 518.9608)"},"hypothesisId":"P1","location":"scripts/battle/unit/projectile.gd","message":"projectile_delay_started","runId":"aim-debug","sessionId":"ccca42","timestamp":27430}
{"data":{"attack_speed":1.2,"attack_type":1,"target_class":"CharacterBody2D","unit_id":"ally_archer"},"hypothesisId":"H4","location":"scripts/battle/unit/unit_base.gd","message":"attack_start","runId":"aim-debug","sessionId":"ccca42","timestamp":27471}
{"data":{"delay_applies":true,"initial_dir":"(0.909679, 0.415312)","initial_target_pos":"(859.7813, 516.8842)","speed":700.0,"team":0,"unit_id":"ally_archer"},"hypothesisId":"P1","location":"scripts/battle/unit/projectile.gd","message":"projectile_ready_aimed","runId":"aim-debug","sessionId":"ccca42","timestamp":27472}
{"data":{"delay_s":1.75,"has_target_ref":true,"initial_target_pos":"(859.7813, 516.8842)"},"hypothesisId":"P1","location":"scripts/battle/unit/projectile.gd","message":"projectile_delay_started","runId":"aim-debug","sessionId":"ccca42","timestamp":27480}
{"data":{"curr_target_pos":"(0.0, 0.0)","curr_target_valid":false,"delta_target_dist":null,"initial_target_pos":"(728.2568, 249.9931)","velocity":"(520.3854, -468.187)"},"hypothesisId":"P1","location":"scripts/battle/unit/projectile.gd","message":"projectile_delay_ended","runId":"aim-debug","sessionId":"ccca42","timestamp":27494}
{"data":{"curr_target_pos":"(0.0, 0.0)","curr_target_valid":false,"delta_target_dist":null,"initial_target_pos":"(720.8228, 256.6815)","velocity":"(360.9397, -599.7687)"},"hypothesisId":"P1","location":"scripts/battle/unit/projectile.gd","message":"projectile_delay_ended","runId":"aim-debug","sessionId":"ccca42","timestamp":27556}
{"data":{"attack_speed":0.8,"attack_type":1,"target_class":"CharacterBody2D","unit_id":"ally_mage"},"hypothesisId":"H4","location":"scripts/battle/unit/unit_base.gd","message":"attack_start","runId":"aim-debug","sessionId":"ccca42","timestamp":27637}
{"data":{"delay_applies":false,"initial_dir":"(-0.909679, -0.415311)","initial_target_pos":"(627.9333, 411.0345)","speed":700.0,"team":1,"unit_id":"ally_mage"},"hypothesisId":"P1","location":"scripts/battle/unit/projectile.gd","message":"projectile_ready_aimed","runId":"aim-debug","sessionId":"ccca42","timestamp":27638}
{"data":{"attack_speed":1.2,"attack_type":1,"target_class":"CharacterBody2D","unit_id":"ally_archer"},"hypothesisId":"H4","location":"scripts/battle/unit/unit_base.gd","message":"attack_start","runId":"aim-debug","sessionId":"ccca42","timestamp":27821}
{"data":{"delay_applies":true,"initial_dir":"(0.835583, 0.549364)","initial_target_pos":"(827.9429, 502.3481)","speed":700.0,"team":0,"unit_id":"ally_archer"},"hypothesisId":"P1","location":"scripts/battle/unit/projectile.gd","message":"projectile_ready_aimed","runId":"aim-debug","sessionId":"ccca42","timestamp":27822}
{"data":{"delay_s":1.75,"has_target_ref":true,"initial_target_pos":"(827.9429, 502.3481)"},"hypothesisId":"P1","location":"scripts/battle/unit/projectile.gd","message":"projectile_delay_started","runId":"aim-debug","sessionId":"ccca42","timestamp":27829}
{"data":{"curr_target_pos":"(0.0, 0.0)","curr_target_valid":false,"delta_target_dist":null,"initial_target_pos":"(692.9449, 281.7628)","velocity":"(610.8657, -341.8232)"},"hypothesisId":"P1","location":"scripts/battle/unit/projectile.gd","message":"projectile_delay_ended","runId":"aim-debug","sessionId":"ccca42","timestamp":27855}
{"data":{"curr_target_pos":"(0.0, 0.0)","curr_target_valid":false,"delta_target_dist":null,"initial_target_pos":"(692.9449, 281.7628)","velocity":"(688.246, 127.7395)"},"hypothesisId":"P1","location":"scripts/battle/unit/projectile.gd","message":"projectile_delay_ended","runId":"aim-debug","sessionId":"ccca42","timestamp":28188}
{"data":{"curr_target_pos":"(0.0, 0.0)","curr_target_valid":false,"delta_target_dist":null,"initial_target_pos":"(692.9449, 281.7628)","velocity":"(8.843037, -699.9442)"},"hypothesisId":"P1","location":"scripts/battle/unit/projectile.gd","message":"projectile_delay_ended","runId":"aim-debug","sessionId":"ccca42","timestamp":28205}
{"data":{"allies_mult":1.0,"current_health":80,"enemy_mult":1.0,"max_health_effective":80,"stats_health":80,"team":0,"unit_id":"ally_archer"},"hypothesisId":"H2","location":"scripts/battle/unit/unit_base.gd","message":"unit_health_emitted","runId":"aim-debug","sessionId":"ccca42","timestamp":28233}
{"data":{"attack_speed":1.2,"attack_type":1,"target_class":"CharacterBody2D","unit_id":"ally_archer"},"hypothesisId":"H4","location":"scripts/battle/unit/unit_base.gd","message":"attack_start","runId":"aim-debug","sessionId":"ccca42","timestamp":28254}
{"data":{"delay_applies":true,"initial_dir":"(0.6569, 0.753977)","initial_target_pos":"(788.5239, 484.3515)","speed":700.0,"team":0,"unit_id":"ally_archer"},"hypothesisId":"P1","location":"scripts/battle/unit/projectile.gd","message":"projectile_ready_aimed","runId":"aim-debug","sessionId":"ccca42","timestamp":28255}
{"data":{"delay_s":1.75,"has_target_ref":true,"initial_target_pos":"(788.5239, 484.3515)"},"hypothesisId":"P1","location":"scripts/battle/unit/projectile.gd","message":"projectile_delay_started","runId":"aim-debug","sessionId":"ccca42","timestamp":28263}
{"data":{"attack_speed":1.2,"attack_type":1,"target_class":"CharacterBody2D","unit_id":"ally_archer"},"hypothesisId":"H4","location":"scripts/battle/unit/unit_base.gd","message":"attack_start","runId":"aim-debug","sessionId":"ccca42","timestamp":28304}
{"data":{"delay_applies":true,"initial_dir":"(0.90968, 0.415311)","initial_target_pos":"(783.9756, 482.275)","speed":700.0,"team":0,"unit_id":"ally_archer"},"hypothesisId":"P1","location":"scripts/battle/unit/projectile.gd","message":"projectile_ready_aimed","runId":"aim-debug","sessionId":"ccca42","timestamp":28305}
{"data":{"attack_speed":1.2,"attack_type":1,"target_class":"CharacterBody2D","unit_id":"ally_archer"},"hypothesisId":"H4","location":"scripts/battle/unit/unit_base.gd","message":"attack_start","runId":"aim-debug","sessionId":"ccca42","timestamp":28313}
{"data":{"delay_applies":true,"initial_dir":"(0.573838, 0.818969)","initial_target_pos":"(783.9756, 482.275)","speed":700.0,"team":0,"unit_id":"ally_archer"},"hypothesisId":"P1","location":"scripts/battle/unit/projectile.gd","message":"projectile_ready_aimed","runId":"aim-debug","sessionId":"ccca42","timestamp":28320}
{"data":{"delay_s":1.75,"has_target_ref":true,"initial_target_pos":"(783.9756, 482.275)"},"hypothesisId":"P1","location":"scripts/battle/unit/projectile.gd","message":"projectile_delay_started","runId":"aim-debug","sessionId":"ccca42","timestamp":28327}
{"data":{"delay_s":1.75,"has_target_ref":true,"initial_target_pos":"(783.9756, 482.275)"},"hypothesisId":"P1","location":"scripts/battle/unit/projectile.gd","message":"projectile_delay_started","runId":"aim-debug","sessionId":"ccca42","timestamp":28334}
{"data":{"curr_target_pos":"(774.8789, 478.1219)","curr_target_valid":true,"delta_target_dist":175.262237548828,"initial_target_pos":"(940.3339, 535.9277)","velocity":"(636.7758, 290.7174)"},"hypothesisId":"P1","location":"scripts/battle/unit/projectile.gd","message":"projectile_delay_ended","runId":"aim-debug","sessionId":"ccca42","timestamp":28388}
{"data":{"allies_mult":1.0,"current_health":60,"enemy_mult":1.0,"max_health_effective":60,"stats_health":60,"team":1,"unit_id":"enemy_mage"},"hypothesisId":"H2","location":"scripts/battle/unit/unit_base.gd","message":"unit_health_emitted","runId":"aim-debug","sessionId":"ccca42","timestamp":28655}
{"data":{"attack_speed":1.2,"attack_type":1,"target_class":"CharacterBody2D","unit_id":"ally_archer"},"hypothesisId":"H4","location":"scripts/battle/unit/unit_base.gd","message":"attack_start","runId":"aim-debug","sessionId":"ccca42","timestamp":28657}
{"data":{"delay_applies":true,"initial_dir":"(0.795835, 0.605514)","initial_target_pos":"(752.1372, 467.7393)","speed":700.0,"team":0,"unit_id":"ally_archer"},"hypothesisId":"P1","location":"scripts/battle/unit/projectile.gd","message":"projectile_ready_aimed","runId":"aim-debug","sessionId":"ccca42","timestamp":28664}
{"data":{"delay_s":1.75,"has_target_ref":true,"initial_target_pos":"(752.1372, 467.7393)"},"hypothesisId":"P1","location":"scripts/battle/unit/projectile.gd","message":"projectile_delay_started","runId":"aim-debug","sessionId":"ccca42","timestamp":28671}
{"data":{"curr_target_pos":"(743.0405, 463.5862)","curr_target_valid":true,"delta_target_dist":175.874923706055,"initial_target_pos":"(905.8013, 530.2266)","velocity":"(551.5492, 431.0377)"},"hypothesisId":"P1","location":"scripts/battle/unit/projectile.gd","message":"projectile_delay_ended","runId":"aim-debug","sessionId":"ccca42","timestamp":28739}
{"data":{"attack_speed":0.8,"attack_type":1,"target_class":"CharacterBody2D","unit_id":"ally_mage"},"hypothesisId":"H4","location":"scripts/battle/unit/unit_base.gd","message":"attack_start","runId":"aim-debug","sessionId":"ccca42","timestamp":28888}
{"data":{"delay_applies":false,"initial_dir":"(-0.90968, -0.415311)","initial_target_pos":"(627.9333, 411.0345)","speed":700.0,"team":1,"unit_id":"ally_mage"},"hypothesisId":"P1","location":"scripts/battle/unit/projectile.gd","message":"projectile_ready_aimed","runId":"aim-debug","sessionId":"ccca42","timestamp":28889}
{"data":{"attack_speed":1.2,"attack_type":1,"target_class":"CharacterBody2D","unit_id":"ally_archer"},"hypothesisId":"H4","location":"scripts/battle/unit/unit_base.gd","message":"attack_start","runId":"aim-debug","sessionId":"ccca42","timestamp":29088}
{"data":{"delay_applies":true,"initial_dir":"(0.516843, 0.85608)","initial_target_pos":"(712.7183, 449.7427)","speed":700.0,"team":0,"unit_id":"ally_archer"},"hypothesisId":"P1","location":"scripts/battle/unit/projectile.gd","message":"projectile_ready_aimed","runId":"aim-debug","sessionId":"ccca42","timestamp":29089}
{"data":{"delay_s":1.75,"has_target_ref":true,"initial_target_pos":"(712.7183, 449.7427)"},"hypothesisId":"P1","location":"scripts/battle/unit/projectile.gd","message":"projectile_delay_started","runId":"aim-debug","sessionId":"ccca42","timestamp":29102}
{"data":{"attack_speed":1.2,"attack_type":1,"target_class":"CharacterBody2D","unit_id":"ally_archer"},"hypothesisId":"H4","location":"scripts/battle/unit/unit_base.gd","message":"attack_start","runId":"aim-debug","sessionId":"ccca42","timestamp":29137}
{"data":{"delay_applies":true,"initial_dir":"(0.90968, 0.415311)","initial_target_pos":"(708.1699, 447.6662)","speed":700.0,"team":0,"unit_id":"ally_archer"},"hypothesisId":"P1","location":"scripts/battle/unit/projectile.gd","message":"projectile_ready_aimed","runId":"aim-debug","sessionId":"ccca42","timestamp":29138}
{"data":{"attack_speed":1.2,"attack_type":1,"target_class":"CharacterBody2D","unit_id":"ally_archer"},"hypothesisId":"H4","location":"scripts/battle/unit/unit_base.gd","message":"attack_start","runId":"aim-debug","sessionId":"ccca42","timestamp":29145}
{"data":{"delay_applies":true,"initial_dir":"(0.44352, 0.896264)","initial_target_pos":"(708.1699, 447.6662)","speed":700.0,"team":0,"unit_id":"ally_archer"},"hypothesisId":"P1","location":"scripts/battle/unit/projectile.gd","message":"projectile_ready_aimed","runId":"aim-debug","sessionId":"ccca42","timestamp":29152}
{"data":{"delay_s":1.75,"has_target_ref":true,"initial_target_pos":"(708.1699, 447.6662)"},"hypothesisId":"P1","location":"scripts/battle/unit/projectile.gd","message":"projectile_delay_started","runId":"aim-debug","sessionId":"ccca42","timestamp":29160}
{"data":{"delay_s":1.75,"has_target_ref":true,"initial_target_pos":"(708.1699, 447.6662)"},"hypothesisId":"P1","location":"scripts/battle/unit/projectile.gd","message":"projectile_delay_started","runId":"aim-debug","sessionId":"ccca42","timestamp":29166}
{"data":{"curr_target_pos":"(703.6216, 445.5897)","curr_target_valid":true,"delta_target_dist":176.664611816406,"initial_target_pos":"(864.3296, 518.9608)","velocity":"(343.9503, 609.6706)"},"hypothesisId":"P1","location":"scripts/battle/unit/projectile.gd","message":"projectile_delay_ended","runId":"aim-debug","sessionId":"ccca42","timestamp":29182}
{"data":{"curr_target_pos":"(699.0732, 443.5132)","curr_target_valid":true,"delta_target_dist":176.664581298828,"initial_target_pos":"(859.7813, 516.8842)","velocity":"(636.7757, 290.7175)"},"hypothesisId":"P1","location":"scripts/battle/unit/projectile.gd","message":"projectile_delay_ended","runId":"aim-debug","sessionId":"ccca42","timestamp":29224}
{"data":{"attack_speed":1.2,"attack_type":1,"target_class":"CharacterBody2D","unit_id":"ally_archer"},"hypothesisId":"H4","location":"scripts/battle/unit/unit_base.gd","message":"attack_start","runId":"aim-debug","sessionId":"ccca42","timestamp":29488}
{"data":{"delay_applies":true,"initial_dir":"(0.725722, 0.687988)","initial_target_pos":"(696.041, 442.1288)","speed":700.0,"team":0,"unit_id":"ally_archer"},"hypothesisId":"P1","location":"scripts/battle/unit/projectile.gd","message":"projectile_ready_aimed","runId":"aim-debug","sessionId":"ccca42","timestamp":29488}
{"data":{"attack_speed":0.8,"attack_type":1,"target_class":"CharacterBody2D","unit_id":"enemy_mage"},"hypothesisId":"H4","location":"scripts/battle/unit/unit_base.gd","message":"attack_start","runId":"aim-debug","sessionId":"ccca42","timestamp":29496}
{"data":{"delay_applies":false,"initial_dir":"(-0.913039, 0.407872)","initial_target_pos":"(609.6878, 279.087)","speed":700.0,"team":1,"unit_id":"enemy_mage"},"hypothesisId":"P1","location":"scripts/battle/unit/projectile.gd","message":"projectile_ready_aimed","runId":"aim-debug","sessionId":"ccca42","timestamp":29504}
{"data":{"delay_s":1.75,"has_target_ref":true,"initial_target_pos":"(696.041, 442.1288)"},"hypothesisId":"P1","location":"scripts/battle/unit/projectile.gd","message":"projectile_delay_started","runId":"aim-debug","sessionId":"ccca42","timestamp":29511}
{"data":{"curr_target_pos":"(696.041, 442.1288)","curr_target_valid":true,"delta_target_dist":144.998138427734,"initial_target_pos":"(827.9429, 502.3481)","velocity":"(508.0055, 481.5916)"},"hypothesisId":"P1","location":"scripts/battle/unit/projectile.gd","message":"projectile_delay_ended","runId":"aim-debug","sessionId":"ccca42","timestamp":29573}
{"data":{"attack_speed":1.2,"attack_type":1,"target_class":"CharacterBody2D","unit_id":"ally_archer"},"hypothesisId":"H4","location":"scripts/battle/unit/unit_base.gd","message":"attack_start","runId":"aim-debug","sessionId":"ccca42","timestamp":29921}
{"data":{"delay_applies":true,"initial_dir":"(0.913039, -0.407872)","initial_target_pos":"(843.4519, 174.6601)","speed":700.0,"team":0,"unit_id":"ally_archer"},"hypothesisId":"P1","location":"scripts/battle/unit/projectile.gd","message":"projectile_ready_aimed","runId":"aim-debug","sessionId":"ccca42","timestamp":29921}
{"data":{"delay_s":1.75,"has_target_ref":true,"initial_target_pos":"(843.4519, 174.6601)"},"hypothesisId":"P1","location":"scripts/battle/unit/projectile.gd","message":"projectile_delay_started","runId":"aim-debug","sessionId":"ccca42","timestamp":29930}
{"data":{"attack_speed":1.2,"attack_type":1,"target_class":"CharacterBody2D","unit_id":"ally_archer"},"hypothesisId":"H4","location":"scripts/battle/unit/unit_base.gd","message":"attack_start","runId":"aim-debug","sessionId":"ccca42","timestamp":29971}
{"data":{"delay_applies":true,"initial_dir":"(0.669055, -0.743212)","initial_target_pos":"(838.8867, 176.6995)","speed":700.0,"team":0,"unit_id":"ally_archer"},"hypothesisId":"P1","location":"scripts/battle/unit/projectile.gd","message":"projectile_ready_aimed","runId":"aim-debug","sessionId":"ccca42","timestamp":29971}
{"data":{"attack_speed":1.2,"attack_type":1,"target_class":"CharacterBody2D","unit_id":"ally_archer"},"hypothesisId":"H4","location":"scripts/battle/unit/unit_base.gd","message":"attack_start","runId":"aim-debug","sessionId":"ccca42","timestamp":29979}
{"data":{"delay_applies":true,"initial_dir":"(0.996779, -0.080193)","initial_target_pos":"(838.8867, 176.6995)","speed":700.0,"team":0,"unit_id":"ally_archer"},"hypothesisId":"P1","location":"scripts/battle/unit/projectile.gd","message":"projectile_ready_aimed","runId":"aim-debug","sessionId":"ccca42","timestamp":29985}
{"data":{"delay_s":1.75,"has_target_ref":true,"initial_target_pos":"(838.8867, 176.6995)"},"hypothesisId":"P1","location":"scripts/battle/unit/projectile.gd","message":"projectile_delay_started","runId":"aim-debug","sessionId":"ccca42","timestamp":29992}
{"data":{"delay_s":1.75,"has_target_ref":true,"initial_target_pos":"(838.8867, 176.6995)"},"hypothesisId":"P1","location":"scripts/battle/unit/projectile.gd","message":"projectile_delay_started","runId":"aim-debug","sessionId":"ccca42","timestamp":29998}
{"data":{"curr_target_pos":"(0.0, 0.0)","curr_target_valid":false,"delta_target_dist":null,"initial_target_pos":"(788.5239, 484.3515)","velocity":"(459.8303, 527.7842)"},"hypothesisId":"P1","location":"scripts/battle/unit/projectile.gd","message":"projectile_delay_ended","runId":"aim-debug","sessionId":"ccca42","timestamp":30011}
{"data":{"curr_target_pos":"(0.0, 0.0)","curr_target_valid":false,"delta_target_dist":null,"initial_target_pos":"(783.9756, 482.275)","velocity":"(636.7758, 290.7174)"},"hypothesisId":"P1","location":"scripts/battle/unit/projectile.gd","message":"projectile_delay_ended","runId":"aim-debug","sessionId":"ccca42","timestamp":30056}
{"data":{"curr_target_pos":"(0.0, 0.0)","curr_target_valid":false,"delta_target_dist":null,"initial_target_pos":"(783.9756, 482.275)","velocity":"(401.6868, 573.278)"},"hypothesisId":"P1","location":"scripts/battle/unit/projectile.gd","message":"projectile_delay_ended","runId":"aim-debug","sessionId":"ccca42","timestamp":30056}
{"data":{"attack_speed":1.2,"attack_type":1,"target_class":"CharacterBody2D","unit_id":"ally_archer"},"hypothesisId":"H4","location":"scripts/battle/unit/unit_base.gd","message":"attack_start","runId":"aim-debug","sessionId":"ccca42","timestamp":30321}
{"data":{"delay_applies":true,"initial_dir":"(0.775218, -0.631694)","initial_target_pos":"(806.9304, 190.9749)","speed":700.0,"team":0,"unit_id":"ally_archer"},"hypothesisId":"P1","location":"scripts/battle/unit/projectile.gd","message":"projectile_ready_aimed","runId":"aim-debug","sessionId":"ccca42","timestamp":30321}
{"data":{"delay_s":1.75,"has_target_ref":true,"initial_target_pos":"(806.9304, 190.9749)"},"hypothesisId":"P1","location":"scripts/battle/unit/projectile.gd","message":"projectile_delay_started","runId":"aim-debug","sessionId":"ccca42","timestamp":30330}
{"data":{"curr_target_pos":"(0.0, 0.0)","curr_target_valid":false,"delta_target_dist":null,"initial_target_pos":"(752.1372, 467.7393)","velocity":"(557.0844, 423.8595)"},"hypothesisId":"P1","location":"scripts/battle/unit/projectile.gd","message":"projectile_delay_ended","runId":"aim-debug","sessionId":"ccca42","timestamp":30405}
{"data":{"attack_speed":0.8,"attack_type":1,"target_class":"CharacterBody2D","unit_id":"enemy_mage"},"hypothesisId":"H4","location":"scripts/battle/unit/unit_base.gd","message":"attack_start","runId":"aim-debug","sessionId":"ccca42","timestamp":30737}
{"data":{"delay_applies":false,"initial_dir":"(-0.913039, 0.407872)","initial_target_pos":"(609.6878, 279.087)","speed":700.0,"team":1,"unit_id":"enemy_mage"},"hypothesisId":"P1","location":"scripts/battle/unit/projectile.gd","message":"projectile_ready_aimed","runId":"aim-debug","sessionId":"ccca42","timestamp":30738}
{"data":{"attack_speed":1.2,"attack_type":1,"target_class":"CharacterBody2D","unit_id":"ally_archer"},"hypothesisId":"H4","location":"scripts/battle/unit/unit_base.gd","message":"attack_start","runId":"aim-debug","sessionId":"ccca42","timestamp":30756}
{"data":{"delay_applies":true,"initial_dir":"(0.913039, -0.407872)","initial_target_pos":"(767.3655, 208.6494)","speed":700.0,"team":0,"unit_id":"ally_archer"},"hypothesisId":"P1","location":"scripts/battle/unit/projectile.gd","message":"projectile_ready_aimed","runId":"aim-debug","sessionId":"ccca42","timestamp":30757}
{"data":{"delay_s":1.75,"has_target_ref":true,"initial_target_pos":"(767.3655, 208.6494)"},"hypothesisId":"P1","location":"scripts/battle/unit/projectile.gd","message":"projectile_delay_started","runId":"aim-debug","sessionId":"ccca42","timestamp":30765}
{"data":{"attack_speed":1.2,"attack_type":1,"target_class":"CharacterBody2D","unit_id":"ally_archer"},"hypothesisId":"H4","location":"scripts/battle/unit/unit_base.gd","message":"attack_start","runId":"aim-debug","sessionId":"ccca42","timestamp":30804}
{"data":{"delay_applies":true,"initial_dir":"(0.55843, -0.829552)","initial_target_pos":"(762.8003, 210.6887)","speed":700.0,"team":0,"unit_id":"ally_archer"},"hypothesisId":"P1","location":"scripts/battle/unit/projectile.gd","message":"projectile_ready_aimed","runId":"aim-debug","sessionId":"ccca42","timestamp":30805}
{"data":{"attack_speed":1.2,"attack_type":1,"target_class":"CharacterBody2D","unit_id":"ally_archer"},"hypothesisId":"H4","location":"scripts/battle/unit/unit_base.gd","message":"attack_start","runId":"aim-debug","sessionId":"ccca42","timestamp":30812}
{"data":{"delay_applies":true,"initial_dir":"(0.997155, 0.075385)","initial_target_pos":"(762.8003, 210.6887)","speed":700.0,"team":0,"unit_id":"ally_archer"},"hypothesisId":"P1","location":"scripts/battle/unit/projectile.gd","message":"projectile_ready_aimed","runId":"aim-debug","sessionId":"ccca42","timestamp":30819}
{"data":{"delay_s":1.75,"has_target_ref":true,"initial_target_pos":"(762.8003, 210.6887)"},"hypothesisId":"P1","location":"scripts/battle/unit/projectile.gd","message":"projectile_delay_started","runId":"aim-debug","sessionId":"ccca42","timestamp":30825}
{"data":{"delay_s":1.75,"has_target_ref":true,"initial_target_pos":"(762.8003, 210.6887)"},"hypothesisId":"P1","location":"scripts/battle/unit/projectile.gd","message":"projectile_delay_started","runId":"aim-debug","sessionId":"ccca42","timestamp":30833}
{"data":{"curr_target_pos":"(0.0, 0.0)","curr_target_valid":false,"delta_target_dist":null,"initial_target_pos":"(712.7183, 449.7427)","velocity":"(361.7904, 599.256)"},"hypothesisId":"P1","location":"scripts/battle/unit/projectile.gd","message":"projectile_delay_ended","runId":"aim-debug","sessionId":"ccca42","timestamp":30845}
{"data":{"curr_target_pos":"(0.0, 0.0)","curr_target_valid":false,"delta_target_dist":null,"initial_target_pos":"(708.1699, 447.6662)","velocity":"(636.7758, 290.7174)"},"hypothesisId":"P1","location":"scripts/battle/unit/projectile.gd","message":"projectile_delay_ended","runId":"aim-debug","sessionId":"ccca42","timestamp":30889}
{"data":{"curr_target_pos":"(0.0, 0.0)","curr_target_valid":false,"delta_target_dist":null,"initial_target_pos":"(708.1699, 447.6662)","velocity":"(310.4642, 627.3849)"},"hypothesisId":"P1","location":"scripts/battle/unit/projectile.gd","message":"projectile_delay_ended","runId":"aim-debug","sessionId":"ccca42","timestamp":30889}
{"data":{"attack_speed":1.2,"attack_type":1,"target_class":"CharacterBody2D","unit_id":"ally_archer"},"hypothesisId":"H4","location":"scripts/battle/unit/unit_base.gd","message":"attack_start","runId":"aim-debug","sessionId":"ccca42","timestamp":31154}
{"data":{"delay_applies":true,"initial_dir":"(0.694101, -0.719878)","initial_target_pos":"(730.844, 224.9642)","speed":700.0,"team":0,"unit_id":"ally_archer"},"hypothesisId":"P1","location":"scripts/battle/unit/projectile.gd","message":"projectile_ready_aimed","runId":"aim-debug","sessionId":"ccca42","timestamp":31155}
{"data":{"delay_s":1.75,"has_target_ref":true,"initial_target_pos":"(730.844, 224.9642)"},"hypothesisId":"P1","location":"scripts/battle/unit/projectile.gd","message":"projectile_delay_started","runId":"aim-debug","sessionId":"ccca42","timestamp":31163}
{"data":{"allies_mult":1.0,"current_health":80,"enemy_mult":1.0,"max_health_effective":80,"stats_health":80,"team":0,"unit_id":"ally_archer"},"hypothesisId":"H2","location":"scripts/battle/unit/unit_base.gd","message":"unit_health_emitted","runId":"aim-debug","sessionId":"ccca42","timestamp":31181}
{"data":{"attack_speed":1.2,"attack_type":1,"target_class":"CharacterBody2D","unit_id":"ally_archer"},"hypothesisId":"H4","location":"scripts/battle/unit/unit_base.gd","message":"attack_start","runId":"aim-debug","sessionId":"ccca42","timestamp":31188}
{"data":{"delay_applies":true,"initial_dir":"(0.673602, -0.739094)","initial_target_pos":"(727.8005, 226.3238)","speed":700.0,"team":0,"unit_id":"ally_archer"},"hypothesisId":"P1","location":"scripts/battle/unit/projectile.gd","message":"projectile_ready_aimed","runId":"aim-debug","sessionId":"ccca42","timestamp":31190}
{"data":{"delay_s":1.75,"has_target_ref":true,"initial_target_pos":"(727.8005, 226.3238)"},"hypothesisId":"P1","location":"scripts/battle/unit/projectile.gd","message":"projectile_delay_started","runId":"aim-debug","sessionId":"ccca42","timestamp":31197}
{"data":{"curr_target_pos":"(0.0, 0.0)","curr_target_valid":false,"delta_target_dist":null,"initial_target_pos":"(696.041, 442.1288)","velocity":"(508.0055, 481.5916)"},"hypothesisId":"P1","location":"scripts/battle/unit/projectile.gd","message":"projectile_delay_ended","runId":"aim-debug","sessionId":"ccca42","timestamp":31239}
{"data":{"attack_speed":1.2,"attack_type":1,"target_class":"CharacterBody2D","unit_id":"ally_archer"},"hypothesisId":"H4","location":"scripts/battle/unit/unit_base.gd","message":"attack_start","runId":"aim-debug","sessionId":"ccca42","timestamp":31587}
{"data":{"delay_applies":true,"initial_dir":"(0.913039, -0.407872)","initial_target_pos":"(691.2791, 242.6386)","speed":700.0,"team":0,"unit_id":"ally_archer"},"hypothesisId":"P1","location":"scripts/battle/unit/projectile.gd","message":"projectile_ready_aimed","runId":"aim-debug","sessionId":"ccca42","timestamp":31588}
{"data":{"delay_s":1.75,"has_target_ref":true,"initial_target_pos":"(691.2791, 242.6386)"},"hypothesisId":"P1","location":"scripts/battle/unit/projectile.gd","message":"projectile_delay_started","runId":"aim-debug","sessionId":"ccca42","timestamp":31596}
{"data":{"attack_speed":1.2,"attack_type":1,"target_class":"CharacterBody2D","unit_id":"ally_archer"},"hypothesisId":"H4","location":"scripts/battle/unit/unit_base.gd","message":"attack_start","runId":"aim-debug","sessionId":"ccca42","timestamp":31638}
{"data":{"delay_applies":true,"initial_dir":"(0.333155, -0.942872)","initial_target_pos":"(686.7139, 244.678)","speed":700.0,"team":0,"unit_id":"ally_archer"},"hypothesisId":"P1","location":"scripts/battle/unit/projectile.gd","message":"projectile_ready_aimed","runId":"aim-debug","sessionId":"ccca42","timestamp":31638}
{"data":{"attack_speed":1.2,"attack_type":1,"target_class":"CharacterBody2D","unit_id":"ally_archer"},"hypothesisId":"H4","location":"scripts/battle/unit/unit_base.gd","message":"attack_start","runId":"aim-debug","sessionId":"ccca42","timestamp":31647}
{"data":{"delay_applies":true,"initial_dir":"(0.907335, 0.420408)","initial_target_pos":"(686.7139, 244.678)","speed":700.0,"team":0,"unit_id":"ally_archer"},"hypothesisId":"P1","location":"scripts/battle/unit/projectile.gd","message":"projectile_ready_aimed","runId":"aim-debug","sessionId":"ccca42","timestamp":31656}
{"data":{"delay_s":1.75,"has_target_ref":true,"initial_target_pos":"(686.7139, 244.678)"},"hypothesisId":"P1","location":"scripts/battle/unit/projectile.gd","message":"projectile_delay_started","runId":"aim-debug","sessionId":"ccca42","timestamp":31663}
{"data":{"delay_s":1.75,"has_target_ref":true,"initial_target_pos":"(686.7139, 244.678)"},"hypothesisId":"P1","location":"scripts/battle/unit/projectile.gd","message":"projectile_delay_started","runId":"aim-debug","sessionId":"ccca42","timestamp":31670}
{"data":{"curr_target_pos":"(680.627, 247.3971)","curr_target_valid":true,"delta_target_dist":178.332946777344,"initial_target_pos":"(843.4519, 174.6601)","velocity":"(639.1274, -285.5103)"},"hypothesisId":"P1","location":"scripts/battle/unit/projectile.gd","message":"projectile_delay_ended","runId":"aim-debug","sessionId":"ccca42","timestamp":31682}
{"data":{"curr_target_pos":"(677.5835, 248.7567)","curr_target_valid":true,"delta_target_dist":176.666275024414,"initial_target_pos":"(838.8867, 176.6995)","velocity":"(204.7991, -669.3708)"},"hypothesisId":"P1","location":"scripts/battle/unit/projectile.gd","message":"projectile_delay_ended","runId":"aim-debug","sessionId":"ccca42","timestamp":31722}
{"data":{"curr_target_pos":"(677.5835, 248.7567)","curr_target_valid":true,"delta_target_dist":176.666275024414,"initial_target_pos":"(838.8867, 176.6995)","velocity":"(612.7444, 338.444)"},"hypothesisId":"P1","location":"scripts/battle/unit/projectile.gd","message":"projectile_delay_ended","runId":"aim-debug","sessionId":"ccca42","timestamp":31722}
{"data":{"allies_mult":1.0,"current_health":200,"enemy_mult":1.0,"max_health_effective":200,"stats_health":200,"team":1,"unit_id":"ally_warrior"},"hypothesisId":"H2","location":"scripts/battle/unit/unit_base.gd","message":"unit_health_emitted","runId":"aim-debug","sessionId":"ccca42","timestamp":31959}
{"data":{"attack_speed":1.2,"attack_type":1,"target_class":"CharacterBody2D","unit_id":"ally_archer"},"hypothesisId":"H4","location":"scripts/battle/unit/unit_base.gd","message":"attack_start","runId":"aim-debug","sessionId":"ccca42","timestamp":31987}
{"data":{"delay_applies":true,"initial_dir":"(0.513562, -0.858053)","initial_target_pos":"(664.8675, 255.3475)","speed":700.0,"team":0,"unit_id":"ally_archer"},"hypothesisId":"P1","location":"scripts/battle/unit/projectile.gd","message":"projectile_ready_aimed","runId":"aim-debug","sessionId":"ccca42","timestamp":31988}
{"data":{"delay_s":1.75,"has_target_ref":true,"initial_target_pos":"(664.8675, 255.3475)"},"hypothesisId":"P1","location":"scripts/battle/unit/projectile.gd","message":"projectile_delay_started","runId":"aim-debug","sessionId":"ccca42","timestamp":31996}
{"data":{"attack_speed":1.2,"attack_type":1,"target_class":"CharacterBody2D","unit_id":"ally_archer"},"hypothesisId":"H4","location":"scripts/battle/unit/unit_base.gd","message":"attack_start","runId":"aim-debug","sessionId":"ccca42","timestamp":32021}
{"data":{"delay_applies":true,"initial_dir":"(0.584802, -0.811176)","initial_target_pos":"(664.8675, 255.3475)","speed":700.0,"team":0,"unit_id":"ally_archer"},"hypothesisId":"P1","location":"scripts/battle/unit/projectile.gd","message":"projectile_ready_aimed","runId":"aim-debug","sessionId":"ccca42","timestamp":32021}
{"data":{"delay_s":1.75,"has_target_ref":true,"initial_target_pos":"(664.8675, 255.3475)"},"hypothesisId":"P1","location":"scripts/battle/unit/projectile.gd","message":"projectile_delay_started","runId":"aim-debug","sessionId":"ccca42","timestamp":32030}
{"data":{"curr_target_pos":"(664.8675, 255.3475)","curr_target_valid":true,"delta_target_dist":155.96696472168,"initial_target_pos":"(806.9304, 190.9749)","velocity":"(359.4932, -600.6368)"},"hypothesisId":"P1","location":"scripts/battle/unit/projectile.gd","message":"projectile_delay_ended","runId":"aim-debug","sessionId":"ccca42","timestamp":32072}
{"data":{"attack_speed":1.2,"attack_type":1,"target_class":"CharacterBody2D","unit_id":"ally_archer"},"hypothesisId":"H4","location":"scripts/battle/unit/unit_base.gd","message":"attack_start","runId":"aim-debug","sessionId":"ccca42","timestamp":32421}
{"data":{"delay_applies":true,"initial_dir":"(0.987074, 0.160266)","initial_target_pos":"(916.0, 328.8212)","speed":700.0,"team":0,"unit_id":"ally_archer"},"hypothesisId":"P1","location":"scripts/battle/unit/projectile.gd","message":"projectile_ready_aimed","runId":"aim-debug","sessionId":"ccca42","timestamp":32422}
{"data":{"delay_s":1.75,"has_target_ref":true,"initial_target_pos":"(916.0, 328.8212)"},"hypothesisId":"P1","location":"scripts/battle/unit/projectile.gd","message":"projectile_delay_started","runId":"aim-debug","sessionId":"ccca42","timestamp":32430}
{"data":{"attack_speed":1.2,"attack_type":1,"target_class":"CharacterBody2D","unit_id":"ally_archer"},"hypothesisId":"H4","location":"scripts/battle/unit/unit_base.gd","message":"attack_start","runId":"aim-debug","sessionId":"ccca42","timestamp":32471}
{"data":{"delay_applies":true,"initial_dir":"(0.960033, -0.279886)","initial_target_pos":"(910.0, 328.8013)","speed":700.0,"team":0,"unit_id":"ally_archer"},"hypothesisId":"P1","location":"scripts/battle/unit/projectile.gd","message":"projectile_ready_aimed","runId":"aim-debug","sessionId":"ccca42","timestamp":32471}
{"data":{"attack_speed":1.2,"attack_type":1,"target_class":"CharacterBody2D","unit_id":"ally_archer"},"hypothesisId":"H4","location":"scripts/battle/unit/unit_base.gd","message":"attack_start","runId":"aim-debug","sessionId":"ccca42","timestamp":32480}
{"data":{"delay_applies":true,"initial_dir":"(0.927166, 0.374651)","initial_target_pos":"(910.0, 328.8013)","speed":700.0,"team":0,"unit_id":"ally_archer"},"hypothesisId":"P1","location":"scripts/battle/unit/projectile.gd","message":"projectile_ready_aimed","runId":"aim-debug","sessionId":"ccca42","timestamp":32487}
{"data":{"delay_s":1.75,"has_target_ref":true,"initial_target_pos":"(910.0, 328.8013)"},"hypothesisId":"P1","location":"scripts/battle/unit/projectile.gd","message":"projectile_delay_started","runId":"aim-debug","sessionId":"ccca42","timestamp":32495}
{"data":{"delay_s":1.75,"has_target_ref":true,"initial_target_pos":"(910.0, 328.8013)"},"hypothesisId":"P1","location":"scripts/battle/unit/projectile.gd","message":"projectile_delay_started","runId":"aim-debug","sessionId":"ccca42","timestamp":32501}
{"data":{"curr_target_pos":"(0.0, 0.0)","curr_target_valid":false,"delta_target_dist":null,"initial_target_pos":"(767.3655, 208.6494)","velocity":"(639.1274, -285.5104)"},"hypothesisId":"P1","location":"scripts/battle/unit/projectile.gd","message":"projectile_delay_ended","runId":"aim-debug","sessionId":"ccca42","timestamp":32514}
{"data":{"curr_target_pos":"(0.0, 0.0)","curr_target_valid":false,"delta_target_dist":null,"initial_target_pos":"(762.8003, 210.6887)","velocity":"(390.9009, -580.6862)"},"hypothesisId":"P1","location":"scripts/battle/unit/projectile.gd","message":"projectile_delay_ended","runId":"aim-debug","sessionId":"ccca42","timestamp":32557}
{"data":{"curr_target_pos":"(0.0, 0.0)","curr_target_valid":false,"delta_target_dist":null,"initial_target_pos":"(762.8003, 210.6887)","velocity":"(698.0082, 52.76956)"},"hypothesisId":"P1","location":"scripts/battle/unit/projectile.gd","message":"projectile_delay_ended","runId":"aim-debug","sessionId":"ccca42","timestamp":32557}
{"data":{"attack_speed":1.2,"attack_type":1,"target_class":"CharacterBody2D","unit_id":"ally_archer"},"hypothesisId":"H4","location":"scripts/battle/unit/unit_base.gd","message":"attack_start","runId":"aim-debug","sessionId":"ccca42","timestamp":32821}
{"data":{"delay_applies":true,"initial_dir":"(0.99478, -0.102048)","initial_target_pos":"(868.0, 328.6623)","speed":700.0,"team":0,"unit_id":"ally_archer"},"hypothesisId":"P1","location":"scripts/battle/unit/projectile.gd","message":"projectile_ready_aimed","runId":"aim-debug","sessionId":"ccca42","timestamp":32822}
{"data":{"delay_s":1.75,"has_target_ref":true,"initial_target_pos":"(868.0, 328.6623)"},"hypothesisId":"P1","location":"scripts/battle/unit/projectile.gd","message":"projectile_delay_started","runId":"aim-debug","sessionId":"ccca42","timestamp":32831}
{"data":{"attack_speed":1.2,"attack_type":1,"target_class":"CharacterBody2D","unit_id":"ally_archer"},"hypothesisId":"H4","location":"scripts/battle/unit/unit_base.gd","message":"attack_start","runId":"aim-debug","sessionId":"ccca42","timestamp":32854}
{"data":{"delay_applies":true,"initial_dir":"(0.940539, -0.339685)","initial_target_pos":"(864.0, 328.649)","speed":700.0,"team":0,"unit_id":"ally_archer"},"hypothesisId":"P1","location":"scripts/battle/unit/projectile.gd","message":"projectile_ready_aimed","runId":"aim-debug","sessionId":"ccca42","timestamp":32855}
{"data":{"delay_s":1.75,"has_target_ref":true,"initial_target_pos":"(864.0, 328.649)"},"hypothesisId":"P1","location":"scripts/battle/unit/projectile.gd","message":"projectile_delay_started","runId":"aim-debug","sessionId":"ccca42","timestamp":32863}
{"data":{"curr_target_pos":"(0.0, 0.0)","curr_target_valid":false,"delta_target_dist":null,"initial_target_pos":"(730.844, 224.9642)","velocity":"(485.8704, -503.9146)"},"hypothesisId":"P1","location":"scripts/battle/unit/projectile.gd","message":"projectile_delay_ended","runId":"aim-debug","sessionId":"ccca42","timestamp":32905}
{"data":{"curr_target_pos":"(0.0, 0.0)","curr_target_valid":false,"delta_target_dist":null,"initial_target_pos":"(727.8005, 226.3238)","velocity":"(471.5217, -517.3658)"},"hypothesisId":"P1","location":"scripts/battle/unit/projectile.gd","message":"projectile_delay_ended","runId":"aim-debug","sessionId":"ccca42","timestamp":32939}
{"data":{"attack_speed":1.2,"attack_type":1,"target_class":"CharacterBody2D","unit_id":"ally_archer"},"hypothesisId":"H4","location":"scripts/battle/unit/unit_base.gd","message":"attack_start","runId":"aim-debug","sessionId":"ccca42","timestamp":33254}
{"data":{"delay_applies":true,"initial_dir":"(0.955076, 0.296362)","initial_target_pos":"(818.6097, 343.9158)","speed":700.0,"team":0,"unit_id":"ally_archer"},"hypothesisId":"P1","location":"scripts/battle/unit/projectile.gd","message":"projectile_ready_aimed","runId":"aim-debug","sessionId":"ccca42","timestamp":33255}
{"data":{"delay_s":1.75,"has_target_ref":true,"initial_target_pos":"(818.6097, 343.9158)"},"hypothesisId":"P1","location":"scripts/battle/unit/projectile.gd","message":"projectile_delay_started","runId":"aim-debug","sessionId":"ccca42","timestamp":33263}
{"data":{"attack_speed":1.2,"attack_type":1,"target_class":"CharacterBody2D","unit_id":"ally_archer"},"hypothesisId":"H4","location":"scripts/battle/unit/unit_base.gd","message":"attack_start","runId":"aim-debug","sessionId":"ccca42","timestamp":33304}
{"data":{"delay_applies":true,"initial_dir":"(0.943268, -0.332033)","initial_target_pos":"(812.9501, 345.908)","speed":700.0,"team":0,"unit_id":"ally_archer"},"hypothesisId":"P1","location":"scripts/battle/unit/projectile.gd","message":"projectile_ready_aimed","runId":"aim-debug","sessionId":"ccca42","timestamp":33305}
{"data":{"attack_speed":1.2,"attack_type":1,"target_class":"CharacterBody2D","unit_id":"ally_archer"},"hypothesisId":"H4","location":"scripts/battle/unit/unit_base.gd","message":"attack_start","runId":"aim-debug","sessionId":"ccca42","timestamp":33312}
{"data":{"delay_applies":true,"initial_dir":"(0.836363, 0.548176)","initial_target_pos":"(812.9501, 345.908)","speed":700.0,"team":0,"unit_id":"ally_archer"},"hypothesisId":"P1","location":"scripts/battle/unit/projectile.gd","message":"projectile_ready_aimed","runId":"aim-debug","sessionId":"ccca42","timestamp":33319}
{"data":{"delay_s":1.75,"has_target_ref":true,"initial_target_pos":"(812.9501, 345.908)"},"hypothesisId":"P1","location":"scripts/battle/unit/projectile.gd","message":"projectile_delay_started","runId":"aim-debug","sessionId":"ccca42","timestamp":33326}
{"data":{"delay_s":1.75,"has_target_ref":true,"initial_target_pos":"(812.9501, 345.908)"},"hypothesisId":"P1","location":"scripts/battle/unit/projectile.gd","message":"projectile_delay_started","runId":"aim-debug","sessionId":"ccca42","timestamp":33332}
{"data":{"curr_target_pos":"(0.0, 0.0)","curr_target_valid":false,"delta_target_dist":null,"initial_target_pos":"(691.2791, 242.6386)","velocity":"(639.1274, -285.5104)"},"hypothesisId":"P1","location":"scripts/battle/unit/projectile.gd","message":"projectile_delay_ended","runId":"aim-debug","sessionId":"ccca42","timestamp":33342}
{"data":{"curr_target_pos":"(0.0, 0.0)","curr_target_valid":false,"delta_target_dist":null,"initial_target_pos":"(686.7139, 244.678)","velocity":"(233.2084, -660.0104)"},"hypothesisId":"P1","location":"scripts/battle/unit/projectile.gd","message":"projectile_delay_ended","runId":"aim-debug","sessionId":"ccca42","timestamp":33389}
{"data":{"curr_target_pos":"(0.0, 0.0)","curr_target_valid":false,"delta_target_dist":null,"initial_target_pos":"(686.7139, 244.678)","velocity":"(635.1348, 294.2854)"},"hypothesisId":"P1","location":"scripts/battle/unit/projectile.gd","message":"projectile_delay_ended","runId":"aim-debug","sessionId":"ccca42","timestamp":33389}
{"data":{"attack_speed":1.2,"attack_type":1,"target_class":"CharacterBody2D","unit_id":"ally_archer"},"hypothesisId":"H4","location":"scripts/battle/unit/unit_base.gd","message":"attack_start","runId":"aim-debug","sessionId":"ccca42","timestamp":33654}
{"data":{"delay_applies":true,"initial_dir":"(0.99969, 0.024882)","initial_target_pos":"(773.3328, 359.8533)","speed":700.0,"team":0,"unit_id":"ally_archer"},"hypothesisId":"P1","location":"scripts/battle/unit/projectile.gd","message":"projectile_ready_aimed","runId":"aim-debug","sessionId":"ccca42","timestamp":33655}
{"data":{"delay_s":1.75,"has_target_ref":true,"initial_target_pos":"(773.3328, 359.8533)"},"hypothesisId":"P1","location":"scripts/battle/unit/projectile.gd","message":"projectile_delay_started","runId":"aim-debug","sessionId":"ccca42","timestamp":33663}
{"data":{"attack_speed":1.2,"attack_type":1,"target_class":"CharacterBody2D","unit_id":"ally_archer"},"hypothesisId":"H4","location":"scripts/battle/unit/unit_base.gd","message":"attack_start","runId":"aim-debug","sessionId":"ccca42","timestamp":33688}
{"data":{"delay_applies":true,"initial_dir":"(0.938287, -0.345857)","initial_target_pos":"(769.5598, 361.1815)","speed":700.0,"team":0,"unit_id":"ally_archer"},"hypothesisId":"P1","location":"scripts/battle/unit/projectile.gd","message":"projectile_ready_aimed","runId":"aim-debug","sessionId":"ccca42","timestamp":33688}
{"data":{"delay_s":1.75,"has_target_ref":true,"initial_target_pos":"(769.5598, 361.1815)"},"hypothesisId":"P1","location":"scripts/battle/unit/projectile.gd","message":"projectile_delay_started","runId":"aim-debug","sessionId":"ccca42","timestamp":33697}
{"data":{"curr_target_pos":"(0.0, 0.0)","curr_target_valid":false,"delta_target_dist":null,"initial_target_pos":"(664.8675, 255.3475)","velocity":"(359.4932, -600.6368)"},"hypothesisId":"P1","location":"scripts/battle/unit/projectile.gd","message":"projectile_delay_ended","runId":"aim-debug","sessionId":"ccca42","timestamp":33739}
{"data":{"curr_target_pos":"(0.0, 0.0)","curr_target_valid":false,"delta_target_dist":null,"initial_target_pos":"(664.8675, 255.3475)","velocity":"(409.3613, -567.8233)"},"hypothesisId":"P1","location":"scripts/battle/unit/projectile.gd","message":"projectile_delay_ended","runId":"aim-debug","sessionId":"ccca42","timestamp":33772}
{"data":{"allies_mult":1.0,"current_health":80,"enemy_mult":1.0,"max_health_effective":80,"stats_health":80,"team":0,"unit_id":"ally_archer"},"hypothesisId":"H2","location":"scripts/battle/unit/unit_base.gd","message":"unit_health_emitted","runId":"aim-debug","sessionId":"ccca42","timestamp":33919}
{"data":{"attack_speed":1.2,"attack_type":1,"target_class":"CharacterBody2D","unit_id":"ally_archer"},"hypothesisId":"H4","location":"scripts/battle/unit/unit_base.gd","message":"attack_start","runId":"aim-debug","sessionId":"ccca42","timestamp":33921}
{"data":{"delay_applies":true,"initial_dir":"(0.731862, -0.681453)","initial_target_pos":"(743.1483, 370.4783)","speed":700.0,"team":0,"unit_id":"ally_archer"},"hypothesisId":"P1","location":"scripts/battle/unit/projectile.gd","message":"projectile_ready_aimed","runId":"aim-debug","sessionId":"ccca42","timestamp":33928}
{"data":{"delay_s":1.75,"has_target_ref":true,"initial_target_pos":"(743.1483, 370.4783)"},"hypothesisId":"P1","location":"scripts/battle/unit/projectile.gd","message":"projectile_delay_started","runId":"aim-debug","sessionId":"ccca42","timestamp":33935}
{"data":{"attack_speed":1.2,"attack_type":1,"target_class":"CharacterBody2D","unit_id":"ally_archer"},"hypothesisId":"H4","location":"scripts/battle/unit/unit_base.gd","message":"attack_start","runId":"aim-debug","sessionId":"ccca42","timestamp":34087}
{"data":{"delay_applies":true,"initial_dir":"(0.759887, 0.650056)","initial_target_pos":"(724.2829, 377.119)","speed":700.0,"team":0,"unit_id":"ally_archer"},"hypothesisId":"P1","location":"scripts/battle/unit/projectile.gd","message":"projectile_ready_aimed","runId":"aim-debug","sessionId":"ccca42","timestamp":34088}
{"data":{"delay_s":1.75,"has_target_ref":true,"initial_target_pos":"(724.2829, 377.119)"},"hypothesisId":"P1","location":"scripts/battle/unit/projectile.gd","message":"projectile_delay_started","runId":"aim-debug","sessionId":"ccca42","timestamp":34096}
{"data":{"attack_speed":1.0,"attack_type":0,"target_class":"CharacterBody2D","unit_id":"ally_warrior"},"hypothesisId":"H4","location":"scripts/battle/unit/unit_base.gd","message":"attack_start","runId":"aim-debug","sessionId":"ccca42","timestamp":34121}
{"data":{"attack_speed":1.2,"attack_type":1,"target_class":"CharacterBody2D","unit_id":"ally_archer"},"hypothesisId":"H4","location":"scripts/battle/unit/unit_base.gd","message":"attack_start","runId":"aim-debug","sessionId":"ccca42","timestamp":34138}
{"data":{"delay_applies":true,"initial_dir":"(0.584614, 0.811311)","initial_target_pos":"(718.6233, 379.1111)","speed":700.0,"team":0,"unit_id":"ally_archer"},"hypothesisId":"P1","location":"scripts/battle/unit/projectile.gd","message":"projectile_ready_aimed","runId":"aim-debug","sessionId":"ccca42","timestamp":34138}
{"data":{"delay_s":1.75,"has_target_ref":true,"initial_target_pos":"(718.6233, 379.1111)"},"hypothesisId":"P1","location":"scripts/battle/unit/projectile.gd","message":"projectile_delay_started","runId":"aim-debug","sessionId":"ccca42","timestamp":34147}
{"data":{"curr_target_pos":"(712.9637, 381.1033)","curr_target_valid":true,"delta_target_dist":209.659652709961,"initial_target_pos":"(916.0, 328.8212)","velocity":"(498.0022, 491.9287)"},"hypothesisId":"P1","location":"scripts/battle/unit/projectile.gd","message":"projectile_delay_ended","runId":"aim-debug","sessionId":"ccca42","timestamp":34172}
{"data":{"curr_target_pos":"(707.3041, 383.0955)","curr_target_valid":true,"delta_target_dist":209.841598510742,"initial_target_pos":"(910.0, 328.8013)","velocity":"(660.2866, -232.4253)"},"hypothesisId":"P1","location":"scripts/battle/unit/projectile.gd","message":"projectile_delay_ended","runId":"aim-debug","sessionId":"ccca42","timestamp":34222}
{"data":{"curr_target_pos":"(707.3041, 383.0955)","curr_target_valid":true,"delta_target_dist":209.841598510742,"initial_target_pos":"(910.0, 328.8013)","velocity":"(378.791, 588.6573)"},"hypothesisId":"P1","location":"scripts/battle/unit/projectile.gd","message":"projectile_delay_ended","runId":"aim-debug","sessionId":"ccca42","timestamp":34222}
{"data":{"allies_mult":1.0,"current_health":80,"enemy_mult":1.0,"max_health_effective":80,"stats_health":80,"team":1,"unit_id":"enemy_archer"},"hypothesisId":"H2","location":"scripts/battle/unit/unit_base.gd","message":"unit_health_emitted","runId":"aim-debug","sessionId":"ccca42","timestamp":34465}
{"data":{"attack_speed":1.2,"attack_type":1,"target_class":"CharacterBody2D","unit_id":"ally_archer"},"hypothesisId":"H4","location":"scripts/battle/unit/unit_base.gd","message":"attack_start","runId":"aim-debug","sessionId":"ccca42","timestamp":34488}
{"data":{"delay_applies":true,"initial_dir":"(0.907886, 0.419216)","initial_target_pos":"(685.1516, 392.7483)","speed":700.0,"team":0,"unit_id":"ally_archer"},"hypothesisId":"P1","location":"scripts/battle/unit/projectile.gd","message":"projectile_ready_aimed","runId":"aim-debug","sessionId":"ccca42","timestamp":34488}
{"data":{"delay_s":1.75,"has_target_ref":true,"initial_target_pos":"(685.1516, 392.7483)"},"hypothesisId":"P1","location":"scripts/battle/unit/projectile.gd","message":"projectile_delay_started","runId":"aim-debug","sessionId":"ccca42","timestamp":34497}
{"data":{"attack_speed":1.2,"attack_type":1,"target_class":"CharacterBody2D","unit_id":"ally_archer"},"hypothesisId":"H4","location":"scripts/battle/unit/unit_base.gd","message":"attack_start","runId":"aim-debug","sessionId":"ccca42","timestamp":34521}
{"data":{"delay_applies":true,"initial_dir":"(0.942137, -0.335229)","initial_target_pos":"(685.4786, 393.8055)","speed":700.0,"team":0,"unit_id":"ally_archer"},"hypothesisId":"P1","location":"scripts/battle/unit/projectile.gd","message":"projectile_ready_aimed","runId":"aim-debug","sessionId":"ccca42","timestamp":34522}
{"data":{"delay_s":1.75,"has_target_ref":true,"initial_target_pos":"(685.4786, 393.8055)"},"hypothesisId":"P1","location":"scripts/battle/unit/projectile.gd","message":"projectile_delay_started","runId":"aim-debug","sessionId":"ccca42","timestamp":34530}
{"data":{"curr_target_pos":"(686.0298, 395.7698)","curr_target_valid":true,"delta_target_dist":193.949890136719,"initial_target_pos":"(868.0, 328.6623)","velocity":"(627.6065, 310.0163)"},"hypothesisId":"P1","location":"scripts/battle/unit/projectile.gd","message":"projectile_delay_ended","runId":"aim-debug","sessionId":"ccca42","timestamp":34572}
{"data":{"curr_target_pos":"(686.2609, 396.6783)","curr_target_valid":true,"delta_target_dist":190.313323974609,"initial_target_pos":"(864.0, 328.649)","velocity":"(664.4892, -220.123)"},"hypothesisId":"P1","location":"scripts/battle/unit/projectile.gd","message":"projectile_delay_ended","runId":"aim-debug","sessionId":"ccca42","timestamp":34606}
{"data":{"attack_speed":1.2,"attack_type":1,"target_class":"CharacterBody2D","unit_id":"enemy_archer"},"hypothesisId":"H4","location":"scripts/battle/unit/unit_base.gd","message":"attack_start","runId":"aim-debug","sessionId":"ccca42","timestamp":34671}
{"data":{"delay_applies":false,"initial_dir":"(-0.986459, 0.164007)","initial_target_pos":"(588.8654, 199.0367)","speed":700.0,"team":1,"unit_id":"enemy_archer"},"hypothesisId":"P1","location":"scripts/battle/unit/projectile.gd","message":"projectile_ready_aimed","runId":"aim-debug","sessionId":"ccca42","timestamp":34672}
{"data":{"attack_speed":1.2,"attack_type":1,"target_class":"CharacterBody2D","unit_id":"ally_archer"},"hypothesisId":"H4","location":"scripts/battle/unit/unit_base.gd","message":"attack_start","runId":"aim-debug","sessionId":"ccca42","timestamp":34754}
{"data":{"delay_applies":true,"initial_dir":"(0.44613, -0.894968)","initial_target_pos":"(671.9714, 389.4803)","speed":700.0,"team":0,"unit_id":"ally_archer"},"hypothesisId":"P1","location":"scripts/battle/unit/projectile.gd","message":"projectile_ready_aimed","runId":"aim-debug","sessionId":"ccca42","timestamp":34755}
{"data":{"delay_s":1.75,"has_target_ref":true,"initial_target_pos":"(671.9714, 389.4803)"},"hypothesisId":"P1","location":"scripts/battle/unit/projectile.gd","message":"projectile_delay_started","runId":"aim-debug","sessionId":"ccca42","timestamp":34762}
{"data":{"attack_speed":1.2,"attack_type":1,"target_class":"CharacterBody2D","unit_id":"ally_archer"},"hypothesisId":"H4","location":"scripts/battle/unit/unit_base.gd","message":"attack_start","runId":"aim-debug","sessionId":"ccca42","timestamp":34921}
{"data":{"delay_applies":true,"initial_dir":"(0.437581, 0.899179)","initial_target_pos":"(659.2886, 381.011)","speed":700.0,"team":0,"unit_id":"ally_archer"},"hypothesisId":"P1","location":"scripts/battle/unit/projectile.gd","message":"projectile_ready_aimed","runId":"aim-debug","sessionId":"ccca42","timestamp":34922}
{"data":{"delay_s":1.75,"has_target_ref":true,"initial_target_pos":"(659.2886, 381.011)"},"hypothesisId":"P1","location":"scripts/battle/unit/projectile.gd","message":"projectile_delay_started","runId":"aim-debug","sessionId":"ccca42","timestamp":34931}
{"data":{"attack_speed":1.2,"attack_type":1,"target_class":"CharacterBody2D","unit_id":"ally_archer"},"hypothesisId":"H4","location":"scripts/battle/unit/unit_base.gd","message":"attack_start","runId":"aim-debug","sessionId":"ccca42","timestamp":34971}
{"data":{"delay_applies":true,"initial_dir":"(0.368304, 0.929706)","initial_target_pos":"(660.1686, 379.0268)","speed":700.0,"team":0,"unit_id":"ally_archer"},"hypothesisId":"P1","location":"scripts/battle/unit/projectile.gd","message":"projectile_ready_aimed","runId":"aim-debug","sessionId":"ccca42","timestamp":34972}
{"data":{"delay_s":1.75,"has_target_ref":true,"initial_target_pos":"(660.1686, 379.0268)"},"hypothesisId":"P1","location":"scripts/battle/unit/projectile.gd","message":"projectile_delay_started","runId":"aim-debug","sessionId":"ccca42","timestamp":34980}
{"data":{"curr_target_pos":"(660.9256, 377.143)","curr_target_valid":true,"delta_target_dist":161.146865844727,"initial_target_pos":"(818.6097, 343.9158)","velocity":"(324.1847, 620.4066)"},"hypothesisId":"P1","location":"scripts/battle/unit/projectile.gd","message":"projectile_delay_ended","runId":"aim-debug","sessionId":"ccca42","timestamp":35009}
{"data":{"curr_target_pos":"(661.5735, 375.3676)","curr_target_valid":true,"delta_target_dist":154.21647644043,"initial_target_pos":"(812.9501, 345.908)","velocity":"(266.8428, 647.1437)"},"hypothesisId":"P1","location":"scripts/battle/unit/projectile.gd","message":"projectile_delay_ended","runId":"aim-debug","sessionId":"ccca42","timestamp":35055}
{"data":{"attack_speed":1.0,"attack_type":0,"target_class":"CharacterBody2D","unit_id":"ally_warrior"},"hypothesisId":"H4","location":"scripts/battle/unit/unit_base.gd","message":"attack_start","runId":"aim-debug","sessionId":"ccca42","timestamp":35121}
{"data":{"attack_speed":1.2,"attack_type":1,"target_class":"CharacterBody2D","unit_id":"ally_archer"},"hypothesisId":"H4","location":"scripts/battle/unit/unit_base.gd","message":"attack_start","runId":"aim-debug","sessionId":"ccca42","timestamp":35321}
{"data":{"delay_applies":true,"initial_dir":"(0.978094, 0.208164)","initial_target_pos":"(663.5809, 368.1632)","speed":700.0,"team":0,"unit_id":"ally_archer"},"hypothesisId":"P1","location":"scripts/battle/unit/projectile.gd","message":"projectile_ready_aimed","runId":"aim-debug","sessionId":"ccca42","timestamp":35322}
{"data":{"delay_s":1.75,"has_target_ref":true,"initial_target_pos":"(663.5809, 368.1632)"},"hypothesisId":"P1","location":"scripts/battle/unit/projectile.gd","message":"projectile_delay_started","runId":"aim-debug","sessionId":"ccca42","timestamp":35330}
{"data":{"attack_speed":1.2,"attack_type":1,"target_class":"CharacterBody2D","unit_id":"ally_archer"},"hypothesisId":"H4","location":"scripts/battle/unit/unit_base.gd","message":"attack_start","runId":"aim-debug","sessionId":"ccca42","timestamp":35354}
{"data":{"delay_applies":true,"initial_dir":"(0.827543, -0.561402)","initial_target_pos":"(663.7375, 367.403)","speed":700.0,"team":0,"unit_id":"ally_archer"},"hypothesisId":"P1","location":"scripts/battle/unit/projectile.gd","message":"projectile_ready_aimed","runId":"aim-debug","sessionId":"ccca42","timestamp":35355}
{"data":{"delay_s":1.75,"has_target_ref":true,"initial_target_pos":"(663.7375, 367.403)"},"hypothesisId":"P1","location":"scripts/battle/unit/projectile.gd","message":"projectile_delay_started","runId":"aim-debug","sessionId":"ccca42","timestamp":35362}
{"data":{"curr_target_pos":"(663.998, 366.0084)","curr_target_valid":true,"delta_target_dist":109.507888793945,"initial_target_pos":"(773.3328, 359.8533)","velocity":"(689.5322, 120.6038)"},"hypothesisId":"P1","location":"scripts/battle/unit/projectile.gd","message":"projectile_delay_ended","runId":"aim-debug","sessionId":"ccca42","timestamp":35405}
{"data":{"curr_target_pos":"(664.106, 365.3705)","curr_target_valid":true,"delta_target_dist":105.536911010742,"initial_target_pos":"(769.5598, 361.1815)","velocity":"(574.7609, -399.5622)"},"hypothesisId":"P1","location":"scripts/battle/unit/projectile.gd","message":"projectile_delay_ended","runId":"aim-debug","sessionId":"ccca42","timestamp":35439}
{"data":{"attack_speed":1.2,"attack_type":1,"target_class":"CharacterBody2D","unit_id":"enemy_archer"},"hypothesisId":"H4","location":"scripts/battle/unit/unit_base.gd","message":"attack_start","runId":"aim-debug","sessionId":"ccca42","timestamp":35504}
{"data":{"delay_applies":false,"initial_dir":"(-0.986459, 0.164006)","initial_target_pos":"(588.8654, 199.0367)","speed":700.0,"team":1,"unit_id":"enemy_archer"},"hypothesisId":"P1","location":"scripts/battle/unit/projectile.gd","message":"projectile_ready_aimed","runId":"aim-debug","sessionId":"ccca42","timestamp":35505}
{"data":{"attack_speed":1.2,"attack_type":1,"target_class":"CharacterBody2D","unit_id":"ally_archer"},"hypothesisId":"H4","location":"scripts/battle/unit/unit_base.gd","message":"attack_start","runId":"aim-debug","sessionId":"ccca42","timestamp":35588}
{"data":{"delay_applies":true,"initial_dir":"(0.303119, -0.952953)","initial_target_pos":"(664.4241, 363.1736)","speed":700.0,"team":0,"unit_id":"ally_archer"},"hypothesisId":"P1","location":"scripts/battle/unit/projectile.gd","message":"projectile_ready_aimed","runId":"aim-debug","sessionId":"ccca42","timestamp":35589}
{"data":{"delay_s":1.75,"has_target_ref":true,"initial_target_pos":"(664.4241, 363.1736)"},"hypothesisId":"P1","location":"scripts/battle/unit/projectile.gd","message":"projectile_delay_started","runId":"aim-debug","sessionId":"ccca42","timestamp":35596}
{"data":{"curr_target_pos":"(664.5759, 361.849)","curr_target_valid":true,"delta_target_dist":79.0447692871094,"initial_target_pos":"(743.1483, 370.4783)","velocity":"(210.7732, -667.5138)"},"hypothesisId":"P1","location":"scripts/battle/unit/projectile.gd","message":"projectile_delay_ended","runId":"aim-debug","sessionId":"ccca42","timestamp":35672}
{"data":{"attack_speed":1.2,"attack_type":1,"target_class":"CharacterBody2D","unit_id":"ally_archer"},"hypothesisId":"H4","location":"scripts/battle/unit/unit_base.gd","message":"attack_start","runId":"aim-debug","sessionId":"ccca42","timestamp":35754}
{"data":{"delay_applies":true,"initial_dir":"(0.556724, 0.830698)","initial_target_pos":"(664.6491, 361.0958)","speed":700.0,"team":0,"unit_id":"ally_archer"},"hypothesisId":"P1","location":"scripts/battle/unit/projectile.gd","message":"projectile_ready_aimed","runId":"aim-debug","sessionId":"ccca42","timestamp":35755}
{"data":{"delay_s":1.75,"has_target_ref":true,"initial_target_pos":"(664.6491, 361.0958)"},"hypothesisId":"P1","location":"scripts/battle/unit/projectile.gd","message":"projectile_delay_started","runId":"aim-debug","sessionId":"ccca42","timestamp":35763}
{"data":{"attack_speed":1.2,"attack_type":1,"target_class":"CharacterBody2D","unit_id":"ally_archer"},"hypothesisId":"H4","location":"scripts/battle/unit/unit_base.gd","message":"attack_start","runId":"aim-debug","sessionId":"ccca42","timestamp":35804}
{"data":{"delay_applies":true,"initial_dir":"(0.98646, -0.164005)","initial_target_pos":"(764.71, 169.8015)","speed":700.0,"team":0,"unit_id":"ally_archer"},"hypothesisId":"P1","location":"scripts/battle/unit/projectile.gd","message":"projectile_ready_aimed","runId":"aim-debug","sessionId":"ccca42","timestamp":35805}
{"data":{"delay_s":1.75,"has_target_ref":true,"initial_target_pos":"(764.71, 169.8015)"},"hypothesisId":"P1","location":"scripts/battle/unit/projectile.gd","message":"projectile_delay_started","runId":"aim-debug","sessionId":"ccca42","timestamp":35813}
{"data":{"curr_target_pos":"(664.7288, 360.1318)","curr_target_valid":true,"delta_target_dist":61.9294166564941,"initial_target_pos":"(724.2829, 377.119)","velocity":"(393.2776, 579.0792)"},"hypothesisId":"P1","location":"scripts/battle/unit/projectile.gd","message":"projectile_delay_ended","runId":"aim-debug","sessionId":"ccca42","timestamp":35839}
{"data":{"curr_target_pos":"(664.7584, 359.7152)","curr_target_valid":true,"delta_target_dist":57.2506256103516,"initial_target_pos":"(718.6233, 379.1111)","velocity":"(298.9594, 632.9481)"},"hypothesisId":"P1","location":"scripts/battle/unit/projectile.gd","message":"projectile_delay_ended","runId":"aim-debug","sessionId":"ccca42","timestamp":35890}
{"data":{"attack_speed":1.0,"attack_type":0,"target_class":"CharacterBody2D","unit_id":"ally_warrior"},"hypothesisId":"H4","location":"scripts/battle/unit/unit_base.gd","message":"attack_start","runId":"aim-debug","sessionId":"ccca42","timestamp":36121}
{"data":{"attack_speed":1.2,"attack_type":1,"target_class":"CharacterBody2D","unit_id":"ally_archer"},"hypothesisId":"H4","location":"scripts/battle/unit/unit_base.gd","message":"attack_start","runId":"aim-debug","sessionId":"ccca42","timestamp":36154}
{"data":{"delay_applies":true,"initial_dir":"(0.999144, 0.041368)","initial_target_pos":"(664.8441, 358.1441)","speed":700.0,"team":0,"unit_id":"ally_archer"},"hypothesisId":"P1","location":"scripts/battle/unit/projectile.gd","message":"projectile_ready_aimed","runId":"aim-debug","sessionId":"ccca42","timestamp":36155}
{"data":{"delay_s":1.75,"has_target_ref":true,"initial_target_pos":"(664.8441, 358.1441)"},"hypothesisId":"P1","location":"scripts/battle/unit/projectile.gd","message":"projectile_delay_started","runId":"aim-debug","sessionId":"ccca42","timestamp":36162}
{"data":{"attack_speed":1.2,"attack_type":1,"target_class":"CharacterBody2D","unit_id":"ally_archer"},"hypothesisId":"H4","location":"scripts/battle/unit/unit_base.gd","message":"attack_start","runId":"aim-debug","sessionId":"ccca42","timestamp":36187}
{"data":{"delay_applies":true,"initial_dir":"(0.796398, -0.604773)","initial_target_pos":"(664.8503, 357.9868)","speed":700.0,"team":0,"unit_id":"ally_archer"},"hypothesisId":"P1","location":"scripts/battle/unit/projectile.gd","message":"projectile_ready_aimed","runId":"aim-debug","sessionId":"ccca42","timestamp":36188}
{"data":{"delay_s":1.75,"has_target_ref":true,"initial_target_pos":"(664.8503, 357.9868)"},"hypothesisId":"P1","location":"scripts/battle/unit/projectile.gd","message":"projectile_delay_started","runId":"aim-debug","sessionId":"ccca42","timestamp":36196}
{"data":{"curr_target_pos":"(664.8607, 357.7013)","curr_target_valid":true,"delta_target_dist":40.4970359802246,"initial_target_pos":"(685.1516, 392.7483)","velocity":"(699.5954, 23.79683)"},"hypothesisId":"P1","location":"scripts/battle/unit/projectile.gd","message":"projectile_delay_ended","runId":"aim-debug","sessionId":"ccca42","timestamp":36239}
{"data":{"curr_target_pos":"(664.8629, 357.6355)","curr_target_valid":true,"delta_target_dist":41.6326026916504,"initial_target_pos":"(685.4786, 393.8055)","velocity":"(556.6208, -424.4682)"},"hypothesisId":"P1","location":"scripts/battle/unit/projectile.gd","message":"projectile_delay_ended","runId":"aim-debug","sessionId":"ccca42","timestamp":36273}
{"data":{"attack_speed":1.2,"attack_type":1,"target_class":"CharacterBody2D","unit_id":"enemy_archer"},"hypothesisId":"H4","location":"scripts/battle/unit/unit_base.gd","message":"attack_start","runId":"aim-debug","sessionId":"ccca42","timestamp":36337}
{"data":{"delay_applies":false,"initial_dir":"(-0.98646, 0.164005)","initial_target_pos":"(588.8654, 199.0367)","speed":700.0,"team":1,"unit_id":"enemy_archer"},"hypothesisId":"P1","location":"scripts/battle/unit/projectile.gd","message":"projectile_ready_aimed","runId":"aim-debug","sessionId":"ccca42","timestamp":36338}
{"data":{"attack_speed":1.2,"attack_type":1,"target_class":"CharacterBody2D","unit_id":"ally_archer"},"hypothesisId":"H4","location":"scripts/battle/unit/unit_base.gd","message":"attack_start","runId":"aim-debug","sessionId":"ccca42","timestamp":36421}
{"data":{"delay_applies":true,"initial_dir":"(0.29354, -0.955947)","initial_target_pos":"(664.8629, 357.6355)","speed":700.0,"team":0,"unit_id":"ally_archer"},"hypothesisId":"P1","location":"scripts/battle/unit/projectile.gd","message":"projectile_ready_aimed","runId":"aim-debug","sessionId":"ccca42","timestamp":36421}
{"data":{"delay_s":1.75,"has_target_ref":true,"initial_target_pos":"(664.8629, 357.6355)"},"hypothesisId":"P1","location":"scripts/battle/unit/projectile.gd","message":"projectile_delay_started","runId":"aim-debug","sessionId":"ccca42","timestamp":36430}
{"data":{"curr_target_pos":"(664.8629, 357.6355)","curr_target_valid":true,"delta_target_dist":32.6285247802734,"initial_target_pos":"(671.9714, 389.4803)","velocity":"(205.4782, -669.1627)"},"hypothesisId":"P1","location":"scripts/battle/unit/projectile.gd","message":"projectile_delay_ended","runId":"aim-debug","sessionId":"ccca42","timestamp":36505}
{"data":{"attack_speed":1.2,"attack_type":1,"target_class":"CharacterBody2D","unit_id":"ally_archer"},"hypothesisId":"H4","location":"scripts/battle/unit/unit_base.gd","message":"attack_start","runId":"aim-debug","sessionId":"ccca42","timestamp":36588}
{"data":{"delay_applies":true,"initial_dir":"(0.574798, 0.818295)","initial_target_pos":"(664.8629, 357.6355)","speed":700.0,"team":0,"unit_id":"ally_archer"},"hypothesisId":"P1","location":"scripts/battle/unit/projectile.gd","message":"projectile_ready_aimed","runId":"aim-debug","sessionId":"ccca42","timestamp":36588}
{"data":{"delay_s":1.75,"has_target_ref":true,"initial_target_pos":"(664.8629, 357.6355)"},"hypothesisId":"P1","location":"scripts/battle/unit/projectile.gd","message":"projectile_delay_started","runId":"aim-debug","sessionId":"ccca42","timestamp":36596}
{"data":{"attack_speed":1.2,"attack_type":1,"target_class":"CharacterBody2D","unit_id":"ally_archer"},"hypothesisId":"H4","location":"scripts/battle/unit/unit_base.gd","message":"attack_start","runId":"aim-debug","sessionId":"ccca42","timestamp":36638}
{"data":{"delay_applies":true,"initial_dir":"(0.98914, -0.146978)","initial_target_pos":"(648.2811, 190.208)","speed":700.0,"team":0,"unit_id":"ally_archer"},"hypothesisId":"P1","location":"scripts/battle/unit/projectile.gd","message":"projectile_ready_aimed","runId":"aim-debug","sessionId":"ccca42","timestamp":36638}
{"data":{"delay_s":1.75,"has_target_ref":true,"initial_target_pos":"(648.2811, 190.208)"},"hypothesisId":"P1","location":"scripts/battle/unit/projectile.gd","message":"projectile_delay_started","runId":"aim-debug","sessionId":"ccca42","timestamp":36646}
{"data":{"curr_target_pos":"(664.8629, 357.6355)","curr_target_valid":true,"delta_target_dist":24.0309677124023,"initial_target_pos":"(659.2886, 381.011)","velocity":"(402.3585, 572.8068)"},"hypothesisId":"P1","location":"scripts/battle/unit/projectile.gd","message":"projectile_delay_ended","runId":"aim-debug","sessionId":"ccca42","timestamp":36672}
{"data":{"curr_target_pos":"(664.8629, 357.6355)","curr_target_valid":true,"delta_target_dist":21.9003276824951,"initial_target_pos":"(660.1686, 379.0268)","velocity":"(302.4915, 631.2676)"},"hypothesisId":"P1","location":"scripts/battle/unit/projectile.gd","message":"projectile_delay_ended","runId":"aim-debug","sessionId":"ccca42","timestamp":36722}
{"data":{"allies_mult":1.0,"current_health":80,"enemy_mult":1.0,"max_health_effective":80,"stats_health":80,"team":0,"unit_id":"ally_archer"},"hypothesisId":"H2","location":"scripts/battle/unit/unit_base.gd","message":"unit_health_emitted","runId":"aim-debug","sessionId":"ccca42","timestamp":36829}
{"data":{"attack_speed":1.2,"attack_type":1,"target_class":"CharacterBody2D","unit_id":"ally_archer"},"hypothesisId":"H4","location":"scripts/battle/unit/unit_base.gd","message":"attack_start","runId":"aim-debug","sessionId":"ccca42","timestamp":36838}
{"data":{"delay_applies":true,"initial_dir":"(0.857706, -0.514141)","initial_target_pos":"(648.6888, 193.6293)","speed":700.0,"team":0,"unit_id":"ally_archer"},"hypothesisId":"P1","location":"scripts/battle/unit/projectile.gd","message":"projectile_ready_aimed","runId":"aim-debug","sessionId":"ccca42","timestamp":36841}
{"data":{"delay_s":1.75,"has_target_ref":true,"initial_target_pos":"(648.6888, 193.6293)"},"hypothesisId":"P1","location":"scripts/battle/unit/projectile.gd","message":"projectile_delay_started","runId":"aim-debug","sessionId":"ccca42","timestamp":36848}
{"data":{"attack_speed":1.2,"attack_type":1,"target_class":"CharacterBody2D","unit_id":"ally_archer"},"hypothesisId":"H4","location":"scripts/battle/unit/unit_base.gd","message":"attack_start","runId":"aim-debug","sessionId":"ccca42","timestamp":36987}
{"data":{"delay_applies":true,"initial_dir":"(0.264543, -0.964374)","initial_target_pos":"(648.8165, 195.3049)","speed":700.0,"team":0,"unit_id":"ally_archer"},"hypothesisId":"P1","location":"scripts/battle/unit/projectile.gd","message":"projectile_ready_aimed","runId":"aim-debug","sessionId":"ccca42","timestamp":36988}
{"data":{"delay_s":1.75,"has_target_ref":true,"initial_target_pos":"(648.8165, 195.3049)"},"hypothesisId":"P1","location":"scripts/battle/unit/projectile.gd","message":"projectile_delay_started","runId":"aim-debug","sessionId":"ccca42","timestamp":36997}
{"data":{"attack_speed":1.2,"attack_type":1,"target_class":"CharacterBody2D","unit_id":"ally_archer"},"hypothesisId":"H4","location":"scripts/battle/unit/unit_base.gd","message":"attack_start","runId":"aim-debug","sessionId":"ccca42","timestamp":37021}
{"data":{"delay_applies":true,"initial_dir":"(0.349699, -0.936862)","initial_target_pos":"(648.8342, 195.6007)","speed":700.0,"team":0,"unit_id":"ally_archer"},"hypothesisId":"P1","location":"scripts/battle/unit/projectile.gd","message":"projectile_ready_aimed","runId":"aim-debug","sessionId":"ccca42","timestamp":37021}
{"data":{"delay_s":1.75,"has_target_ref":true,"initial_target_pos":"(648.8342, 195.6007)"},"hypothesisId":"P1","location":"scripts/battle/unit/projectile.gd","message":"projectile_delay_started","runId":"aim-debug","sessionId":"ccca42","timestamp":37030}
{"data":{"curr_target_pos":"(0.0, 0.0)","curr_target_valid":false,"delta_target_dist":null,"initial_target_pos":"(663.5809, 368.1632)","velocity":"(684.6658, 145.7147)"},"hypothesisId":"P1","location":"scripts/battle/unit/projectile.gd","message":"projectile_delay_ended","runId":"aim-debug","sessionId":"ccca42","timestamp":37072}
{"data":{"curr_target_pos":"(0.0, 0.0)","curr_target_valid":false,"delta_target_dist":null,"initial_target_pos":"(663.7375, 367.403)","velocity":"(579.2803, -392.9814)"},"hypothesisId":"P1","location":"scripts/battle/unit/projectile.gd","message":"projectile_delay_ended","runId":"aim-debug","sessionId":"ccca42","timestamp":37105}
{"data":{"attack_speed":1.2,"attack_type":1,"target_class":"CharacterBody2D","unit_id":"enemy_archer"},"hypothesisId":"H4","location":"scripts/battle/unit/unit_base.gd","message":"attack_start","runId":"aim-debug","sessionId":"ccca42","timestamp":37171}
{"data":{"delay_applies":false,"initial_dir":"(-0.999223, 0.039424)","initial_target_pos":"(588.8654, 199.0367)","speed":700.0,"team":1,"unit_id":"enemy_archer"},"hypothesisId":"P1","location":"scripts/battle/unit/projectile.gd","message":"projectile_ready_aimed","runId":"aim-debug","sessionId":"ccca42","timestamp":37171}
{"data":{"attack_speed":1.2,"attack_type":1,"target_class":"CharacterBody2D","unit_id":"ally_archer"},"hypothesisId":"H4","location":"scripts/battle/unit/unit_base.gd","message":"attack_start","runId":"aim-debug","sessionId":"ccca42","timestamp":37254}
{"data":{"delay_applies":true,"initial_dir":"(0.074304, -0.997236)","initial_target_pos":"(648.9016, 197.1115)","speed":700.0,"team":0,"unit_id":"ally_archer"},"hypothesisId":"P1","location":"scripts/battle/unit/projectile.gd","message":"projectile_ready_aimed","runId":"aim-debug","sessionId":"ccca42","timestamp":37255}
{"data":{"delay_s":1.75,"has_target_ref":true,"initial_target_pos":"(648.9016, 197.1115)"},"hypothesisId":"P1","location":"scripts/battle/unit/projectile.gd","message":"projectile_delay_started","runId":"aim-debug","sessionId":"ccca42","timestamp":37264}
{"data":{"curr_target_pos":"(0.0, 0.0)","curr_target_valid":false,"delta_target_dist":null,"initial_target_pos":"(664.4241, 363.1736)","velocity":"(212.1836, -667.0668)"},"hypothesisId":"P1","location":"scripts/battle/unit/projectile.gd","message":"projectile_delay_ended","runId":"aim-debug","sessionId":"ccca42","timestamp":37339}
{"data":{"attack_speed":1.2,"attack_type":1,"target_class":"CharacterBody2D","unit_id":"ally_archer"},"hypothesisId":"H4","location":"scripts/battle/unit/unit_base.gd","message":"attack_start","runId":"aim-debug","sessionId":"ccca42","timestamp":37421}
{"data":{"delay_applies":true,"initial_dir":"(0.434497, -0.900673)","initial_target_pos":"(648.9188, 197.7645)","speed":700.0,"team":0,"unit_id":"ally_archer"},"hypothesisId":"P1","location":"scripts/battle/unit/projectile.gd","message":"projectile_ready_aimed","runId":"aim-debug","sessionId":"ccca42","timestamp":37422}
{"data":{"delay_s":1.75,"has_target_ref":true,"initial_target_pos":"(648.9188, 197.7645)"},"hypothesisId":"P1","location":"scripts/battle/unit/projectile.gd","message":"projectile_delay_started","runId":"aim-debug","sessionId":"ccca42","timestamp":37430}
{"data":{"curr_target_pos":"(0.0, 0.0)","curr_target_valid":false,"delta_target_dist":null,"initial_target_pos":"(664.6491, 361.0958)","velocity":"(389.7065, 581.4884)"},"hypothesisId":"P1","location":"scripts/battle/unit/projectile.gd","message":"projectile_delay_ended","runId":"aim-debug","sessionId":"ccca42","timestamp":37505}
{"data":{"curr_target_pos":"(648.926, 198.1607)","curr_target_valid":true,"delta_target_dist":119.206436157227,"initial_target_pos":"(764.71, 169.8015)","velocity":"(699.9255, -10.20922)"},"hypothesisId":"P1","location":"scripts/battle/unit/projectile.gd","message":"projectile_delay_ended","runId":"aim-debug","sessionId":"ccca42","timestamp":37556}
{"data":{"attack_speed":1.2,"attack_type":1,"target_class":"CharacterBody2D","unit_id":"ally_archer"},"hypothesisId":"H4","location":"scripts/battle/unit/unit_base.gd","message":"attack_start","runId":"aim-debug","sessionId":"ccca42","timestamp":37671}
{"data":{"delay_applies":true,"initial_dir":"(0.866608, -0.49899)","initial_target_pos":"(648.9285, 198.3536)","speed":700.0,"team":0,"unit_id":"ally_archer"},"hypothesisId":"P1","location":"scripts/battle/unit/projectile.gd","message":"projectile_ready_aimed","runId":"aim-debug","sessionId":"ccca42","timestamp":37671}
{"data":{"delay_s":1.75,"has_target_ref":true,"initial_target_pos":"(648.9285, 198.3536)"},"hypothesisId":"P1","location":"scripts/battle/unit/projectile.gd","message":"projectile_delay_started","runId":"aim-debug","sessionId":"ccca42","timestamp":37679}
{"data":{"attack_speed":1.2,"attack_type":1,"target_class":"CharacterBody2D","unit_id":"ally_archer"},"hypothesisId":"H4","location":"scripts/battle/unit/unit_base.gd","message":"attack_start","runId":"aim-debug","sessionId":"ccca42","timestamp":37821}
{"data":{"delay_applies":true,"initial_dir":"(0.252681, -0.967549)","initial_target_pos":"(642.3668, 211.9216)","speed":700.0,"team":0,"unit_id":"ally_archer"},"hypothesisId":"P1","location":"scripts/battle/unit/projectile.gd","message":"projectile_ready_aimed","runId":"aim-debug","sessionId":"ccca42","timestamp":37822}
{"data":{"delay_s":1.75,"has_target_ref":true,"initial_target_pos":"(642.3668, 211.9216)"},"hypothesisId":"P1","location":"scripts/battle/unit/projectile.gd","message":"projectile_delay_started","runId":"aim-debug","sessionId":"ccca42","timestamp":37830}
{"data":{"attack_speed":1.2,"attack_type":1,"target_class":"CharacterBody2D","unit_id":"ally_archer"},"hypothesisId":"H4","location":"scripts/battle/unit/unit_base.gd","message":"attack_start","runId":"aim-debug","sessionId":"ccca42","timestamp":37854}
{"data":{"delay_applies":true,"initial_dir":"(0.346427, -0.938077)","initial_target_pos":"(640.1793, 216.4177)","speed":700.0,"team":0,"unit_id":"ally_archer"},"hypothesisId":"P1","location":"scripts/battle/unit/projectile.gd","message":"projectile_ready_aimed","runId":"aim-debug","sessionId":"ccca42","timestamp":37855}
{"data":{"delay_s":1.75,"has_target_ref":true,"initial_target_pos":"(640.1793, 216.4177)"},"hypothesisId":"P1","location":"scripts/battle/unit/projectile.gd","message":"projectile_delay_started","runId":"aim-debug","sessionId":"ccca42","timestamp":37863}
{"data":{"curr_target_pos":"(0.0, 0.0)","curr_target_valid":false,"delta_target_dist":null,"initial_target_pos":"(664.8441, 358.1441)","velocity":"(699.4008, 28.95792)"},"hypothesisId":"P1","location":"scripts/battle/unit/projectile.gd","message":"projectile_delay_ended","runId":"aim-debug","sessionId":"ccca42","timestamp":37907}
{"data":{"curr_target_pos":"(0.0, 0.0)","curr_target_valid":false,"delta_target_dist":null,"initial_target_pos":"(664.8503, 357.9868)","velocity":"(557.4783, -423.3414)"},"hypothesisId":"P1","location":"scripts/battle/unit/projectile.gd","message":"projectile_delay_ended","runId":"aim-debug","sessionId":"ccca42","timestamp":37939}
{"data":{"attack_speed":1.2,"attack_type":1,"target_class":"CharacterBody2D","unit_id":"enemy_archer"},"hypothesisId":"H4","location":"scripts/battle/unit/unit_base.gd","message":"attack_start","runId":"aim-debug","sessionId":"ccca42","timestamp":38004}
{"data":{"delay_applies":false,"initial_dir":"(-0.437491, 0.899223)","initial_target_pos":"(609.6878, 279.087)","speed":700.0,"team":1,"unit_id":"enemy_archer"},"hypothesisId":"P1","location":"scripts/battle/unit/projectile.gd","message":"projectile_ready_aimed","runId":"aim-debug","sessionId":"ccca42","timestamp":38005}
{"data":{"attack_speed":1.2,"attack_type":1,"target_class":"CharacterBody2D","unit_id":"ally_archer"},"hypothesisId":"H4","location":"scripts/battle/unit/unit_base.gd","message":"attack_start","runId":"aim-debug","sessionId":"ccca42","timestamp":38087}
{"data":{"delay_applies":true,"initial_dir":"(0.031521, -0.999503)","initial_target_pos":"(635.9622, 225.0721)","speed":700.0,"team":0,"unit_id":"ally_archer"},"hypothesisId":"P1","location":"scripts/battle/unit/projectile.gd","message":"projectile_ready_aimed","runId":"aim-debug","sessionId":"ccca42","timestamp":38088}
{"data":{"delay_s":1.75,"has_target_ref":true,"initial_target_pos":"(635.9622, 225.0721)"},"hypothesisId":"P1","location":"scripts/battle/unit/projectile.gd","message":"projectile_delay_started","runId":"aim-debug","sessionId":"ccca42","timestamp":38096}
{"data":{"curr_target_pos":"(0.0, 0.0)","curr_target_valid":false,"delta_target_dist":null,"initial_target_pos":"(664.8629, 357.6355)","velocity":"(205.4782, -669.1627)"},"hypothesisId":"P1","location":"scripts/battle/unit/projectile.gd","message":"projectile_delay_ended","runId":"aim-debug","sessionId":"ccca42","timestamp":38172}
{"data":{"curr_target_pos":"(0.0, 0.0)","curr_target_valid":false,"delta_target_dist":null,"initial_target_pos":"(664.8629, 357.6355)","velocity":"(402.3585, 572.8068)"},"hypothesisId":"P1","location":"scripts/battle/unit/projectile.gd","message":"projectile_delay_ended","runId":"aim-debug","sessionId":"ccca42","timestamp":38339}
{"data":{"attack_speed":1.2,"attack_type":1,"target_class":"CharacterBody2D","unit_id":"ally_archer"},"hypothesisId":"H4","location":"scripts/battle/unit/unit_base.gd","message":"attack_start","runId":"aim-debug","sessionId":"ccca42","timestamp":38504}
{"data":{"delay_applies":true,"initial_dir":"(0.902891, -0.429869)","initial_target_pos":"(635.945, 225.0638)","speed":700.0,"team":0,"unit_id":"ally_archer"},"hypothesisId":"P1","location":"scripts/battle/unit/projectile.gd","message":"projectile_ready_aimed","runId":"aim-debug","sessionId":"ccca42","timestamp":38505}
{"data":{"delay_s":1.75,"has_target_ref":true,"initial_target_pos":"(635.945, 225.0638)"},"hypothesisId":"P1","location":"scripts/battle/unit/projectile.gd","message":"projectile_delay_started","runId":"aim-debug","sessionId":"ccca42","timestamp":38512}
{"data":{"curr_target_pos":"(634.2057, 232.3591)","curr_target_valid":true,"delta_target_dist":41.3492088317871,"initial_target_pos":"(648.6888, 193.6293)","velocity":"(640.182, -283.1379)"},"hypothesisId":"P1","location":"scripts/battle/unit/projectile.gd","message":"projectile_delay_ended","runId":"aim-debug","sessionId":"ccca42","timestamp":38589}
{"data":{"attack_speed":1.2,"attack_type":1,"target_class":"CharacterBody2D","unit_id":"ally_archer"},"hypothesisId":"H4","location":"scripts/battle/unit/unit_base.gd","message":"attack_start","runId":"aim-debug","sessionId":"ccca42","timestamp":38654}
{"data":{"delay_applies":true,"initial_dir":"(0.231768, -0.972771)","initial_target_pos":"(632.4675, 239.6549)","speed":700.0,"team":0,"unit_id":"ally_archer"},"hypothesisId":"P1","location":"scripts/battle/unit/projectile.gd","message":"projectile_ready_aimed","runId":"aim-debug","sessionId":"ccca42","timestamp":38654}
{"data":{"delay_s":1.75,"has_target_ref":true,"initial_target_pos":"(632.4675, 239.6549)"},"hypothesisId":"P1","location":"scripts/battle/unit/projectile.gd","message":"projectile_delay_started","runId":"aim-debug","sessionId":"ccca42","timestamp":38663}
{"data":{"attack_speed":1.2,"attack_type":1,"target_class":"CharacterBody2D","unit_id":"ally_archer"},"hypothesisId":"H4","location":"scripts/battle/unit/unit_base.gd","message":"attack_start","runId":"aim-debug","sessionId":"ccca42","timestamp":38687}
{"data":{"delay_applies":true,"initial_dir":"(0.352793, -0.935701)","initial_target_pos":"(631.3087, 244.5187)","speed":700.0,"team":0,"unit_id":"ally_archer"},"hypothesisId":"P1","location":"scripts/battle/unit/projectile.gd","message":"projectile_ready_aimed","runId":"aim-debug","sessionId":"ccca42","timestamp":38688}
{"data":{"delay_s":1.75,"has_target_ref":true,"initial_target_pos":"(631.3087, 244.5187)"},"hypothesisId":"P1","location":"scripts/battle/unit/projectile.gd","message":"projectile_delay_started","runId":"aim-debug","sessionId":"ccca42","timestamp":38696}
{"data":{"curr_target_pos":"(628.9911, 254.2464)","curr_target_valid":true,"delta_target_dist":62.1864852905273,"initial_target_pos":"(648.8165, 195.3049)","velocity":"(162.2381, -680.9396)"},"hypothesisId":"P1","location":"scripts/battle/unit/projectile.gd","message":"projectile_delay_ended","runId":"aim-debug","sessionId":"ccca42","timestamp":38739}
{"data":{"curr_target_pos":"(627.8323, 259.1103)","curr_target_valid":true,"delta_target_dist":66.8920364379883,"initial_target_pos":"(648.8342, 195.6007)","velocity":"(253.3679, -652.5371)"},"hypothesisId":"P1","location":"scripts/battle/unit/projectile.gd","message":"projectile_delay_ended","runId":"aim-debug","sessionId":"ccca42","timestamp":38772}
{"data":{"attack_speed":1.2,"attack_type":1,"target_class":"CharacterBody2D","unit_id":"ally_archer"},"hypothesisId":"H4","location":"scripts/battle/unit/unit_base.gd","message":"attack_start","runId":"aim-debug","sessionId":"ccca42","timestamp":38921}
{"data":{"delay_applies":true,"initial_dir":"(-0.006183, -0.999981)","initial_target_pos":"(626.6735, 263.9741)","speed":700.0,"team":0,"unit_id":"ally_archer"},"hypothesisId":"P1","location":"scripts/battle/unit/projectile.gd","message":"projectile_ready_aimed","runId":"aim-debug","sessionId":"ccca42","timestamp":38921}
{"data":{"delay_s":1.75,"has_target_ref":true,"initial_target_pos":"(626.6735, 263.9741)"},"hypothesisId":"P1","location":"scripts/battle/unit/projectile.gd","message":"projectile_delay_started","runId":"aim-debug","sessionId":"ccca42","timestamp":38930}
{"data":{"allies_mult":1.0,"current_health":200,"enemy_mult":1.0,"max_health_effective":200,"stats_health":200,"team":1,"unit_id":"enemy_warrior"},"hypothesisId":"H2","location":"scripts/battle/unit/unit_base.gd","message":"unit_health_emitted","runId":"aim-debug","sessionId":"ccca42","timestamp":38980}
{"data":{"curr_target_pos":"(626.6735, 263.9741)","curr_target_valid":true,"delta_target_dist":70.4606552124023,"initial_target_pos":"(648.9016, 197.1115)","velocity":"(-4.328234, -699.9866)"},"hypothesisId":"P1","location":"scripts/battle/unit/projectile.gd","message":"projectile_delay_ended","runId":"aim-debug","sessionId":"ccca42","timestamp":39005}
{"data":{"curr_target_pos":"(0.0, 0.0)","curr_target_valid":false,"delta_target_dist":null,"initial_target_pos":"(648.9285, 198.3536)","velocity":"(606.6253, -349.2932)"},"hypothesisId":"P1","location":"scripts/battle/unit/projectile.gd","message":"projectile_delay_ended","runId":"aim-debug","sessionId":"ccca42","timestamp":39422}
{"data":{"attack_speed":1.2,"attack_type":1,"target_class":"CharacterBody2D","unit_id":"ally_archer"},"hypothesisId":"H4","location":"scripts/battle/unit/unit_base.gd","message":"attack_start","runId":"aim-debug","sessionId":"ccca42","timestamp":39487}
{"data":{"delay_applies":true,"initial_dir":"(0.99615, -0.087671)","initial_target_pos":"(910.0, 328.8013)","speed":700.0,"team":0,"unit_id":"ally_archer"},"hypothesisId":"P1","location":"scripts/battle/unit/projectile.gd","message":"projectile_ready_aimed","runId":"aim-debug","sessionId":"ccca42","timestamp":39488}
{"data":{"delay_s":1.75,"has_target_ref":true,"initial_target_pos":"(910.0, 328.8013)"},"hypothesisId":"P1","location":"scripts/battle/unit/projectile.gd","message":"projectile_delay_started","runId":"aim-debug","sessionId":"ccca42","timestamp":39496}
{"data":{"attack_speed":1.2,"attack_type":1,"target_class":"CharacterBody2D","unit_id":"ally_archer"},"hypothesisId":"H4","location":"scripts/battle/unit/unit_base.gd","message":"attack_start","runId":"aim-debug","sessionId":"ccca42","timestamp":39521}
{"data":{"delay_applies":true,"initial_dir":"(0.95298, -0.303035)","initial_target_pos":"(906.0, 328.7881)","speed":700.0,"team":0,"unit_id":"ally_archer"},"hypothesisId":"P1","location":"scripts/battle/unit/projectile.gd","message":"projectile_ready_aimed","runId":"aim-debug","sessionId":"ccca42","timestamp":39521}
{"data":{"delay_s":1.75,"has_target_ref":true,"initial_target_pos":"(906.0, 328.7881)"},"hypothesisId":"P1","location":"scripts/battle/unit/projectile.gd","message":"projectile_delay_started","runId":"aim-debug","sessionId":"ccca42","timestamp":39530}
{"data":{"curr_target_pos":"(0.0, 0.0)","curr_target_valid":false,"delta_target_dist":null,"initial_target_pos":"(642.3668, 211.9216)","velocity":"(176.877, -677.2846)"},"hypothesisId":"P1","location":"scripts/battle/unit/projectile.gd","message":"projectile_delay_ended","runId":"aim-debug","sessionId":"ccca42","timestamp":39572}
{"data":{"curr_target_pos":"(0.0, 0.0)","curr_target_valid":false,"delta_target_dist":null,"initial_target_pos":"(640.1793, 216.4177)","velocity":"(242.4991, -656.6538)"},"hypothesisId":"P1","location":"scripts/battle/unit/projectile.gd","message":"projectile_delay_ended","runId":"aim-debug","sessionId":"ccca42","timestamp":39606}
{"data":{"attack_speed":1.2,"attack_type":1,"target_class":"CharacterBody2D","unit_id":"ally_archer"},"hypothesisId":"H4","location":"scripts/battle/unit/unit_base.gd","message":"attack_start","runId":"aim-debug","sessionId":"ccca42","timestamp":39755}
{"data":{"delay_applies":true,"initial_dir":"(0.859003, -0.511971)","initial_target_pos":"(878.0, 328.6954)","speed":700.0,"team":0,"unit_id":"ally_archer"},"hypothesisId":"P1","location":"scripts/battle/unit/projectile.gd","message":"projectile_ready_aimed","runId":"aim-debug","sessionId":"ccca42","timestamp":39755}
{"data":{"delay_s":1.75,"has_target_ref":true,"initial_target_pos":"(878.0, 328.6954)"},"hypothesisId":"P1","location":"scripts/battle/unit/projectile.gd","message":"projectile_delay_started","runId":"aim-debug","sessionId":"ccca42","timestamp":39763}
{"data":{"curr_target_pos":"(0.0, 0.0)","curr_target_valid":false,"delta_target_dist":null,"initial_target_pos":"(635.9622, 225.0721)","velocity":"(22.06503, -699.6522)"},"hypothesisId":"P1","location":"scripts/battle/unit/projectile.gd","message":"projectile_delay_ended","runId":"aim-debug","sessionId":"ccca42","timestamp":39838}
{"data":{"attack_speed":1.2,"attack_type":1,"target_class":"CharacterBody2D","unit_id":"ally_archer"},"hypothesisId":"H4","location":"scripts/battle/unit/unit_base.gd","message":"attack_start","runId":"aim-debug","sessionId":"ccca42","timestamp":39854}
{"data":{"delay_applies":true,"initial_dir":"(0.999568, 0.029385)","initial_target_pos":"(866.0, 328.6556)","speed":700.0,"team":0,"unit_id":"ally_archer"},"hypothesisId":"P1","location":"scripts/battle/unit/projectile.gd","message":"projectile_ready_aimed","runId":"aim-debug","sessionId":"ccca42","timestamp":39855}
{"data":{"delay_s":1.75,"has_target_ref":true,"initial_target_pos":"(866.0, 328.6556)"},"hypothesisId":"P1","location":"scripts/battle/unit/projectile.gd","message":"projectile_delay_started","runId":"aim-debug","sessionId":"ccca42","timestamp":39863}
{"data":{"curr_target_pos":"(0.0, 0.0)","curr_target_valid":false,"delta_target_dist":null,"initial_target_pos":"(635.945, 225.0638)","velocity":"(632.0239, -300.9082)"},"hypothesisId":"P1","location":"scripts/battle/unit/projectile.gd","message":"projectile_delay_ended","runId":"aim-debug","sessionId":"ccca42","timestamp":40257}
{"data":{"attack_speed":1.2,"attack_type":1,"target_class":"CharacterBody2D","unit_id":"ally_archer"},"hypothesisId":"H4","location":"scripts/battle/unit/unit_base.gd","message":"attack_start","runId":"aim-debug","sessionId":"ccca42","timestamp":40320}
{"data":{"delay_applies":true,"initial_dir":"(0.994065, -0.108788)","initial_target_pos":"(810.2487, 333.1787)","speed":700.0,"team":0,"unit_id":"ally_archer"},"hypothesisId":"P1","location":"scripts/battle/unit/projectile.gd","message":"projectile_ready_aimed","runId":"aim-debug","sessionId":"ccca42","timestamp":40321}
{"data":{"delay_s":1.75,"has_target_ref":true,"initial_target_pos":"(810.2487, 333.1787)"},"hypothesisId":"P1","location":"scripts/battle/unit/projectile.gd","message":"projectile_delay_started","runId":"aim-debug","sessionId":"ccca42","timestamp":40329}
{"data":{"attack_speed":1.2,"attack_type":1,"target_class":"CharacterBody2D","unit_id":"ally_archer"},"hypothesisId":"H4","location":"scripts/battle/unit/unit_base.gd","message":"attack_start","runId":"aim-debug","sessionId":"ccca42","timestamp":40354}
{"data":{"delay_applies":true,"initial_dir":"(0.91649, -0.400057)","initial_target_pos":"(806.2723, 333.6139)","speed":700.0,"team":0,"unit_id":"ally_archer"},"hypothesisId":"P1","location":"scripts/battle/unit/projectile.gd","message":"projectile_ready_aimed","runId":"aim-debug","sessionId":"ccca42","timestamp":40354}
{"data":{"delay_s":1.75,"has_target_ref":true,"initial_target_pos":"(806.2723, 333.6139)"},"hypothesisId":"P1","location":"scripts/battle/unit/projectile.gd","message":"projectile_delay_started","runId":"aim-debug","sessionId":"ccca42","timestamp":40362}
{"data":{"curr_target_pos":"(0.0, 0.0)","curr_target_valid":false,"delta_target_dist":null,"initial_target_pos":"(632.4675, 239.6549)","velocity":"(162.2375, -680.9398)"},"hypothesisId":"P1","location":"scripts/battle/unit/projectile.gd","message":"projectile_delay_ended","runId":"aim-debug","sessionId":"ccca42","timestamp":40405}
{"data":{"curr_target_pos":"(0.0, 0.0)","curr_target_valid":false,"delta_target_dist":null,"initial_target_pos":"(631.3087, 244.5187)","velocity":"(246.9552, -654.991)"},"hypothesisId":"P1","location":"scripts/battle/unit/projectile.gd","message":"projectile_delay_ended","runId":"aim-debug","sessionId":"ccca42","timestamp":40439}
{"data":{"attack_speed":1.2,"attack_type":1,"target_class":"CharacterBody2D","unit_id":"ally_archer"},"hypothesisId":"H4","location":"scripts/battle/unit/unit_base.gd","message":"attack_start","runId":"aim-debug","sessionId":"ccca42","timestamp":40587}
{"data":{"delay_applies":true,"initial_dir":"(0.729538, -0.68394)","initial_target_pos":"(778.4381, 336.66)","speed":700.0,"team":0,"unit_id":"ally_archer"},"hypothesisId":"P1","location":"scripts/battle/unit/projectile.gd","message":"projectile_ready_aimed","runId":"aim-debug","sessionId":"ccca42","timestamp":40588}
{"data":{"delay_s":1.75,"has_target_ref":true,"initial_target_pos":"(778.4381, 336.66)"},"hypothesisId":"P1","location":"scripts/battle/unit/projectile.gd","message":"projectile_delay_started","runId":"aim-debug","sessionId":"ccca42","timestamp":40596}
{"data":{"curr_target_pos":"(0.0, 0.0)","curr_target_valid":false,"delta_target_dist":null,"initial_target_pos":"(626.6735, 263.9741)","velocity":"(-4.328234, -699.9866)"},"hypothesisId":"P1","location":"scripts/battle/unit/projectile.gd","message":"projectile_delay_ended","runId":"aim-debug","sessionId":"ccca42","timestamp":40672}
{"data":{"attack_speed":1.2,"attack_type":1,"target_class":"CharacterBody2D","unit_id":"ally_archer"},"hypothesisId":"H4","location":"scripts/battle/unit/unit_base.gd","message":"attack_start","runId":"aim-debug","sessionId":"ccca42","timestamp":40687}
{"data":{"delay_applies":true,"initial_dir":"(0.996884, 0.078882)","initial_target_pos":"(766.5092, 337.9655)","speed":700.0,"team":0,"unit_id":"ally_archer"},"hypothesisId":"P1","location":"scripts/battle/unit/projectile.gd","message":"projectile_ready_aimed","runId":"aim-debug","sessionId":"ccca42","timestamp":40688}
{"data":{"delay_s":1.75,"has_target_ref":true,"initial_target_pos":"(766.5092, 337.9655)"},"hypothesisId":"P1","location":"scripts/battle/unit/projectile.gd","message":"projectile_delay_started","runId":"aim-debug","sessionId":"ccca42","timestamp":40696}
{"data":{"allies_mult":1.0,"current_health":80,"enemy_mult":1.0,"max_health_effective":80,"stats_health":80,"team":0,"unit_id":"ally_archer"},"hypothesisId":"H2","location":"scripts/battle/unit/unit_base.gd","message":"unit_health_emitted","runId":"aim-debug","sessionId":"ccca42","timestamp":40768}
{"data":{"attack_speed":1.2,"attack_type":1,"target_class":"CharacterBody2D","unit_id":"ally_archer"},"hypothesisId":"H4","location":"scripts/battle/unit/unit_base.gd","message":"attack_start","runId":"aim-debug","sessionId":"ccca42","timestamp":40771}
{"data":{"delay_applies":true,"initial_dir":"(0.991902, -0.127005)","initial_target_pos":"(756.5684, 339.0533)","speed":700.0,"team":0,"unit_id":"ally_archer"},"hypothesisId":"P1","location":"scripts/battle/unit/projectile.gd","message":"projectile_ready_aimed","runId":"aim-debug","sessionId":"ccca42","timestamp":40777}
{"data":{"delay_s":1.75,"has_target_ref":true,"initial_target_pos":"(756.5684, 339.0533)"},"hypothesisId":"P1","location":"scripts/battle/unit/projectile.gd","message":"projectile_delay_started","runId":"aim-debug","sessionId":"ccca42","timestamp":40785}
{"data":{"attack_speed":1.0,"attack_type":0,"target_class":"CharacterBody2D","unit_id":"enemy_warrior"},"hypothesisId":"H4","location":"scripts/battle/unit/unit_base.gd","message":"attack_start","runId":"aim-debug","sessionId":"ccca42","timestamp":40988}
{"data":{"allies_mult":1.0,"current_health":200,"enemy_mult":1.0,"max_health_effective":200,"stats_health":200,"team":1,"unit_id":"ally_warrior"},"hypothesisId":"H2","location":"scripts/battle/unit/unit_base.gd","message":"unit_health_emitted","runId":"aim-debug","sessionId":"ccca42","timestamp":41005}
{"data":{"attack_speed":1.2,"attack_type":1,"target_class":"CharacterBody2D","unit_id":"ally_archer"},"hypothesisId":"H4","location":"scripts/battle/unit/unit_base.gd","message":"attack_start","runId":"aim-debug","sessionId":"ccca42","timestamp":41154}
{"data":{"delay_applies":true,"initial_dir":"(0.96767, 0.252221)","initial_target_pos":"(714.8093, 358.3466)","speed":700.0,"team":0,"unit_id":"ally_archer"},"hypothesisId":"P1","location":"scripts/battle/unit/projectile.gd","message":"projectile_ready_aimed","runId":"aim-debug","sessionId":"ccca42","timestamp":41155}
{"data":{"delay_s":1.75,"has_target_ref":true,"initial_target_pos":"(714.8093, 358.3466)"},"hypothesisId":"P1","location":"scripts/battle/unit/projectile.gd","message":"projectile_delay_started","runId":"aim-debug","sessionId":"ccca42","timestamp":41163}
{"data":{"attack_speed":1.2,"attack_type":1,"target_class":"CharacterBody2D","unit_id":"ally_archer"},"hypothesisId":"H4","location":"scripts/battle/unit/unit_base.gd","message":"attack_start","runId":"aim-debug","sessionId":"ccca42","timestamp":41188}
{"data":{"delay_applies":true,"initial_dir":"(0.875803, -0.482669)","initial_target_pos":"(711.178, 360.0243)","speed":700.0,"team":0,"unit_id":"ally_archer"},"hypothesisId":"P1","location":"scripts/battle/unit/projectile.gd","message":"projectile_ready_aimed","runId":"aim-debug","sessionId":"ccca42","timestamp":41188}
{"data":{"delay_s":1.75,"has_target_ref":true,"initial_target_pos":"(711.178, 360.0243)"},"hypothesisId":"P1","location":"scripts/battle/unit/projectile.gd","message":"projectile_delay_started","runId":"aim-debug","sessionId":"ccca42","timestamp":41196}
{"data":{"curr_target_pos":"(703.9157, 363.3796)","curr_target_valid":true,"delta_target_dist":208.965042114258,"initial_target_pos":"(910.0, 328.8013)","velocity":"(697.8849, 54.37559)"},"hypothesisId":"P1","location":"scripts/battle/unit/projectile.gd","message":"projectile_delay_ended","runId":"aim-debug","sessionId":"ccca42","timestamp":41239}
{"data":{"curr_target_pos":"(700.2845, 365.0573)","curr_target_valid":true,"delta_target_dist":208.888244628906,"initial_target_pos":"(906.0, 328.7881)","velocity":"(610.9763, -341.6255)"},"hypothesisId":"P1","location":"scripts/battle/unit/projectile.gd","message":"projectile_delay_ended","runId":"aim-debug","sessionId":"ccca42","timestamp":41272}
{"data":{"attack_speed":1.2,"attack_type":1,"target_class":"CharacterBody2D","unit_id":"ally_archer"},"hypothesisId":"H4","location":"scripts/battle/unit/unit_base.gd","message":"attack_start","runId":"aim-debug","sessionId":"ccca42","timestamp":41421}
{"data":{"delay_applies":true,"initial_dir":"(0.558653, -0.829401)","initial_target_pos":"(700.3008, 370.3516)","speed":700.0,"team":0,"unit_id":"ally_archer"},"hypothesisId":"P1","location":"scripts/battle/unit/projectile.gd","message":"projectile_ready_aimed","runId":"aim-debug","sessionId":"ccca42","timestamp":41421}
{"data":{"delay_s":1.75,"has_target_ref":true,"initial_target_pos":"(700.3008, 370.3516)"},"hypothesisId":"P1","location":"scripts/battle/unit/projectile.gd","message":"projectile_delay_started","runId":"aim-debug","sessionId":"ccca42","timestamp":41431}
{"data":{"curr_target_pos":"(701.4211, 373.6983)","curr_target_valid":true,"delta_target_dist":182.223434448242,"initial_target_pos":"(878.0, 328.6954)","velocity":"(403.7264, -571.8434)"},"hypothesisId":"P1","location":"scripts/battle/unit/projectile.gd","message":"projectile_delay_ended","runId":"aim-debug","sessionId":"ccca42","timestamp":41506}
{"data":{"attack_speed":1.2,"attack_type":1,"target_class":"CharacterBody2D","unit_id":"ally_archer"},"hypothesisId":"H4","location":"scripts/battle/unit/unit_base.gd","message":"attack_start","runId":"aim-debug","sessionId":"ccca42","timestamp":41520}
{"data":{"delay_applies":true,"initial_dir":"(0.959081, 0.283132)","initial_target_pos":"(701.4211, 373.6983)","speed":700.0,"team":0,"unit_id":"ally_archer"},"hypothesisId":"P1","location":"scripts/battle/unit/projectile.gd","message":"projectile_ready_aimed","runId":"aim-debug","sessionId":"ccca42","timestamp":41521}
{"data":{"delay_s":1.75,"has_target_ref":true,"initial_target_pos":"(701.4211, 373.6983)"},"hypothesisId":"P1","location":"scripts/battle/unit/projectile.gd","message":"projectile_delay_started","runId":"aim-debug","sessionId":"ccca42","timestamp":41530}
{"data":{"attack_speed":1.2,"attack_type":1,"target_class":"CharacterBody2D","unit_id":"ally_archer"},"hypothesisId":"H4","location":"scripts/battle/unit/unit_base.gd","message":"attack_start","runId":"aim-debug","sessionId":"ccca42","timestamp":41604}
{"data":{"delay_applies":true,"initial_dir":"(0.968521, -0.248931)","initial_target_pos":"(702.1042, 376.1432)","speed":700.0,"team":0,"unit_id":"ally_archer"},"hypothesisId":"P1","location":"scripts/battle/unit/projectile.gd","message":"projectile_ready_aimed","runId":"aim-debug","sessionId":"ccca42","timestamp":41605}
{"data":{"delay_s":1.75,"has_target_ref":true,"initial_target_pos":"(702.1042, 376.1432)"},"hypothesisId":"P1","location":"scripts/battle/unit/projectile.gd","message":"projectile_delay_started","runId":"aim-debug","sessionId":"ccca42","timestamp":41613}
{"data":{"curr_target_pos":"(702.2184, 376.5952)","curr_target_valid":true,"delta_target_dist":170.653518676758,"initial_target_pos":"(866.0, 328.6556)","velocity":"(666.7556, 213.1595)"},"hypothesisId":"P1","location":"scripts/battle/unit/projectile.gd","message":"projectile_delay_ended","runId":"aim-debug","sessionId":"ccca42","timestamp":41622}
{"data":{"attack_speed":1.2,"attack_type":1,"target_class":"CharacterBody2D","unit_id":"ally_archer"},"hypothesisId":"H4","location":"scripts/battle/unit/unit_base.gd","message":"attack_start","runId":"aim-debug","sessionId":"ccca42","timestamp":41987}
{"data":{"delay_applies":true,"initial_dir":"(0.898184, 0.43962)","initial_target_pos":"(703.5579, 383.8731)","speed":700.0,"team":0,"unit_id":"ally_archer"},"hypothesisId":"P1","location":"scripts/battle/unit/projectile.gd","message":"projectile_ready_aimed","runId":"aim-debug","sessionId":"ccca42","timestamp":41988}
{"data":{"attack_speed":1.0,"attack_type":0,"target_class":"CharacterBody2D","unit_id":"enemy_warrior"},"hypothesisId":"H4","location":"scripts/battle/unit/unit_base.gd","message":"attack_start","runId":"aim-debug","sessionId":"ccca42","timestamp":41996}
{"data":{"delay_s":1.75,"has_target_ref":true,"initial_target_pos":"(703.5579, 383.8731)"},"hypothesisId":"P1","location":"scripts/battle/unit/projectile.gd","message":"projectile_delay_started","runId":"aim-debug","sessionId":"ccca42","timestamp":42004}
{"data":{"attack_speed":1.2,"attack_type":1,"target_class":"CharacterBody2D","unit_id":"ally_archer"},"hypothesisId":"H4","location":"scripts/battle/unit/unit_base.gd","message":"attack_start","runId":"aim-debug","sessionId":"ccca42","timestamp":42016}
{"data":{"delay_applies":true,"initial_dir":"(0.931965, -0.362547)","initial_target_pos":"(703.6107, 384.3249)","speed":700.0,"team":0,"unit_id":"ally_archer"},"hypothesisId":"P1","location":"scripts/battle/unit/projectile.gd","message":"projectile_ready_aimed","runId":"aim-debug","sessionId":"ccca42","timestamp":42018}
{"data":{"delay_s":1.75,"has_target_ref":true,"initial_target_pos":"(703.6107, 384.3249)"},"hypothesisId":"P1","location":"scripts/battle/unit/projectile.gd","message":"projectile_delay_started","runId":"aim-debug","sessionId":"ccca42","timestamp":42026}
{"data":{"curr_target_pos":"(703.6981, 385.1475)","curr_target_valid":true,"delta_target_dist":118.54866027832,"initial_target_pos":"(810.2487, 333.1787)","velocity":"(670.7997, 200.0691)"},"hypothesisId":"P1","location":"scripts/battle/unit/projectile.gd","message":"projectile_delay_ended","runId":"aim-debug","sessionId":"ccca42","timestamp":42072}
{"data":{"curr_target_pos":"(703.7343, 385.5213)","curr_target_valid":true,"delta_target_dist":114.927963256836,"initial_target_pos":"(806.2723, 333.6139)","velocity":"(654.565, -248.0819)"},"hypothesisId":"P1","location":"scripts/battle/unit/projectile.gd","message":"projectile_delay_ended","runId":"aim-debug","sessionId":"ccca42","timestamp":42106}
{"data":{"attack_speed":1.2,"attack_type":1,"target_class":"CharacterBody2D","unit_id":"ally_archer"},"hypothesisId":"H4","location":"scripts/battle/unit/unit_base.gd","message":"attack_start","runId":"aim-debug","sessionId":"ccca42","timestamp":42254}
{"data":{"delay_applies":true,"initial_dir":"(0.64065, -0.767833)","initial_target_pos":"(703.8394, 386.7987)","speed":700.0,"team":0,"unit_id":"ally_archer"},"hypothesisId":"P1","location":"scripts/battle/unit/projectile.gd","message":"projectile_ready_aimed","runId":"aim-debug","sessionId":"ccca42","timestamp":42255}
{"data":{"delay_s":1.75,"has_target_ref":true,"initial_target_pos":"(703.8394, 386.7987)"},"hypothesisId":"P1","location":"scripts/battle/unit/projectile.gd","message":"projectile_delay_started","runId":"aim-debug","sessionId":"ccca42","timestamp":42264}
{"data":{"curr_target_pos":"(703.8892, 387.5626)","curr_target_valid":true,"delta_target_dist":90.2696838378906,"initial_target_pos":"(778.4381, 336.66)","velocity":"(450.8566, -535.4702)"},"hypothesisId":"P1","location":"scripts/battle/unit/projectile.gd","message":"projectile_delay_ended","runId":"aim-debug","sessionId":"ccca42","timestamp":42339}
{"data":{"attack_speed":1.2,"attack_type":1,"target_class":"CharacterBody2D","unit_id":"ally_archer"},"hypothesisId":"H4","location":"scripts/battle/unit/unit_base.gd","message":"attack_start","runId":"aim-debug","sessionId":"ccca42","timestamp":42354}
{"data":{"delay_applies":true,"initial_dir":"(0.93975, 0.341861)","initial_target_pos":"(703.8892, 387.5626)","speed":700.0,"team":0,"unit_id":"ally_archer"},"hypothesisId":"P1","location":"scripts/battle/unit/projectile.gd","message":"projectile_ready_aimed","runId":"aim-debug","sessionId":"ccca42","timestamp":42355}
{"data":{"delay_s":1.75,"has_target_ref":true,"initial_target_pos":"(703.8892, 387.5626)"},"hypothesisId":"P1","location":"scripts/battle/unit/projectile.gd","message":"projectile_delay_started","runId":"aim-debug","sessionId":"ccca42","timestamp":42363}
{"data":{"attack_speed":1.2,"attack_type":1,"target_class":"CharacterBody2D","unit_id":"ally_archer"},"hypothesisId":"H4","location":"scripts/battle/unit/unit_base.gd","message":"attack_start","runId":"aim-debug","sessionId":"ccca42","timestamp":42437}
{"data":{"delay_applies":true,"initial_dir":"(0.998751, -0.049964)","initial_target_pos":"(703.9182, 388.0949)","speed":700.0,"team":0,"unit_id":"ally_archer"},"hypothesisId":"P1","location":"scripts/battle/unit/projectile.gd","message":"projectile_ready_aimed","runId":"aim-debug","sessionId":"ccca42","timestamp":42438}
{"data":{"delay_s":1.75,"has_target_ref":true,"initial_target_pos":"(703.9182, 388.0949)"},"hypothesisId":"P1","location":"scripts/battle/unit/projectile.gd","message":"projectile_delay_started","runId":"aim-debug","sessionId":"ccca42","timestamp":42446}
{"data":{"curr_target_pos":"(703.9229, 388.1914)","curr_target_valid":true,"delta_target_dist":80.2476425170898,"initial_target_pos":"(766.5092, 337.9655)","velocity":"(654.3605, 248.6208)"},"hypothesisId":"P1","location":"scripts/battle/unit/projectile.gd","message":"projectile_delay_ended","runId":"aim-debug","sessionId":"ccca42","timestamp":42455}
{"data":{"curr_target_pos":"(703.9424, 388.6294)","curr_target_valid":true,"delta_target_dist":72.2998504638672,"initial_target_pos":"(756.5684, 339.0533)","velocity":"(667.39, 211.1649)"},"hypothesisId":"P1","location":"scripts/battle/unit/projectile.gd","message":"projectile_delay_ended","runId":"aim-debug","sessionId":"ccca42","timestamp":42521}
{"data":{"attack_speed":1.2,"attack_type":1,"target_class":"CharacterBody2D","unit_id":"ally_archer"},"hypothesisId":"H4","location":"scripts/battle/unit/unit_base.gd","message":"attack_start","runId":"aim-debug","sessionId":"ccca42","timestamp":42820}
{"data":{"delay_applies":true,"initial_dir":"(0.881978, 0.471291)","initial_target_pos":"(703.9766, 389.6819)","speed":700.0,"team":0,"unit_id":"ally_archer"},"hypothesisId":"P1","location":"scripts/battle/unit/projectile.gd","message":"projectile_ready_aimed","runId":"aim-debug","sessionId":"ccca42","timestamp":42821}
{"data":{"delay_s":1.75,"has_target_ref":true,"initial_target_pos":"(703.9766, 389.6819)"},"hypothesisId":"P1","location":"scripts/battle/unit/projectile.gd","message":"projectile_delay_started","runId":"aim-debug","sessionId":"ccca42","timestamp":42830}
{"data":{"attack_speed":1.2,"attack_type":1,"target_class":"CharacterBody2D","unit_id":"ally_archer"},"hypothesisId":"H4","location":"scripts/battle/unit/unit_base.gd","message":"attack_start","runId":"aim-debug","sessionId":"ccca42","timestamp":42854}
{"data":{"delay_applies":true,"initial_dir":"(0.945575, -0.325405)","initial_target_pos":"(703.9784, 389.7715)","speed":700.0,"team":0,"unit_id":"ally_archer"},"hypothesisId":"P1","location":"scripts/battle/unit/projectile.gd","message":"projectile_ready_aimed","runId":"aim-debug","sessionId":"ccca42","timestamp":42855}
{"data":{"delay_s":1.75,"has_target_ref":true,"initial_target_pos":"(703.9784, 389.7715)"},"hypothesisId":"P1","location":"scripts/battle/unit/projectile.gd","message":"projectile_delay_started","runId":"aim-debug","sessionId":"ccca42","timestamp":42863}
{"data":{"curr_target_pos":"(703.9819, 389.9341)","curr_target_valid":true,"delta_target_dist":33.3917083740234,"initial_target_pos":"(714.8093, 358.3466)","velocity":"(616.8714, 330.8621)"},"hypothesisId":"P1","location":"scripts/battle/unit/projectile.gd","message":"projectile_delay_ended","runId":"aim-debug","sessionId":"ccca42","timestamp":42905}
{"data":{"curr_target_pos":"(703.9833, 390.0078)","curr_target_valid":true,"delta_target_dist":30.8346576690674,"initial_target_pos":"(711.178, 360.0243)","velocity":"(662.2907, -226.652)"},"hypothesisId":"P1","location":"scripts/battle/unit/projectile.gd","message":"projectile_delay_ended","runId":"aim-debug","sessionId":"ccca42","timestamp":42939}
{"data":{"attack_speed":1.0,"attack_type":0,"target_class":"CharacterBody2D","unit_id":"enemy_warrior"},"hypothesisId":"H4","location":"scripts/battle/unit/unit_base.gd","message":"attack_start","runId":"aim-debug","sessionId":"ccca42","timestamp":42987}
{"data":{"attack_speed":1.0,"attack_type":0,"target_class":"CharacterBody2D","unit_id":"ally_warrior"},"hypothesisId":"H4","location":"scripts/battle/unit/unit_base.gd","message":"attack_start","runId":"aim-debug","sessionId":"ccca42","timestamp":43054}
{"data":{"attack_speed":1.2,"attack_type":1,"target_class":"CharacterBody2D","unit_id":"ally_archer"},"hypothesisId":"H4","location":"scripts/battle/unit/unit_base.gd","message":"attack_start","runId":"aim-debug","sessionId":"ccca42","timestamp":43087}
{"data":{"delay_applies":true,"initial_dir":"(0.970125, 0.242605)","initial_target_pos":"(719.6215, 500.6136)","speed":700.0,"team":0,"unit_id":"ally_archer"},"hypothesisId":"P1","location":"scripts/battle/unit/projectile.gd","message":"projectile_ready_aimed","runId":"aim-debug","sessionId":"ccca42","timestamp":43088}
{"data":{"delay_s":1.75,"has_target_ref":true,"initial_target_pos":"(719.6215, 500.6136)"},"hypothesisId":"P1","location":"scripts/battle/unit/projectile.gd","message":"projectile_delay_started","runId":"aim-debug","sessionId":"ccca42","timestamp":43096}
{"data":{"curr_target_pos":"(703.9892, 390.408)","curr_target_valid":true,"delta_target_dist":20.3927192687988,"initial_target_pos":"(700.3008, 370.3516)","velocity":"(459.6284, -527.96)"},"hypothesisId":"P1","location":"scripts/battle/unit/projectile.gd","message":"projectile_delay_ended","runId":"aim-debug","sessionId":"ccca42","timestamp":43172}
{"data":{"attack_speed":1.2,"attack_type":1,"target_class":"CharacterBody2D","unit_id":"ally_archer"},"hypothesisId":"H4","location":"scripts/battle/unit/unit_base.gd","message":"attack_start","runId":"aim-debug","sessionId":"ccca42","timestamp":43187}
{"data":{"delay_applies":true,"initial_dir":"(0.935269, 0.353938)","initial_target_pos":"(703.9892, 390.408)","speed":700.0,"team":0,"unit_id":"ally_archer"},"hypothesisId":"P1","location":"scripts/battle/unit/projectile.gd","message":"projectile_ready_aimed","runId":"aim-debug","sessionId":"ccca42","timestamp":43188}
{"data":{"delay_s":1.75,"has_target_ref":true,"initial_target_pos":"(703.9892, 390.408)"},"hypothesisId":"P1","location":"scripts/battle/unit/projectile.gd","message":"projectile_delay_started","runId":"aim-debug","sessionId":"ccca42","timestamp":43198}
{"data":{"curr_target_pos":"(703.9905, 390.5308)","curr_target_valid":true,"delta_target_dist":17.0274333953857,"initial_target_pos":"(701.4211, 373.6983)","velocity":"(654.5499, 248.1217)"},"hypothesisId":"P1","location":"scripts/battle/unit/projectile.gd","message":"projectile_delay_ended","runId":"aim-debug","sessionId":"ccca42","timestamp":43272}
{"data":{"curr_target_pos":"(703.9911, 390.6161)","curr_target_valid":true,"delta_target_dist":14.5954446792603,"initial_target_pos":"(702.1042, 376.1432)","velocity":"(699.9777, -5.593579)"},"hypothesisId":"P1","location":"scripts/battle/unit/projectile.gd","message":"projectile_delay_ended","runId":"aim-debug","sessionId":"ccca42","timestamp":43356}
{"data":{"attack_speed":1.2,"attack_type":1,"target_class":"CharacterBody2D","unit_id":"ally_archer"},"hypothesisId":"H4","location":"scripts/battle/unit/unit_base.gd","message":"attack_start","runId":"aim-debug","sessionId":"ccca42","timestamp":43654}
{"data":{"delay_applies":true,"initial_dir":"(0.872305, 0.488962)","initial_target_pos":"(702.676, 392.2206)","speed":700.0,"team":0,"unit_id":"ally_archer"},"hypothesisId":"P1","location":"scripts/battle/unit/projectile.gd","message":"projectile_ready_aimed","runId":"aim-debug","sessionId":"ccca42","timestamp":43655}
{"data":{"delay_s":1.75,"has_target_ref":true,"initial_target_pos":"(702.676, 392.2206)"},"hypothesisId":"P1","location":"scripts/battle/unit/projectile.gd","message":"projectile_delay_started","runId":"aim-debug","sessionId":"ccca42","timestamp":43663}
{"data":{"attack_speed":1.2,"attack_type":1,"target_class":"CharacterBody2D","unit_id":"ally_archer"},"hypothesisId":"H4","location":"scripts/battle/unit/unit_base.gd","message":"attack_start","runId":"aim-debug","sessionId":"ccca42","timestamp":43687}
{"data":{"delay_applies":true,"initial_dir":"(0.897498, 0.441018)","initial_target_pos":"(687.5206, 485.748)","speed":700.0,"team":0,"unit_id":"ally_archer"},"hypothesisId":"P1","location":"scripts/battle/unit/projectile.gd","message":"projectile_ready_aimed","runId":"aim-debug","sessionId":"ccca42","timestamp":43688}
{"data":{"delay_s":1.75,"has_target_ref":true,"initial_target_pos":"(687.5206, 485.748)"},"hypothesisId":"P1","location":"scripts/battle/unit/projectile.gd","message":"projectile_delay_started","runId":"aim-debug","sessionId":"ccca42","timestamp":43696}
{"data":{"curr_target_pos":"(702.676, 392.2206)","curr_target_valid":true,"delta_target_dist":8.39389896392822,"initial_target_pos":"(703.5579, 383.8731)","velocity":"(610.6135, 342.2735)"},"hypothesisId":"P1","location":"scripts/battle/unit/projectile.gd","message":"projectile_delay_ended","runId":"aim-debug","sessionId":"ccca42","timestamp":43739}
{"data":{"curr_target_pos":"(702.676, 392.2206)","curr_target_valid":true,"delta_target_dist":7.95079278945923,"initial_target_pos":"(703.6107, 384.3249)","velocity":"(665.1545, -218.1044)"},"hypothesisId":"P1","location":"scripts/battle/unit/projectile.gd","message":"projectile_delay_ended","runId":"aim-debug","sessionId":"ccca42","timestamp":43775}
{"data":{"allies_mult":1.0,"current_health":80,"enemy_mult":1.0,"max_health_effective":80,"stats_health":80,"team":0,"unit_id":"ally_archer"},"hypothesisId":"H2","location":"scripts/battle/unit/unit_base.gd","message":"unit_health_emitted","runId":"aim-debug","sessionId":"ccca42","timestamp":43869}
{"data":{"attack_speed":1.2,"attack_type":1,"target_class":"CharacterBody2D","unit_id":"ally_archer"},"hypothesisId":"H4","location":"scripts/battle/unit/unit_base.gd","message":"attack_start","runId":"aim-debug","sessionId":"ccca42","timestamp":43872}
{"data":{"delay_applies":true,"initial_dir":"(0.9668, 0.255534)","initial_target_pos":"(702.676, 392.2206)","speed":700.0,"team":0,"unit_id":"ally_archer"},"hypothesisId":"P1","location":"scripts/battle/unit/projectile.gd","message":"projectile_ready_aimed","runId":"aim-debug","sessionId":"ccca42","timestamp":43877}
{"data":{"delay_s":1.75,"has_target_ref":true,"initial_target_pos":"(702.676, 392.2206)"},"hypothesisId":"P1","location":"scripts/battle/unit/projectile.gd","message":"projectile_delay_started","runId":"aim-debug","sessionId":"ccca42","timestamp":43885}
{"data":{"attack_speed":1.2,"attack_type":1,"target_class":"CharacterBody2D","unit_id":"ally_archer"},"hypothesisId":"H4","location":"scripts/battle/unit/unit_base.gd","message":"attack_start","runId":"aim-debug","sessionId":"ccca42","timestamp":43921}
{"data":{"delay_applies":true,"initial_dir":"(0.996366, 0.085176)","initial_target_pos":"(687.8435, 482.8163)","speed":700.0,"team":0,"unit_id":"ally_archer"},"hypothesisId":"P1","location":"scripts/battle/unit/projectile.gd","message":"projectile_ready_aimed","runId":"aim-debug","sessionId":"ccca42","timestamp":43921}
{"data":{"delay_s":1.75,"has_target_ref":true,"initial_target_pos":"(687.8435, 482.8163)"},"hypothesisId":"P1","location":"scripts/battle/unit/projectile.gd","message":"projectile_delay_started","runId":"aim-debug","sessionId":"ccca42","timestamp":43930}
{"data":{"curr_target_pos":"(0.0, 0.0)","curr_target_valid":false,"delta_target_dist":null,"initial_target_pos":"(703.8394, 386.7987)","velocity":"(448.4548, -537.4833)"},"hypothesisId":"P1","location":"scripts/battle/unit/projectile.gd","message":"projectile_delay_ended","runId":"aim-debug","sessionId":"ccca42","timestamp":44006}
{"data":{"attack_speed":1.2,"attack_type":1,"target_class":"CharacterBody2D","unit_id":"ally_archer"},"hypothesisId":"H4","location":"scripts/battle/unit/unit_base.gd","message":"attack_start","runId":"aim-debug","sessionId":"ccca42","timestamp":44028}
{"data":{"delay_applies":true,"initial_dir":"(0.73108, 0.682292)","initial_target_pos":"(687.9141, 481.9085)","speed":700.0,"team":0,"unit_id":"ally_archer"},"hypothesisId":"P1","location":"scripts/battle/unit/projectile.gd","message":"projectile_ready_aimed","runId":"aim-debug","sessionId":"ccca42","timestamp":44028}
{"data":{"delay_s":1.75,"has_target_ref":true,"initial_target_pos":"(687.9141, 481.9085)"},"hypothesisId":"P1","location":"scripts/battle/unit/projectile.gd","message":"projectile_delay_started","runId":"aim-debug","sessionId":"ccca42","timestamp":44037}
{"data":{"attack_speed":1.0,"attack_type":0,"target_class":"CharacterBody2D","unit_id":"ally_warrior"},"hypothesisId":"H4","location":"scripts/battle/unit/unit_base.gd","message":"attack_start","runId":"aim-debug","sessionId":"ccca42","timestamp":44051}
{"data":{"curr_target_pos":"(0.0, 0.0)","curr_target_valid":false,"delta_target_dist":null,"initial_target_pos":"(703.8892, 387.5626)","velocity":"(657.8253, 239.3029)"},"hypothesisId":"P1","location":"scripts/battle/unit/projectile.gd","message":"projectile_delay_ended","runId":"aim-debug","sessionId":"ccca42","timestamp":44107}
{"data":{"curr_target_pos":"(0.0, 0.0)","curr_target_valid":false,"delta_target_dist":null,"initial_target_pos":"(703.9182, 388.0949)","velocity":"(699.1257, -34.97506)"},"hypothesisId":"P1","location":"scripts/battle/unit/projectile.gd","message":"projectile_delay_ended","runId":"aim-debug","sessionId":"ccca42","timestamp":44190}
{"data":{"attack_speed":1.2,"attack_type":1,"target_class":"CharacterBody2D","unit_id":"ally_archer"},"hypothesisId":"H4","location":"scripts/battle/unit/unit_base.gd","message":"attack_start","runId":"aim-debug","sessionId":"ccca42","timestamp":44487}
{"data":{"delay_applies":true,"initial_dir":"(0.559819, 0.828615)","initial_target_pos":"(688.0378, 479.3853)","speed":700.0,"team":0,"unit_id":"ally_archer"},"hypothesisId":"P1","location":"scripts/battle/unit/projectile.gd","message":"projectile_ready_aimed","runId":"aim-debug","sessionId":"ccca42","timestamp":44488}
{"data":{"delay_s":1.75,"has_target_ref":true,"initial_target_pos":"(688.0378, 479.3853)"},"hypothesisId":"P1","location":"scripts/battle/unit/projectile.gd","message":"projectile_delay_started","runId":"aim-debug","sessionId":"ccca42","timestamp":44497}
{"data":{"attack_speed":1.2,"attack_type":1,"target_class":"CharacterBody2D","unit_id":"ally_archer"},"hypothesisId":"H4","location":"scripts/battle/unit/unit_base.gd","message":"attack_start","runId":"aim-debug","sessionId":"ccca42","timestamp":44521}
{"data":{"delay_applies":true,"initial_dir":"(0.918847, 0.394614)","initial_target_pos":"(688.0407, 479.2785)","speed":700.0,"team":0,"unit_id":"ally_archer"},"hypothesisId":"P1","location":"scripts/battle/unit/projectile.gd","message":"projectile_ready_aimed","runId":"aim-debug","sessionId":"ccca42","timestamp":44522}
{"data":{"delay_s":1.75,"has_target_ref":true,"initial_target_pos":"(688.0407, 479.2785)"},"hypothesisId":"P1","location":"scripts/battle/unit/projectile.gd","message":"projectile_delay_started","runId":"aim-debug","sessionId":"ccca42","timestamp":44530}
{"data":{"curr_target_pos":"(0.0, 0.0)","curr_target_valid":false,"delta_target_dist":null,"initial_target_pos":"(703.9766, 389.6819)","velocity":"(617.3845, 329.9037)"},"hypothesisId":"P1","location":"scripts/battle/unit/projectile.gd","message":"projectile_delay_ended","runId":"aim-debug","sessionId":"ccca42","timestamp":44572}
{"data":{"curr_target_pos":"(0.0, 0.0)","curr_target_valid":false,"delta_target_dist":null,"initial_target_pos":"(703.9784, 389.7715)","velocity":"(661.9023, -227.7834)"},"hypothesisId":"P1","location":"scripts/battle/unit/projectile.gd","message":"projectile_delay_ended","runId":"aim-debug","sessionId":"ccca42","timestamp":44606}
{"data":{"attack_speed":1.2,"attack_type":1,"target_class":"CharacterBody2D","unit_id":"ally_archer"},"hypothesisId":"H4","location":"scripts/battle/unit/unit_base.gd","message":"attack_start","runId":"aim-debug","sessionId":"ccca42","timestamp":44705}
{"data":{"delay_applies":true,"initial_dir":"(0.79329, 0.608844)","initial_target_pos":"(688.0514, 478.8011)","speed":700.0,"team":0,"unit_id":"ally_archer"},"hypothesisId":"P1","location":"scripts/battle/unit/projectile.gd","message":"projectile_ready_aimed","runId":"aim-debug","sessionId":"ccca42","timestamp":44705}
{"data":{"delay_s":1.75,"has_target_ref":true,"initial_target_pos":"(688.0514, 478.8011)"},"hypothesisId":"P1","location":"scripts/battle/unit/projectile.gd","message":"projectile_delay_started","runId":"aim-debug","sessionId":"ccca42","timestamp":44713}
{"data":{"allies_mult":1.0,"current_health":60,"enemy_mult":1.0,"max_health_effective":60,"stats_health":60,"team":1,"unit_id":"enemy_mage"},"hypothesisId":"H2","location":"scripts/battle/unit/unit_base.gd","message":"unit_health_emitted","runId":"aim-debug","sessionId":"ccca42","timestamp":44727}
{"data":{"attack_speed":1.2,"attack_type":1,"target_class":"CharacterBody2D","unit_id":"ally_archer"},"hypothesisId":"H4","location":"scripts/battle/unit/unit_base.gd","message":"attack_start","runId":"aim-debug","sessionId":"ccca42","timestamp":44747}
{"data":{"delay_applies":true,"initial_dir":"(0.999862, 0.016617)","initial_target_pos":"(688.0532, 478.6982)","speed":700.0,"team":0,"unit_id":"ally_archer"},"hypothesisId":"P1","location":"scripts/battle/unit/projectile.gd","message":"projectile_ready_aimed","runId":"aim-debug","sessionId":"ccca42","timestamp":44747}
{"data":{"delay_s":1.75,"has_target_ref":true,"initial_target_pos":"(688.0532, 478.6982)"},"hypothesisId":"P1","location":"scripts/battle/unit/projectile.gd","message":"projectile_delay_started","runId":"aim-debug","sessionId":"ccca42","timestamp":44756}
{"data":{"curr_target_pos":"(688.0558, 478.52)","curr_target_valid":true,"delta_target_dist":38.5295066833496,"initial_target_pos":"(719.6215, 500.6136)","velocity":"(699.9348, 9.555458)"},"hypothesisId":"P1","location":"scripts/battle/unit/projectile.gd","message":"projectile_delay_ended","runId":"aim-debug","sessionId":"ccca42","timestamp":44839}
{"data":{"attack_speed":1.2,"attack_type":1,"target_class":"CharacterBody2D","unit_id":"ally_archer"},"hypothesisId":"H4","location":"scripts/battle/unit/unit_base.gd","message":"attack_start","runId":"aim-debug","sessionId":"ccca42","timestamp":44854}
{"data":{"delay_applies":true,"initial_dir":"(0.738372, 0.674394)","initial_target_pos":"(688.0558, 478.52)","speed":700.0,"team":0,"unit_id":"ally_archer"},"hypothesisId":"P1","location":"scripts/battle/unit/projectile.gd","message":"projectile_ready_aimed","runId":"aim-debug","sessionId":"ccca42","timestamp":44855}
{"data":{"delay_s":1.75,"has_target_ref":true,"initial_target_pos":"(688.0558, 478.52)"},"hypothesisId":"P1","location":"scripts/battle/unit/projectile.gd","message":"projectile_delay_started","runId":"aim-debug","sessionId":"ccca42","timestamp":44863}
{"data":{"curr_target_pos":"(0.0, 0.0)","curr_target_valid":false,"delta_target_dist":null,"initial_target_pos":"(703.9892, 390.408)","velocity":"(654.6884, 247.7563)"},"hypothesisId":"P1","location":"scripts/battle/unit/projectile.gd","message":"projectile_delay_ended","runId":"aim-debug","sessionId":"ccca42","timestamp":44938}
{"data":{"attack_speed":1.0,"attack_type":0,"target_class":"CharacterBody2D","unit_id":"ally_warrior"},"hypothesisId":"H4","location":"scripts/battle/unit/unit_base.gd","message":"attack_start","runId":"aim-debug","sessionId":"ccca42","timestamp":45054}
{"data":{"attack_speed":0.8,"attack_type":1,"target_class":"CharacterBody2D","unit_id":"enemy_mage"},"hypothesisId":"H4","location":"scripts/battle/unit/unit_base.gd","message":"attack_start","runId":"aim-debug","sessionId":"ccca42","timestamp":45154}
{"data":{"delay_applies":false,"initial_dir":"(-0.983339, -0.181783)","initial_target_pos":"(627.995, 477.7)","speed":700.0,"team":1,"unit_id":"enemy_mage"},"hypothesisId":"P1","location":"scripts/battle/unit/projectile.gd","message":"projectile_ready_aimed","runId":"aim-debug","sessionId":"ccca42","timestamp":45155}
{"data":{"attack_speed":1.2,"attack_type":1,"target_class":"CharacterBody2D","unit_id":"ally_archer"},"hypothesisId":"H4","location":"scripts/battle/unit/unit_base.gd","message":"attack_start","runId":"aim-debug","sessionId":"ccca42","timestamp":45321}
{"data":{"delay_applies":true,"initial_dir":"(0.563217, 0.826309)","initial_target_pos":"(688.0605, 478.0276)","speed":700.0,"team":0,"unit_id":"ally_archer"},"hypothesisId":"P1","location":"scripts/battle/unit/projectile.gd","message":"projectile_ready_aimed","runId":"aim-debug","sessionId":"ccca42","timestamp":45321}
{"data":{"delay_s":1.75,"has_target_ref":true,"initial_target_pos":"(688.0605, 478.0276)"},"hypothesisId":"P1","location":"scripts/battle/unit/projectile.gd","message":"projectile_delay_started","runId":"aim-debug","sessionId":"ccca42","timestamp":45331}
{"data":{"attack_speed":1.2,"attack_type":1,"target_class":"CharacterBody2D","unit_id":"ally_archer"},"hypothesisId":"H4","location":"scripts/battle/unit/unit_base.gd","message":"attack_start","runId":"aim-debug","sessionId":"ccca42","timestamp":45354}
{"data":{"delay_applies":true,"initial_dir":"(0.922744, 0.385414)","initial_target_pos":"(688.0607, 478.0069)","speed":700.0,"team":0,"unit_id":"ally_archer"},"hypothesisId":"P1","location":"scripts/battle/unit/projectile.gd","message":"projectile_ready_aimed","runId":"aim-debug","sessionId":"ccca42","timestamp":45355}
{"data":{"delay_s":1.75,"has_target_ref":true,"initial_target_pos":"(688.0607, 478.0069)"},"hypothesisId":"P1","location":"scripts/battle/unit/projectile.gd","message":"projectile_delay_started","runId":"aim-debug","sessionId":"ccca42","timestamp":45363}
{"data":{"curr_target_pos":"(0.0, 0.0)","curr_target_valid":false,"delta_target_dist":null,"initial_target_pos":"(702.676, 392.2206)","velocity":"(610.6135, 342.2735)"},"hypothesisId":"P1","location":"scripts/battle/unit/projectile.gd","message":"projectile_delay_ended","runId":"aim-debug","sessionId":"ccca42","timestamp":45406}
{"data":{"curr_target_pos":"(688.0609, 477.9521)","curr_target_valid":true,"delta_target_dist":7.81466293334961,"initial_target_pos":"(687.5206, 485.748)","velocity":"(646.0368, 269.5115)"},"hypothesisId":"P1","location":"scripts/battle/unit/projectile.gd","message":"projectile_delay_ended","runId":"aim-debug","sessionId":"ccca42","timestamp":45439}
{"data":{"attack_speed":1.2,"attack_type":1,"target_class":"CharacterBody2D","unit_id":"ally_archer"},"hypothesisId":"H4","location":"scripts/battle/unit/unit_base.gd","message":"attack_start","runId":"aim-debug","sessionId":"ccca42","timestamp":45538}
{"data":{"delay_applies":true,"initial_dir":"(0.795734, 0.605646)","initial_target_pos":"(688.0611, 477.9139)","speed":700.0,"team":0,"unit_id":"ally_archer"},"hypothesisId":"P1","location":"scripts/battle/unit/projectile.gd","message":"projectile_ready_aimed","runId":"aim-debug","sessionId":"ccca42","timestamp":45538}
{"data":{"delay_s":1.75,"has_target_ref":true,"initial_target_pos":"(688.0611, 477.9139)"},"hypothesisId":"P1","location":"scripts/battle/unit/projectile.gd","message":"projectile_delay_started","runId":"aim-debug","sessionId":"ccca42","timestamp":45547}
{"data":{"curr_target_pos":"(0.0, 0.0)","curr_target_valid":false,"delta_target_dist":null,"initial_target_pos":"(702.676, 392.2206)","velocity":"(676.76, 178.8739)"},"hypothesisId":"P1","location":"scripts/battle/unit/projectile.gd","message":"projectile_delay_ended","runId":"aim-debug","sessionId":"ccca42","timestamp":45622}
{"data":{"attack_speed":1.2,"attack_type":1,"target_class":"CharacterBody2D","unit_id":"ally_archer"},"hypothesisId":"H4","location":"scripts/battle/unit/unit_base.gd","message":"attack_start","runId":"aim-debug","sessionId":"ccca42","timestamp":45688}
{"data":{"delay_applies":true,"initial_dir":"(0.723264, 0.690571)","initial_target_pos":"(673.2925, 471.752)","speed":700.0,"team":0,"unit_id":"ally_archer"},"hypothesisId":"P1","location":"scripts/battle/unit/projectile.gd","message":"projectile_ready_aimed","runId":"aim-debug","sessionId":"ccca42","timestamp":45688}
{"data":{"delay_s":1.75,"has_target_ref":true,"initial_target_pos":"(673.2925, 471.752)"},"hypothesisId":"P1","location":"scripts/battle/unit/projectile.gd","message":"projectile_delay_started","runId":"aim-debug","sessionId":"ccca42","timestamp":45697}
{"data":{"curr_target_pos":"(662.2161, 467.1357)","curr_target_valid":true,"delta_target_dist":29.6415157318115,"initial_target_pos":"(687.9141, 481.9085)","velocity":"(496.3943, 493.5511)"},"hypothesisId":"P1","location":"scripts/battle/unit/projectile.gd","message":"projectile_delay_ended","runId":"aim-debug","sessionId":"ccca42","timestamp":45772}
{"data":{"attack_speed":1.0,"attack_type":0,"target_class":"CharacterBody2D","unit_id":"ally_warrior"},"hypothesisId":"H4","location":"scripts/battle/unit/unit_base.gd","message":"attack_start","runId":"aim-debug","sessionId":"ccca42","timestamp":46054}
{"data":{"attack_speed":1.2,"attack_type":1,"target_class":"CharacterBody2D","unit_id":"ally_archer"},"hypothesisId":"H4","location":"scripts/battle/unit/unit_base.gd","message":"attack_start","runId":"aim-debug","sessionId":"ccca42","timestamp":46154}
{"data":{"delay_applies":true,"initial_dir":"(0.390659, 0.920535)","initial_target_pos":"(636.472, 451.4595)","speed":700.0,"team":0,"unit_id":"ally_archer"},"hypothesisId":"P1","location":"scripts/battle/unit/projectile.gd","message":"projectile_ready_aimed","runId":"aim-debug","sessionId":"ccca42","timestamp":46154}
{"data":{"delay_s":1.75,"has_target_ref":true,"initial_target_pos":"(636.472, 451.4595)"},"hypothesisId":"P1","location":"scripts/battle/unit/projectile.gd","message":"projectile_delay_started","runId":"aim-debug","sessionId":"ccca42","timestamp":46162}
{"data":{"attack_speed":1.2,"attack_type":1,"target_class":"CharacterBody2D","unit_id":"ally_archer"},"hypothesisId":"H4","location":"scripts/battle/unit/unit_base.gd","message":"attack_start","runId":"aim-debug","sessionId":"ccca42","timestamp":46188}
{"data":{"delay_applies":true,"initial_dir":"(0.955376, 0.295392)","initial_target_pos":"(636.8176, 450.3773)","speed":700.0,"team":0,"unit_id":"ally_archer"},"hypothesisId":"P1","location":"scripts/battle/unit/projectile.gd","message":"projectile_ready_aimed","runId":"aim-debug","sessionId":"ccca42","timestamp":46188}
{"data":{"delay_s":1.75,"has_target_ref":true,"initial_target_pos":"(636.8176, 450.3773)"},"hypothesisId":"P1","location":"scripts/battle/unit/projectile.gd","message":"projectile_delay_started","runId":"aim-debug","sessionId":"ccca42","timestamp":46197}
{"data":{"curr_target_pos":"(637.4014, 448.364)","curr_target_valid":true,"delta_target_dist":59.3832244873047,"initial_target_pos":"(688.0378, 479.3853)","velocity":"(283.0086, 640.2391)"},"hypothesisId":"P1","location":"scripts/battle/unit/projectile.gd","message":"projectile_delay_ended","runId":"aim-debug","sessionId":"ccca42","timestamp":46239}
{"data":{"curr_target_pos":"(637.6459, 447.4315)","curr_target_valid":true,"delta_target_dist":59.6143226623535,"initial_target_pos":"(688.0407, 479.2785)","velocity":"(678.4258, 172.4483)"},"hypothesisId":"P1","location":"scripts/battle/unit/projectile.gd","message":"projectile_delay_ended","runId":"aim-debug","sessionId":"ccca42","timestamp":46273}
{"data":{"attack_speed":1.2,"attack_type":1,"target_class":"CharacterBody2D","unit_id":"ally_archer"},"hypothesisId":"H4","location":"scripts/battle/unit/unit_base.gd","message":"attack_start","runId":"aim-debug","sessionId":"ccca42","timestamp":46372}
{"data":{"delay_applies":true,"initial_dir":"(0.772999, 0.634407)","initial_target_pos":"(638.1445, 445.3084)","speed":700.0,"team":0,"unit_id":"ally_archer"},"hypothesisId":"P1","location":"scripts/battle/unit/projectile.gd","message":"projectile_ready_aimed","runId":"aim-debug","sessionId":"ccca42","timestamp":46372}
{"data":{"delay_s":1.75,"has_target_ref":true,"initial_target_pos":"(638.1445, 445.3084)"},"hypothesisId":"P1","location":"scripts/battle/unit/projectile.gd","message":"projectile_delay_started","runId":"aim-debug","sessionId":"ccca42","timestamp":46381}
{"data":{"curr_target_pos":"(638.5728, 443.1262)","curr_target_valid":true,"delta_target_dist":60.998607635498,"initial_target_pos":"(688.0514, 478.8011)","velocity":"(548.5267, 434.8776)"},"hypothesisId":"P1","location":"scripts/battle/unit/projectile.gd","message":"projectile_delay_ended","runId":"aim-debug","sessionId":"ccca42","timestamp":46457}
{"data":{"attack_speed":1.2,"attack_type":1,"target_class":"CharacterBody2D","unit_id":"ally_archer"},"hypothesisId":"H4","location":"scripts/battle/unit/unit_base.gd","message":"attack_start","runId":"aim-debug","sessionId":"ccca42","timestamp":46521}
{"data":{"delay_applies":true,"initial_dir":"(0.713646, 0.700507)","initial_target_pos":"(638.7341, 442.1711)","speed":700.0,"team":0,"unit_id":"ally_archer"},"hypothesisId":"P1","location":"scripts/battle/unit/projectile.gd","message":"projectile_ready_aimed","runId":"aim-debug","sessionId":"ccca42","timestamp":46521}
{"data":{"delay_s":1.75,"has_target_ref":true,"initial_target_pos":"(638.7341, 442.1711)"},"hypothesisId":"P1","location":"scripts/battle/unit/projectile.gd","message":"projectile_delay_started","runId":"aim-debug","sessionId":"ccca42","timestamp":46530}
{"data":{"curr_target_pos":"(638.9783, 440.5029)","curr_target_valid":true,"delta_target_dist":62.0798301696777,"initial_target_pos":"(688.0558, 478.52)","velocity":"(503.2956, 486.5116)"},"hypothesisId":"P1","location":"scripts/battle/unit/projectile.gd","message":"projectile_delay_ended","runId":"aim-debug","sessionId":"ccca42","timestamp":46605}
{"data":{"allies_mult":1.0,"current_health":80,"enemy_mult":1.0,"max_health_effective":80,"stats_health":80,"team":0,"unit_id":"ally_archer"},"hypothesisId":"H2","location":"scripts/battle/unit/unit_base.gd","message":"unit_health_emitted","runId":"aim-debug","sessionId":"ccca42","timestamp":46914}
{"data":{"attack_speed":1.2,"attack_type":1,"target_class":"CharacterBody2D","unit_id":"ally_archer"},"hypothesisId":"H4","location":"scripts/battle/unit/unit_base.gd","message":"attack_start","runId":"aim-debug","sessionId":"ccca42","timestamp":46921}
{"data":{"delay_applies":true,"initial_dir":"(0.522455, -0.852667)","initial_target_pos":"(639.3348, 437.0245)","speed":700.0,"team":0,"unit_id":"ally_archer"},"hypothesisId":"P1","location":"scripts/battle/unit/projectile.gd","message":"projectile_ready_aimed","runId":"aim-debug","sessionId":"ccca42","timestamp":46925}
{"data":{"delay_s":1.75,"has_target_ref":true,"initial_target_pos":"(639.3348, 437.0245)"},"hypothesisId":"P1","location":"scripts/battle/unit/projectile.gd","message":"projectile_delay_started","runId":"aim-debug","sessionId":"ccca42","timestamp":46932}
{"data":{"attack_speed":1.2,"attack_type":1,"target_class":"CharacterBody2D","unit_id":"ally_archer"},"hypothesisId":"H4","location":"scripts/battle/unit/unit_base.gd","message":"attack_start","runId":"aim-debug","sessionId":"ccca42","timestamp":46987}
{"data":{"delay_applies":true,"initial_dir":"(0.450581, 0.892736)","initial_target_pos":"(639.3718, 436.4876)","speed":700.0,"team":0,"unit_id":"ally_archer"},"hypothesisId":"P1","location":"scripts/battle/unit/projectile.gd","message":"projectile_ready_aimed","runId":"aim-debug","sessionId":"ccca42","timestamp":46988}
{"data":{"delay_s":1.75,"has_target_ref":true,"initial_target_pos":"(639.3718, 436.4876)"},"hypothesisId":"P1","location":"scripts/battle/unit/projectile.gd","message":"projectile_delay_started","runId":"aim-debug","sessionId":"ccca42","timestamp":46996}
{"data":{"attack_speed":1.2,"attack_type":1,"target_class":"CharacterBody2D","unit_id":"ally_archer"},"hypothesisId":"H4","location":"scripts/battle/unit/unit_base.gd","message":"attack_start","runId":"aim-debug","sessionId":"ccca42","timestamp":47021}
{"data":{"delay_applies":true,"initial_dir":"(0.998192, 0.060113)","initial_target_pos":"(639.3868, 436.2441)","speed":700.0,"team":0,"unit_id":"ally_archer"},"hypothesisId":"P1","location":"scripts/battle/unit/projectile.gd","message":"projectile_ready_aimed","runId":"aim-debug","sessionId":"ccca42","timestamp":47022}
{"data":{"delay_s":1.75,"has_target_ref":true,"initial_target_pos":"(639.3868, 436.2441)"},"hypothesisId":"P1","location":"scripts/battle/unit/projectile.gd","message":"projectile_delay_started","runId":"aim-debug","sessionId":"ccca42","timestamp":47030}
{"data":{"attack_speed":1.0,"attack_type":0,"target_class":"CharacterBody2D","unit_id":"ally_warrior"},"hypothesisId":"H4","location":"scripts/battle/unit/unit_base.gd","message":"attack_start","runId":"aim-debug","sessionId":"ccca42","timestamp":47054}
{"data":{"curr_target_pos":"(639.4118, 435.802)","curr_target_valid":true,"delta_target_dist":64.4181900024414,"initial_target_pos":"(688.0605, 478.0276)","velocity":"(317.0823, 624.0664)"},"hypothesisId":"P1","location":"scripts/battle/unit/projectile.gd","message":"projectile_delay_ended","runId":"aim-debug","sessionId":"ccca42","timestamp":47072}
{"data":{"curr_target_pos":"(639.4221, 435.6016)","curr_target_valid":true,"delta_target_dist":64.5284576416016,"initial_target_pos":"(688.0607, 478.0069)","velocity":"(699.1448, 34.59135)"},"hypothesisId":"P1","location":"scripts/battle/unit/projectile.gd","message":"projectile_delay_ended","runId":"aim-debug","sessionId":"ccca42","timestamp":47105}
{"data":{"attack_speed":1.2,"attack_type":1,"target_class":"CharacterBody2D","unit_id":"ally_archer"},"hypothesisId":"H4","location":"scripts/battle/unit/unit_base.gd","message":"attack_start","runId":"aim-debug","sessionId":"ccca42","timestamp":47204}
{"data":{"delay_applies":true,"initial_dir":"(0.819869, 0.572551)","initial_target_pos":"(639.4425, 435.1541)","speed":700.0,"team":0,"unit_id":"ally_archer"},"hypothesisId":"P1","location":"scripts/battle/unit/projectile.gd","message":"projectile_ready_aimed","runId":"aim-debug","sessionId":"ccca42","timestamp":47205}
{"data":{"delay_s":1.75,"has_target_ref":true,"initial_target_pos":"(639.4425, 435.1541)"},"hypothesisId":"P1","location":"scripts/battle/unit/projectile.gd","message":"projectile_delay_started","runId":"aim-debug","sessionId":"ccca42","timestamp":47214}
{"data":{"curr_target_pos":"(639.4597, 434.7048)","curr_target_valid":true,"delta_target_dist":65.0317611694336,"initial_target_pos":"(688.0611, 477.9139)","velocity":"(575.2633, 398.8384)"},"hypothesisId":"P1","location":"scripts/battle/unit/projectile.gd","message":"projectile_delay_ended","runId":"aim-debug","sessionId":"ccca42","timestamp":47290}
{"data":{"attack_speed":1.2,"attack_type":1,"target_class":"CharacterBody2D","unit_id":"ally_archer"},"hypothesisId":"H4","location":"scripts/battle/unit/unit_base.gd","message":"attack_start","runId":"aim-debug","sessionId":"ccca42","timestamp":47354}
{"data":{"delay_applies":true,"initial_dir":"(0.73731, 0.675555)","initial_target_pos":"(639.466, 434.511)","speed":700.0,"team":0,"unit_id":"ally_archer"},"hypothesisId":"P1","location":"scripts/battle/unit/projectile.gd","message":"projectile_ready_aimed","runId":"aim-debug","sessionId":"ccca42","timestamp":47355}
{"data":{"delay_s":1.75,"has_target_ref":true,"initial_target_pos":"(639.466, 434.511)"},"hypothesisId":"P1","location":"scripts/battle/unit/projectile.gd","message":"projectile_delay_started","runId":"aim-debug","sessionId":"ccca42","timestamp":47363}
{"data":{"curr_target_pos":"(639.4755, 434.1762)","curr_target_valid":true,"delta_target_dist":50.5522422790527,"initial_target_pos":"(673.2925, 471.752)","velocity":"(516.806, 472.1351)"},"hypothesisId":"P1","location":"scripts/battle/unit/projectile.gd","message":"projectile_delay_ended","runId":"aim-debug","sessionId":"ccca42","timestamp":47439}
{"data":{"allies_mult":1.0,"current_health":80,"enemy_mult":1.0,"max_health_effective":80,"stats_health":80,"team":1,"unit_id":"enemy_archer"},"hypothesisId":"H2","location":"scripts/battle/unit/unit_base.gd","message":"unit_health_emitted","runId":"aim-debug","sessionId":"ccca42","timestamp":47515}
{"data":{"attack_speed":1.2,"attack_type":1,"target_class":"CharacterBody2D","unit_id":"enemy_archer"},"hypothesisId":"H4","location":"scripts/battle/unit/unit_base.gd","message":"attack_start","runId":"aim-debug","sessionId":"ccca42","timestamp":47638}
{"data":{"delay_applies":false,"initial_dir":"(-0.993135, -0.116977)","initial_target_pos":"(602.407, 497.292)","speed":700.0,"team":1,"unit_id":"enemy_archer"},"hypothesisId":"P1","location":"scripts/battle/unit/projectile.gd","message":"projectile_ready_aimed","runId":"aim-debug","sessionId":"ccca42","timestamp":47638}
{"data":{"attack_speed":1.2,"attack_type":1,"target_class":"CharacterBody2D","unit_id":"ally_archer"},"hypothesisId":"H4","location":"scripts/battle/unit/unit_base.gd","message":"attack_start","runId":"aim-debug","sessionId":"ccca42","timestamp":47754}
{"data":{"delay_applies":true,"initial_dir":"(0.503759, -0.863844)","initial_target_pos":"(639.4857, 433.7095)","speed":700.0,"team":0,"unit_id":"ally_archer"},"hypothesisId":"P1","location":"scripts/battle/unit/projectile.gd","message":"projectile_ready_aimed","runId":"aim-debug","sessionId":"ccca42","timestamp":47755}
{"data":{"delay_s":1.75,"has_target_ref":true,"initial_target_pos":"(639.4857, 433.7095)"},"hypothesisId":"P1","location":"scripts/battle/unit/projectile.gd","message":"projectile_delay_started","runId":"aim-debug","sessionId":"ccca42","timestamp":47763}
{"data":{"attack_speed":1.2,"attack_type":1,"target_class":"CharacterBody2D","unit_id":"ally_archer"},"hypothesisId":"H4","location":"scripts/battle/unit/unit_base.gd","message":"attack_start","runId":"aim-debug","sessionId":"ccca42","timestamp":47821}
{"data":{"delay_applies":true,"initial_dir":"(0.460099, 0.887868)","initial_target_pos":"(639.4857, 433.7095)","speed":700.0,"team":0,"unit_id":"ally_archer"},"hypothesisId":"P1","location":"scripts/battle/unit/projectile.gd","message":"projectile_ready_aimed","runId":"aim-debug","sessionId":"ccca42","timestamp":47821}
{"data":{"delay_s":1.75,"has_target_ref":true,"initial_target_pos":"(639.4857, 433.7095)"},"hypothesisId":"P1","location":"scripts/battle/unit/projectile.gd","message":"projectile_delay_started","runId":"aim-debug","sessionId":"ccca42","timestamp":47830}
{"data":{"attack_speed":1.2,"attack_type":1,"target_class":"CharacterBody2D","unit_id":"ally_archer"},"hypothesisId":"H4","location":"scripts/battle/unit/unit_base.gd","message":"attack_start","runId":"aim-debug","sessionId":"ccca42","timestamp":47854}
{"data":{"delay_applies":true,"initial_dir":"(0.99984, 0.017917)","initial_target_pos":"(639.4857, 433.7095)","speed":700.0,"team":0,"unit_id":"ally_archer"},"hypothesisId":"P1","location":"scripts/battle/unit/projectile.gd","message":"projectile_ready_aimed","runId":"aim-debug","sessionId":"ccca42","timestamp":47855}
{"data":{"delay_s":1.75,"has_target_ref":true,"initial_target_pos":"(639.4857, 433.7095)"},"hypothesisId":"P1","location":"scripts/battle/unit/projectile.gd","message":"projectile_delay_started","runId":"aim-debug","sessionId":"ccca42","timestamp":47863}
{"data":{"curr_target_pos":"(639.4857, 433.7095)","curr_target_valid":true,"delta_target_dist":18.003999710083,"initial_target_pos":"(636.472, 451.4595)","velocity":"(322.0692, 621.5074)"},"hypothesisId":"P1","location":"scripts/battle/unit/projectile.gd","message":"projectile_delay_ended","runId":"aim-debug","sessionId":"ccca42","timestamp":47905}
{"data":{"curr_target_pos":"(639.4857, 433.7095)","curr_target_valid":true,"delta_target_dist":16.8799915313721,"initial_target_pos":"(636.8176, 450.3773)","velocity":"(699.8877, 12.5418)"},"hypothesisId":"P1","location":"scripts/battle/unit/projectile.gd","message":"projectile_delay_ended","runId":"aim-debug","sessionId":"ccca42","timestamp":47939}
{"data":{"attack_speed":1.2,"attack_type":1,"target_class":"CharacterBody2D","unit_id":"ally_archer"},"hypothesisId":"H4","location":"scripts/battle/unit/unit_base.gd","message":"attack_start","runId":"aim-debug","sessionId":"ccca42","timestamp":48037}
{"data":{"delay_applies":true,"initial_dir":"(0.826054, 0.563591)","initial_target_pos":"(639.4857, 433.7095)","speed":700.0,"team":0,"unit_id":"ally_archer"},"hypothesisId":"P1","location":"scripts/battle/unit/projectile.gd","message":"projectile_ready_aimed","runId":"aim-debug","sessionId":"ccca42","timestamp":48038}
{"data":{"delay_s":1.75,"has_target_ref":true,"initial_target_pos":"(639.4857, 433.7095)"},"hypothesisId":"P1","location":"scripts/battle/unit/projectile.gd","message":"projectile_delay_started","runId":"aim-debug","sessionId":"ccca42","timestamp":48046}
{"data":{"curr_target_pos":"(639.4857, 433.7095)","curr_target_valid":true,"delta_target_dist":11.6761684417725,"initial_target_pos":"(638.1445, 445.3084)","velocity":"(578.238, 394.5134)"},"hypothesisId":"P1","location":"scripts/battle/unit/projectile.gd","message":"projectile_delay_ended","runId":"aim-debug","sessionId":"ccca42","timestamp":48123}
{"data":{"curr_target_pos":"(0.0, 0.0)","curr_target_valid":false,"delta_target_dist":null,"initial_target_pos":"(638.7341, 442.1711)","velocity":"(499.5522, 490.3546)"},"hypothesisId":"P1","location":"scripts/battle/unit/projectile.gd","message":"projectile_delay_ended","runId":"aim-debug","sessionId":"ccca42","timestamp":48272}
{"data":{"attack_speed":1.2,"attack_type":1,"target_class":"CharacterBody2D","unit_id":"enemy_archer"},"hypothesisId":"H4","location":"scripts/battle/unit/unit_base.gd","message":"attack_start","runId":"aim-debug","sessionId":"ccca42","timestamp":48471}
{"data":{"delay_applies":false,"initial_dir":"(-0.993134, -0.11698)","initial_target_pos":"(602.407, 497.292)","speed":700.0,"team":1,"unit_id":"enemy_archer"},"hypothesisId":"P1","location":"scripts/battle/unit/projectile.gd","message":"projectile_ready_aimed","runId":"aim-debug","sessionId":"ccca42","timestamp":48472}
{"data":{"attack_speed":1.2,"attack_type":1,"target_class":"CharacterBody2D","unit_id":"ally_archer"},"hypothesisId":"H4","location":"scripts/battle/unit/unit_base.gd","message":"attack_start","runId":"aim-debug","sessionId":"ccca42","timestamp":48537}
{"data":{"delay_applies":true,"initial_dir":"(0.811555, 0.584276)","initial_target_pos":"(813.5462, 522.1617)","speed":700.0,"team":0,"unit_id":"ally_archer"},"hypothesisId":"P1","location":"scripts/battle/unit/projectile.gd","message":"projectile_ready_aimed","runId":"aim-debug","sessionId":"ccca42","timestamp":48538}
{"data":{"delay_s":1.75,"has_target_ref":true,"initial_target_pos":"(813.5462, 522.1617)"},"hypothesisId":"P1","location":"scripts/battle/unit/projectile.gd","message":"projectile_delay_started","runId":"aim-debug","sessionId":"ccca42","timestamp":48546}
{"data":{"attack_speed":1.2,"attack_type":1,"target_class":"CharacterBody2D","unit_id":"ally_archer"},"hypothesisId":"H4","location":"scripts/battle/unit/unit_base.gd","message":"attack_start","runId":"aim-debug","sessionId":"ccca42","timestamp":48588}
{"data":{"delay_applies":true,"initial_dir":"(0.993134, 0.11698)","initial_target_pos":"(806.0977, 521.2844)","speed":700.0,"team":0,"unit_id":"ally_archer"},"hypothesisId":"P1","location":"scripts/battle/unit/projectile.gd","message":"projectile_ready_aimed","runId":"aim-debug","sessionId":"ccca42","timestamp":48588}
{"data":{"delay_s":1.75,"has_target_ref":true,"initial_target_pos":"(806.0977, 521.2844)"},"hypothesisId":"P1","location":"scripts/battle/unit/projectile.gd","message":"projectile_delay_started","runId":"aim-debug","sessionId":"ccca42","timestamp":48596}
{"data":{"attack_speed":1.2,"attack_type":1,"target_class":"CharacterBody2D","unit_id":"ally_archer"},"hypothesisId":"H4","location":"scripts/battle/unit/unit_base.gd","message":"attack_start","runId":"aim-debug","sessionId":"ccca42","timestamp":48654}
{"data":{"delay_applies":true,"initial_dir":"(0.731793, 0.681527)","initial_target_pos":"(796.1663, 520.1146)","speed":700.0,"team":0,"unit_id":"ally_archer"},"hypothesisId":"P1","location":"scripts/battle/unit/projectile.gd","message":"projectile_ready_aimed","runId":"aim-debug","sessionId":"ccca42","timestamp":48654}
{"data":{"delay_s":1.75,"has_target_ref":true,"initial_target_pos":"(796.1663, 520.1146)"},"hypothesisId":"P1","location":"scripts/battle/unit/projectile.gd","message":"projectile_delay_started","runId":"aim-debug","sessionId":"ccca42","timestamp":48663}
{"data":{"curr_target_pos":"(0.0, 0.0)","curr_target_valid":false,"delta_target_dist":null,"initial_target_pos":"(639.3348, 437.0245)","velocity":"(365.7187, -596.8667)"},"hypothesisId":"P1","location":"scripts/battle/unit/projectile.gd","message":"projectile_delay_ended","runId":"aim-debug","sessionId":"ccca42","timestamp":48677}
{"data":{"attack_speed":1.2,"attack_type":1,"target_class":"CharacterBody2D","unit_id":"ally_archer"},"hypothesisId":"H4","location":"scripts/battle/unit/unit_base.gd","message":"attack_start","runId":"aim-debug","sessionId":"ccca42","timestamp":48688}
{"data":{"delay_applies":true,"initial_dir":"(0.925144, 0.379615)","initial_target_pos":"(791.2006, 519.5297)","speed":700.0,"team":0,"unit_id":"ally_archer"},"hypothesisId":"P1","location":"scripts/battle/unit/projectile.gd","message":"projectile_ready_aimed","runId":"aim-debug","sessionId":"ccca42","timestamp":48690}
{"data":{"delay_s":1.75,"has_target_ref":true,"initial_target_pos":"(791.2006, 519.5297)"},"hypothesisId":"P1","location":"scripts/battle/unit/projectile.gd","message":"projectile_delay_started","runId":"aim-debug","sessionId":"ccca42","timestamp":48697}
{"data":{"curr_target_pos":"(0.0, 0.0)","curr_target_valid":false,"delta_target_dist":null,"initial_target_pos":"(639.3718, 436.4876)","velocity":"(315.4063, 624.915)"},"hypothesisId":"P1","location":"scripts/battle/unit/projectile.gd","message":"projectile_delay_ended","runId":"aim-debug","sessionId":"ccca42","timestamp":48739}
{"data":{"curr_target_pos":"(0.0, 0.0)","curr_target_valid":false,"delta_target_dist":null,"initial_target_pos":"(639.3868, 436.2441)","velocity":"(698.7341, 42.07942)"},"hypothesisId":"P1","location":"scripts/battle/unit/projectile.gd","message":"projectile_delay_ended","runId":"aim-debug","sessionId":"ccca42","timestamp":48773}
{"data":{"attack_speed":1.2,"attack_type":1,"target_class":"CharacterBody2D","unit_id":"ally_archer"},"hypothesisId":"H4","location":"scripts/battle/unit/unit_base.gd","message":"attack_start","runId":"aim-debug","sessionId":"ccca42","timestamp":48871}
{"data":{"delay_applies":true,"initial_dir":"(0.831416, 0.555651)","initial_target_pos":"(763.8892, 516.3127)","speed":700.0,"team":0,"unit_id":"ally_archer"},"hypothesisId":"P1","location":"scripts/battle/unit/projectile.gd","message":"projectile_ready_aimed","runId":"aim-debug","sessionId":"ccca42","timestamp":48872}
{"data":{"delay_s":1.75,"has_target_ref":true,"initial_target_pos":"(763.8892, 516.3127)"},"hypothesisId":"P1","location":"scripts/battle/unit/projectile.gd","message":"projectile_delay_started","runId":"aim-debug","sessionId":"ccca42","timestamp":48884}
{"data":{"curr_target_pos":"(0.0, 0.0)","curr_target_valid":false,"delta_target_dist":null,"initial_target_pos":"(639.4425, 435.1541)","velocity":"(573.9084, 400.7856)"},"hypothesisId":"P1","location":"scripts/battle/unit/projectile.gd","message":"projectile_delay_ended","runId":"aim-debug","sessionId":"ccca42","timestamp":48956}
{"data":{"curr_target_pos":"(0.0, 0.0)","curr_target_valid":false,"delta_target_dist":null,"initial_target_pos":"(639.466, 434.511)","velocity":"(516.1168, 472.8884)"},"hypothesisId":"P1","location":"scripts/battle/unit/projectile.gd","message":"projectile_delay_ended","runId":"aim-debug","sessionId":"ccca42","timestamp":49105}
{"data":{"attack_speed":1.2,"attack_type":1,"target_class":"CharacterBody2D","unit_id":"ally_archer"},"hypothesisId":"H4","location":"scripts/battle/unit/unit_base.gd","message":"attack_start","runId":"aim-debug","sessionId":"ccca42","timestamp":49371}
{"data":{"delay_applies":true,"initial_dir":"(0.686531, 0.727101)","initial_target_pos":"(711.7494, 510.1713)","speed":700.0,"team":0,"unit_id":"ally_archer"},"hypothesisId":"P1","location":"scripts/battle/unit/projectile.gd","message":"projectile_ready_aimed","runId":"aim-debug","sessionId":"ccca42","timestamp":49372}
{"data":{"delay_s":1.75,"has_target_ref":true,"initial_target_pos":"(711.7494, 510.1713)"},"hypothesisId":"P1","location":"scripts/battle/unit/projectile.gd","message":"projectile_delay_started","runId":"aim-debug","sessionId":"ccca42","timestamp":49380}
{"data":{"attack_speed":1.2,"attack_type":1,"target_class":"CharacterBody2D","unit_id":"ally_archer"},"hypothesisId":"H4","location":"scripts/battle/unit/unit_base.gd","message":"attack_start","runId":"aim-debug","sessionId":"ccca42","timestamp":49421}
{"data":{"delay_applies":true,"initial_dir":"(0.993134, 0.11698)","initial_target_pos":"(711.7494, 510.1713)","speed":700.0,"team":0,"unit_id":"ally_archer"},"hypothesisId":"P1","location":"scripts/battle/unit/projectile.gd","message":"projectile_ready_aimed","runId":"aim-debug","sessionId":"ccca42","timestamp":49422}
{"data":{"delay_s":1.75,"has_target_ref":true,"initial_target_pos":"(711.7494, 510.1713)"},"hypothesisId":"P1","location":"scripts/battle/unit/projectile.gd","message":"projectile_delay_started","runId":"aim-debug","sessionId":"ccca42","timestamp":49430}
{"data":{"attack_speed":1.2,"attack_type":1,"target_class":"CharacterBody2D","unit_id":"ally_archer"},"hypothesisId":"H4","location":"scripts/battle/unit/unit_base.gd","message":"attack_start","runId":"aim-debug","sessionId":"ccca42","timestamp":49488}
{"data":{"delay_applies":true,"initial_dir":"(0.55516, 0.831743)","initial_target_pos":"(711.7494, 510.1713)","speed":700.0,"team":0,"unit_id":"ally_archer"},"hypothesisId":"P1","location":"scripts/battle/unit/projectile.gd","message":"projectile_ready_aimed","runId":"aim-debug","sessionId":"ccca42","timestamp":49488}
{"data":{"delay_s":1.75,"has_target_ref":true,"initial_target_pos":"(711.7494, 510.1713)"},"hypothesisId":"P1","location":"scripts/battle/unit/projectile.gd","message":"projectile_delay_started","runId":"aim-debug","sessionId":"ccca42","timestamp":49497}
{"data":{"curr_target_pos":"(0.0, 0.0)","curr_target_valid":false,"delta_target_dist":null,"initial_target_pos":"(639.4857, 433.7095)","velocity":"(352.6312, -604.6911)"},"hypothesisId":"P1","location":"scripts/battle/unit/projectile.gd","message":"projectile_delay_ended","runId":"aim-debug","sessionId":"ccca42","timestamp":49510}
{"data":{"attack_speed":1.2,"attack_type":1,"target_class":"CharacterBody2D","unit_id":"ally_archer"},"hypothesisId":"H4","location":"scripts/battle/unit/unit_base.gd","message":"attack_start","runId":"aim-debug","sessionId":"ccca42","timestamp":49521}
{"data":{"delay_applies":true,"initial_dir":"(0.862781, 0.505578)","initial_target_pos":"(711.7494, 510.1713)","speed":700.0,"team":0,"unit_id":"ally_archer"},"hypothesisId":"P1","location":"scripts/battle/unit/projectile.gd","message":"projectile_ready_aimed","runId":"aim-debug","sessionId":"ccca42","timestamp":49522}
{"data":{"delay_s":1.75,"has_target_ref":true,"initial_target_pos":"(711.7494, 510.1713)"},"hypothesisId":"P1","location":"scripts/battle/unit/projectile.gd","message":"projectile_delay_started","runId":"aim-debug","sessionId":"ccca42","timestamp":49530}
{"data":{"curr_target_pos":"(0.0, 0.0)","curr_target_valid":false,"delta_target_dist":null,"initial_target_pos":"(639.4857, 433.7095)","velocity":"(322.0692, 621.5074)"},"hypothesisId":"P1","location":"scripts/battle/unit/projectile.gd","message":"projectile_delay_ended","runId":"aim-debug","sessionId":"ccca42","timestamp":49572}
{"data":{"curr_target_pos":"(0.0, 0.0)","curr_target_valid":false,"delta_target_dist":null,"initial_target_pos":"(639.4857, 433.7095)","velocity":"(699.8877, 12.5418)"},"hypothesisId":"P1","location":"scripts/battle/unit/projectile.gd","message":"projectile_delay_ended","runId":"aim-debug","sessionId":"ccca42","timestamp":49605}
{"data":{"allies_mult":1.0,"current_health":80,"enemy_mult":1.0,"max_health_effective":80,"stats_health":80,"team":1,"unit_id":"ally_archer"},"hypothesisId":"H2","location":"scripts/battle/unit/unit_base.gd","message":"unit_health_emitted","runId":"aim-debug","sessionId":"ccca42","timestamp":49695}
{"data":{"attack_speed":1.2,"attack_type":1,"target_class":"CharacterBody2D","unit_id":"ally_archer"},"hypothesisId":"H4","location":"scripts/battle/unit/unit_base.gd","message":"attack_start","runId":"aim-debug","sessionId":"ccca42","timestamp":49705}
{"data":{"delay_applies":true,"initial_dir":"(0.762426, 0.647076)","initial_target_pos":"(711.7494, 510.1713)","speed":700.0,"team":0,"unit_id":"ally_archer"},"hypothesisId":"P1","location":"scripts/battle/unit/projectile.gd","message":"projectile_ready_aimed","runId":"aim-debug","sessionId":"ccca42","timestamp":49705}
{"data":{"delay_s":1.75,"has_target_ref":true,"initial_target_pos":"(711.7494, 510.1713)"},"hypothesisId":"P1","location":"scripts/battle/unit/projectile.gd","message":"projectile_delay_started","runId":"aim-debug","sessionId":"ccca42","timestamp":49714}
{"data":{"attack_speed":1.2,"attack_type":1,"target_class":"CharacterBody2D","unit_id":"ally_archer"},"hypothesisId":"H4","location":"scripts/battle/unit/unit_base.gd","message":"attack_start","runId":"aim-debug","sessionId":"ccca42","timestamp":49771}
{"data":{"delay_applies":false,"initial_dir":"(-0.993135, -0.116977)","initial_target_pos":"(609.8556, 498.1693)","speed":700.0,"team":1,"unit_id":"ally_archer"},"hypothesisId":"P1","location":"scripts/battle/unit/projectile.gd","message":"projectile_ready_aimed","runId":"aim-debug","sessionId":"ccca42","timestamp":49771}
{"data":{"curr_target_pos":"(0.0, 0.0)","curr_target_valid":false,"delta_target_dist":null,"initial_target_pos":"(639.4857, 433.7095)","velocity":"(578.238, 394.5134)"},"hypothesisId":"P1","location":"scripts/battle/unit/projectile.gd","message":"projectile_delay_ended","runId":"aim-debug","sessionId":"ccca42","timestamp":49790}
{"data":{"attack_speed":1.2,"attack_type":1,"target_class":"CharacterBody2D","unit_id":"ally_archer"},"hypothesisId":"H4","location":"scripts/battle/unit/unit_base.gd","message":"attack_start","runId":"aim-debug","sessionId":"ccca42","timestamp":50255}
{"data":{"delay_applies":true,"initial_dir":"(0.993209, 0.116347)","initial_target_pos":"(883.0653, 530.3571)","speed":700.0,"team":0,"unit_id":"ally_archer"},"hypothesisId":"P1","location":"scripts/battle/unit/projectile.gd","message":"projectile_ready_aimed","runId":"aim-debug","sessionId":"ccca42","timestamp":50256}
{"data":{"delay_s":1.75,"has_target_ref":true,"initial_target_pos":"(883.0653, 530.3571)"},"hypothesisId":"P1","location":"scripts/battle/unit/projectile.gd","message":"projectile_delay_started","runId":"aim-debug","sessionId":"ccca42","timestamp":50264}
{"data":{"curr_target_pos":"(0.0, 0.0)","curr_target_valid":false,"delta_target_dist":null,"initial_target_pos":"(813.5462, 522.1617)","velocity":"(568.0884, 408.9934)"},"hypothesisId":"P1","location":"scripts/battle/unit/projectile.gd","message":"projectile_delay_ended","runId":"aim-debug","sessionId":"ccca42","timestamp":50288}
{"data":{"attack_speed":1.2,"attack_type":1,"target_class":"CharacterBody2D","unit_id":"ally_archer"},"hypothesisId":"H4","location":"scripts/battle/unit/unit_base.gd","message":"attack_start","runId":"aim-debug","sessionId":"ccca42","timestamp":50322}
{"data":{"delay_applies":true,"initial_dir":"(0.792898, 0.609355)","initial_target_pos":"(873.1332, 529.1935)","speed":700.0,"team":0,"unit_id":"ally_archer"},"hypothesisId":"P1","location":"scripts/battle/unit/projectile.gd","message":"projectile_ready_aimed","runId":"aim-debug","sessionId":"ccca42","timestamp":50322}
{"data":{"delay_s":1.75,"has_target_ref":true,"initial_target_pos":"(873.1332, 529.1935)"},"hypothesisId":"P1","location":"scripts/battle/unit/projectile.gd","message":"projectile_delay_started","runId":"aim-debug","sessionId":"ccca42","timestamp":50331}
{"data":{"curr_target_pos":"(0.0, 0.0)","curr_target_valid":false,"delta_target_dist":null,"initial_target_pos":"(806.0977, 521.2844)","velocity":"(695.194, 81.88602)"},"hypothesisId":"P1","location":"scripts/battle/unit/projectile.gd","message":"projectile_delay_ended","runId":"aim-debug","sessionId":"ccca42","timestamp":50343}
{"data":{"attack_speed":1.2,"attack_type":1,"target_class":"CharacterBody2D","unit_id":"ally_archer"},"hypothesisId":"H4","location":"scripts/battle/unit/unit_base.gd","message":"attack_start","runId":"aim-debug","sessionId":"ccca42","timestamp":50355}
{"data":{"delay_applies":true,"initial_dir":"(0.946739, 0.322003)","initial_target_pos":"(868.1671, 528.6117)","speed":700.0,"team":0,"unit_id":"ally_archer"},"hypothesisId":"P1","location":"scripts/battle/unit/projectile.gd","message":"projectile_ready_aimed","runId":"aim-debug","sessionId":"ccca42","timestamp":50355}
{"data":{"delay_s":1.75,"has_target_ref":true,"initial_target_pos":"(868.1671, 528.6117)"},"hypothesisId":"P1","location":"scripts/battle/unit/projectile.gd","message":"projectile_delay_started","runId":"aim-debug","sessionId":"ccca42","timestamp":50363}
{"data":{"curr_target_pos":"(0.0, 0.0)","curr_target_valid":false,"delta_target_dist":null,"initial_target_pos":"(796.1663, 520.1146)","velocity":"(512.2553, 477.0686)"},"hypothesisId":"P1","location":"scripts/battle/unit/projectile.gd","message":"projectile_delay_ended","runId":"aim-debug","sessionId":"ccca42","timestamp":50407}
{"data":{"attack_speed":1.2,"attack_type":1,"target_class":"CharacterBody2D","unit_id":"ally_archer"},"hypothesisId":"H4","location":"scripts/battle/unit/unit_base.gd","message":"attack_start","runId":"aim-debug","sessionId":"ccca42","timestamp":50437}
{"data":{"delay_applies":true,"initial_dir":"(0.811169, 0.584811)","initial_target_pos":"(855.752, 527.1572)","speed":700.0,"team":0,"unit_id":"ally_archer"},"hypothesisId":"P1","location":"scripts/battle/unit/projectile.gd","message":"projectile_ready_aimed","runId":"aim-debug","sessionId":"ccca42","timestamp":50438}
{"data":{"delay_s":1.75,"has_target_ref":true,"initial_target_pos":"(855.752, 527.1572)"},"hypothesisId":"P1","location":"scripts/battle/unit/projectile.gd","message":"projectile_delay_started","runId":"aim-debug","sessionId":"ccca42","timestamp":50447}
{"data":{"curr_target_pos":"(0.0, 0.0)","curr_target_valid":false,"delta_target_dist":null,"initial_target_pos":"(791.2006, 519.5297)","velocity":"(647.6011, 265.7306)"},"hypothesisId":"P1","location":"scripts/battle/unit/projectile.gd","message":"projectile_delay_ended","runId":"aim-debug","sessionId":"ccca42","timestamp":50458}
{"data":{"attack_speed":1.2,"attack_type":1,"target_class":"CharacterBody2D","unit_id":"ally_archer"},"hypothesisId":"H4","location":"scripts/battle/unit/unit_base.gd","message":"attack_start","runId":"aim-debug","sessionId":"ccca42","timestamp":50537}
{"data":{"delay_applies":true,"initial_dir":"(0.872398, 0.488797)","initial_target_pos":"(840.8538, 525.412)","speed":700.0,"team":0,"unit_id":"ally_archer"},"hypothesisId":"P1","location":"scripts/battle/unit/projectile.gd","message":"projectile_ready_aimed","runId":"aim-debug","sessionId":"ccca42","timestamp":50538}
{"data":{"delay_s":1.75,"has_target_ref":true,"initial_target_pos":"(840.8538, 525.412)"},"hypothesisId":"P1","location":"scripts/battle/unit/projectile.gd","message":"projectile_delay_started","runId":"aim-debug","sessionId":"ccca42","timestamp":50547}
{"data":{"attack_speed":1.2,"attack_type":1,"target_class":"CharacterBody2D","unit_id":"ally_archer"},"hypothesisId":"H4","location":"scripts/battle/unit/unit_base.gd","message":"attack_start","runId":"aim-debug","sessionId":"ccca42","timestamp":50604}
{"data":{"delay_applies":false,"initial_dir":"(-0.993209, -0.116345)","initial_target_pos":"(609.8754, 498.355)","speed":700.0,"team":1,"unit_id":"ally_archer"},"hypothesisId":"P1","location":"scripts/battle/unit/projectile.gd","message":"projectile_ready_aimed","runId":"aim-debug","sessionId":"ccca42","timestamp":50605}
{"data":{"curr_target_pos":"(0.0, 0.0)","curr_target_valid":false,"delta_target_dist":null,"initial_target_pos":"(763.8892, 516.3127)","velocity":"(581.991, 388.9557)"},"hypothesisId":"P1","location":"scripts/battle/unit/projectile.gd","message":"projectile_delay_ended","runId":"aim-debug","sessionId":"ccca42","timestamp":50626}
{"data":{"curr_target_pos":"(0.0, 0.0)","curr_target_valid":false,"delta_target_dist":null,"initial_target_pos":"(711.7494, 510.1713)","velocity":"(480.5714, 508.9707)"},"hypothesisId":"P1","location":"scripts/battle/unit/projectile.gd","message":"projectile_delay_ended","runId":"aim-debug","sessionId":"ccca42","timestamp":51122}
{"data":{"attack_speed":1.2,"attack_type":1,"target_class":"CharacterBody2D","unit_id":"ally_archer"},"hypothesisId":"H4","location":"scripts/battle/unit/unit_base.gd","message":"attack_start","runId":"aim-debug","sessionId":"ccca42","timestamp":51154}
{"data":{"delay_applies":true,"initial_dir":"(0.705898, 0.708314)","initial_target_pos":"(808.5743, 521.6307)","speed":700.0,"team":0,"unit_id":"ally_archer"},"hypothesisId":"P1","location":"scripts/battle/unit/projectile.gd","message":"projectile_ready_aimed","runId":"aim-debug","sessionId":"ccca42","timestamp":51154}
{"data":{"delay_s":1.75,"has_target_ref":true,"initial_target_pos":"(808.5743, 521.6307)"},"hypothesisId":"P1","location":"scripts/battle/unit/projectile.gd","message":"projectile_delay_started","runId":"aim-debug","sessionId":"ccca42","timestamp":51162}
{"data":{"curr_target_pos":"(0.0, 0.0)","curr_target_valid":false,"delta_target_dist":null,"initial_target_pos":"(711.7494, 510.1713)","velocity":"(695.194, 81.88625)"},"hypothesisId":"P1","location":"scripts/battle/unit/projectile.gd","message":"projectile_delay_ended","runId":"aim-debug","sessionId":"ccca42","timestamp":51175}
{"data":{"attack_speed":1.2,"attack_type":1,"target_class":"CharacterBody2D","unit_id":"ally_archer"},"hypothesisId":"H4","location":"scripts/battle/unit/unit_base.gd","message":"attack_start","runId":"aim-debug","sessionId":"ccca42","timestamp":51187}
{"data":{"delay_applies":true,"initial_dir":"(0.926504, 0.376284)","initial_target_pos":"(808.5743, 521.6307)","speed":700.0,"team":0,"unit_id":"ally_archer"},"hypothesisId":"P1","location":"scripts/battle/unit/projectile.gd","message":"projectile_ready_aimed","runId":"aim-debug","sessionId":"ccca42","timestamp":51188}
{"data":{"delay_s":1.75,"has_target_ref":true,"initial_target_pos":"(808.5743, 521.6307)"},"hypothesisId":"P1","location":"scripts/battle/unit/projectile.gd","message":"projectile_delay_started","runId":"aim-debug","sessionId":"ccca42","timestamp":51196}
{"data":{"curr_target_pos":"(0.0, 0.0)","curr_target_valid":false,"delta_target_dist":null,"initial_target_pos":"(711.7494, 510.1713)","velocity":"(388.6121, 582.2204)"},"hypothesisId":"P1","location":"scripts/battle/unit/projectile.gd","message":"projectile_delay_ended","runId":"aim-debug","sessionId":"ccca42","timestamp":51239}
{"data":{"curr_target_pos":"(0.0, 0.0)","curr_target_valid":false,"delta_target_dist":null,"initial_target_pos":"(711.7494, 510.1713)","velocity":"(603.9468, 353.9044)"},"hypothesisId":"P1","location":"scripts/battle/unit/projectile.gd","message":"projectile_delay_ended","runId":"aim-debug","sessionId":"ccca42","timestamp":51273}
{"data":{"allies_mult":1.0,"current_health":80,"enemy_mult":1.0,"max_health_effective":80,"stats_health":80,"team":0,"unit_id":"ally_archer"},"hypothesisId":"H2","location":"scripts/battle/unit/unit_base.gd","message":"unit_health_emitted","runId":"aim-debug","sessionId":"ccca42","timestamp":51289}
{"data":{"curr_target_pos":"(0.0, 0.0)","curr_target_valid":false,"delta_target_dist":null,"initial_target_pos":"(711.7494, 510.1713)","velocity":"(533.6981, 452.9529)"},"hypothesisId":"P1","location":"scripts/battle/unit/projectile.gd","message":"projectile_delay_ended","runId":"aim-debug","sessionId":"ccca42","timestamp":51455}
{"data":{"attack_speed":1.2,"attack_type":1,"target_class":"Node2D","unit_id":"ally_archer"},"hypothesisId":"H4","location":"scripts/battle/unit/unit_base.gd","message":"attack_start","runId":"aim-debug","sessionId":"ccca42","timestamp":51987}
{"data":{"delay_applies":true,"initial_dir":"(0.999217, -0.039572)","initial_target_pos":"(1038.0, 326.0)","speed":700.0,"team":0,"unit_id":"ally_archer"},"hypothesisId":"P1","location":"scripts/battle/unit/projectile.gd","message":"projectile_ready_aimed","runId":"aim-debug","sessionId":"ccca42","timestamp":51988}
{"data":{"delay_s":1.75,"has_target_ref":true,"initial_target_pos":"(1038.0, 326.0)"},"hypothesisId":"P1","location":"scripts/battle/unit/projectile.gd","message":"projectile_delay_started","runId":"aim-debug","sessionId":"ccca42","timestamp":51996}
{"data":{"curr_target_pos":"(0.0, 0.0)","curr_target_valid":false,"delta_target_dist":null,"initial_target_pos":"(883.0653, 530.3571)","velocity":"(695.246, 81.4426)"},"hypothesisId":"P1","location":"scripts/battle/unit/projectile.gd","message":"projectile_delay_ended","runId":"aim-debug","sessionId":"ccca42","timestamp":52009}
{"data":{"attack_speed":1.2,"attack_type":1,"target_class":"Node2D","unit_id":"ally_archer"},"hypothesisId":"H4","location":"scripts/battle/unit/unit_base.gd","message":"attack_start","runId":"aim-debug","sessionId":"ccca42","timestamp":52021}
{"data":{"delay_applies":true,"initial_dir":"(0.973534, -0.228545)","initial_target_pos":"(1038.0, 326.0)","speed":700.0,"team":0,"unit_id":"ally_archer"},"hypothesisId":"P1","location":"scripts/battle/unit/projectile.gd","message":"projectile_ready_aimed","runId":"aim-debug","sessionId":"ccca42","timestamp":52022}
{"data":{"delay_s":1.75,"has_target_ref":true,"initial_target_pos":"(1038.0, 326.0)"},"hypothesisId":"P1","location":"scripts/battle/unit/projectile.gd","message":"projectile_delay_started","runId":"aim-debug","sessionId":"ccca42","timestamp":52030}
{"data":{"curr_target_pos":"(0.0, 0.0)","curr_target_valid":false,"delta_target_dist":null,"initial_target_pos":"(873.1332, 529.1935)","velocity":"(555.0285, 426.5482)"},"hypothesisId":"P1","location":"scripts/battle/unit/projectile.gd","message":"projectile_delay_ended","runId":"aim-debug","sessionId":"ccca42","timestamp":52072}
{"data":{"curr_target_pos":"(0.0, 0.0)","curr_target_valid":false,"delta_target_dist":null,"initial_target_pos":"(868.1671, 528.6117)","velocity":"(662.717, 225.4022)"},"hypothesisId":"P1","location":"scripts/battle/unit/projectile.gd","message":"projectile_delay_ended","runId":"aim-debug","sessionId":"ccca42","timestamp":52106}
{"data":{"curr_target_pos":"(0.0, 0.0)","curr_target_valid":false,"delta_target_dist":null,"initial_target_pos":"(855.752, 527.1572)","velocity":"(567.8185, 409.368)"},"hypothesisId":"P1","location":"scripts/battle/unit/projectile.gd","message":"projectile_delay_ended","runId":"aim-debug","sessionId":"ccca42","timestamp":52188}
{"data":{"attack_speed":1.2,"attack_type":1,"target_class":"Node2D","unit_id":"ally_archer"},"hypothesisId":"H4","location":"scripts/battle/unit/unit_base.gd","message":"attack_start","runId":"aim-debug","sessionId":"ccca42","timestamp":52254}
{"data":{"delay_applies":true,"initial_dir":"(0.993743, 0.111686)","initial_target_pos":"(1038.0, 521.0)","speed":700.0,"team":0,"unit_id":"ally_archer"},"hypothesisId":"P1","location":"scripts/battle/unit/projectile.gd","message":"projectile_ready_aimed","runId":"aim-debug","sessionId":"ccca42","timestamp":52255}
{"data":{"delay_s":1.75,"has_target_ref":true,"initial_target_pos":"(1038.0, 521.0)"},"hypothesisId":"P1","location":"scripts/battle/unit/projectile.gd","message":"projectile_delay_started","runId":"aim-debug","sessionId":"ccca42","timestamp":52263}
{"data":{"curr_target_pos":"(0.0, 0.0)","curr_target_valid":false,"delta_target_dist":null,"initial_target_pos":"(840.8538, 525.412)","velocity":"(610.6783, 342.1578)"},"hypothesisId":"P1","location":"scripts/battle/unit/projectile.gd","message":"projectile_delay_ended","runId":"aim-debug","sessionId":"ccca42","timestamp":52289}
{"data":{"allies_mult":1.0,"current_health":80,"enemy_mult":1.0,"max_health_effective":80,"stats_health":80,"team":1,"unit_id":"enemy_archer"},"hypothesisId":"H2","location":"scripts/battle/unit/unit_base.gd","message":"unit_health_emitted","runId":"aim-debug","sessionId":"ccca42","timestamp":52710}
{"data":{"attack_speed":1.2,"attack_type":1,"target_class":"CharacterBody2D","unit_id":"enemy_archer"},"hypothesisId":"H4","location":"scripts/battle/unit/unit_base.gd","message":"attack_start","runId":"aim-debug","sessionId":"ccca42","timestamp":52721}
{"data":{"delay_applies":false,"initial_dir":"(-0.800681, 0.599091)","initial_target_pos":"(690.5944, 340.0731)","speed":700.0,"team":1,"unit_id":"enemy_archer"},"hypothesisId":"P1","location":"scripts/battle/unit/projectile.gd","message":"projectile_ready_aimed","runId":"aim-debug","sessionId":"ccca42","timestamp":52721}
{"data":{"attack_speed":1.2,"attack_type":1,"target_class":"CharacterBody2D","unit_id":"ally_archer"},"hypothesisId":"H4","location":"scripts/battle/unit/unit_base.gd","message":"attack_start","runId":"aim-debug","sessionId":"ccca42","timestamp":52821}
{"data":{"delay_applies":true,"initial_dir":"(0.800681, -0.599091)","initial_target_pos":"(949.9897, 145.9864)","speed":700.0,"team":0,"unit_id":"ally_archer"},"hypothesisId":"P1","location":"scripts/battle/unit/projectile.gd","message":"projectile_ready_aimed","runId":"aim-debug","sessionId":"ccca42","timestamp":52822}
{"data":{"delay_s":1.75,"has_target_ref":true,"initial_target_pos":"(949.9897, 145.9864)"},"hypothesisId":"P1","location":"scripts/battle/unit/projectile.gd","message":"projectile_delay_started","runId":"aim-debug","sessionId":"ccca42","timestamp":52830}
{"data":{"attack_speed":1.2,"attack_type":1,"target_class":"CharacterBody2D","unit_id":"ally_archer"},"hypothesisId":"H4","location":"scripts/battle/unit/unit_base.gd","message":"attack_start","runId":"aim-debug","sessionId":"ccca42","timestamp":52845}
{"data":{"delay_applies":true,"initial_dir":"(0.886312, -0.463088)","initial_target_pos":"(947.988, 147.4841)","speed":700.0,"team":0,"unit_id":"ally_archer"},"hypothesisId":"P1","location":"scripts/battle/unit/projectile.gd","message":"projectile_ready_aimed","runId":"aim-debug","sessionId":"ccca42","timestamp":52847}
{"data":{"delay_s":1.75,"has_target_ref":true,"initial_target_pos":"(947.988, 147.4841)"},"hypothesisId":"P1","location":"scripts/battle/unit/projectile.gd","message":"projectile_delay_started","runId":"aim-debug","sessionId":"ccca42","timestamp":52855}
{"data":{"attack_speed":1.2,"attack_type":1,"target_class":"CharacterBody2D","unit_id":"ally_archer"},"hypothesisId":"H4","location":"scripts/battle/unit/unit_base.gd","message":"attack_start","runId":"aim-debug","sessionId":"ccca42","timestamp":52862}
{"data":{"delay_applies":true,"initial_dir":"(0.690833, -0.723014)","initial_target_pos":"(945.9863, 148.9818)","speed":700.0,"team":0,"unit_id":"ally_archer"},"hypothesisId":"P1","location":"scripts/battle/unit/projectile.gd","message":"projectile_ready_aimed","runId":"aim-debug","sessionId":"ccca42","timestamp":52870}
{"data":{"delay_s":1.75,"has_target_ref":true,"initial_target_pos":"(945.9863, 148.9818)"},"hypothesisId":"P1","location":"scripts/battle/unit/projectile.gd","message":"projectile_delay_started","runId":"aim-debug","sessionId":"ccca42","timestamp":52878}
{"data":{"curr_target_pos":"(0.0, 0.0)","curr_target_valid":false,"delta_target_dist":null,"initial_target_pos":"(808.5743, 521.6307)","velocity":"(494.1283, 495.8198)"},"hypothesisId":"P1","location":"scripts/battle/unit/projectile.gd","message":"projectile_delay_ended","runId":"aim-debug","sessionId":"ccca42","timestamp":52897}
{"data":{"curr_target_pos":"(0.0, 0.0)","curr_target_valid":false,"delta_target_dist":null,"initial_target_pos":"(808.5743, 521.6307)","velocity":"(648.553, 263.3988)"},"hypothesisId":"P1","location":"scripts/battle/unit/projectile.gd","message":"projectile_delay_ended","runId":"aim-debug","sessionId":"ccca42","timestamp":52939}
{"data":{"attack_speed":1.2,"attack_type":1,"target_class":"CharacterBody2D","unit_id":"ally_archer"},"hypothesisId":"H4","location":"scripts/battle/unit/unit_base.gd","message":"attack_start","runId":"aim-debug","sessionId":"ccca42","timestamp":53054}
{"data":{"delay_applies":true,"initial_dir":"(0.814787, -0.57976)","initial_target_pos":"(921.9686, 166.9584)","speed":700.0,"team":0,"unit_id":"ally_archer"},"hypothesisId":"P1","location":"scripts/battle/unit/projectile.gd","message":"projectile_ready_aimed","runId":"aim-debug","sessionId":"ccca42","timestamp":53055}
{"data":{"delay_s":1.75,"has_target_ref":true,"initial_target_pos":"(921.9686, 166.9584)"},"hypothesisId":"P1","location":"scripts/battle/unit/projectile.gd","message":"projectile_delay_started","runId":"aim-debug","sessionId":"ccca42","timestamp":53064}
{"data":{"attack_speed":1.2,"attack_type":1,"target_class":"CharacterBody2D","unit_id":"ally_archer"},"hypothesisId":"H4","location":"scripts/battle/unit/unit_base.gd","message":"attack_start","runId":"aim-debug","sessionId":"ccca42","timestamp":53171}
{"data":{"delay_applies":true,"initial_dir":"(0.581053, -0.813866)","initial_target_pos":"(907.9587, 177.4454)","speed":700.0,"team":0,"unit_id":"ally_archer"},"hypothesisId":"P1","location":"scripts/battle/unit/projectile.gd","message":"projectile_ready_aimed","runId":"aim-debug","sessionId":"ccca42","timestamp":53171}
{"data":{"delay_s":1.75,"has_target_ref":true,"initial_target_pos":"(907.9587, 177.4454)"},"hypothesisId":"P1","location":"scripts/battle/unit/projectile.gd","message":"projectile_delay_started","runId":"aim-debug","sessionId":"ccca42","timestamp":53180}
{"data":{"attack_speed":1.2,"attack_type":1,"target_class":"CharacterBody2D","unit_id":"enemy_archer"},"hypothesisId":"H4","location":"scripts/battle/unit/unit_base.gd","message":"attack_start","runId":"aim-debug","sessionId":"ccca42","timestamp":53554}
{"data":{"delay_applies":false,"initial_dir":"(-0.800551, 0.599265)","initial_target_pos":"(690.679, 340.0933)","speed":700.0,"team":1,"unit_id":"enemy_archer"},"hypothesisId":"P1","location":"scripts/battle/unit/projectile.gd","message":"projectile_ready_aimed","runId":"aim-debug","sessionId":"ccca42","timestamp":53555}
{"data":{"attack_speed":1.2,"attack_type":1,"target_class":"CharacterBody2D","unit_id":"ally_archer"},"hypothesisId":"H4","location":"scripts/battle/unit/unit_base.gd","message":"attack_start","runId":"aim-debug","sessionId":"ccca42","timestamp":53670}
{"data":{"delay_applies":true,"initial_dir":"(0.924655, -0.380807)","initial_target_pos":"(848.3557, 222.8439)","speed":700.0,"team":0,"unit_id":"ally_archer"},"hypothesisId":"P1","location":"scripts/battle/unit/projectile.gd","message":"projectile_ready_aimed","runId":"aim-debug","sessionId":"ccca42","timestamp":53671}
{"data":{"delay_s":1.75,"has_target_ref":true,"initial_target_pos":"(848.3557, 222.8439)"},"hypothesisId":"P1","location":"scripts/battle/unit/projectile.gd","message":"projectile_delay_started","runId":"aim-debug","sessionId":"ccca42","timestamp":53680}
{"data":{"attack_speed":1.2,"attack_type":1,"target_class":"CharacterBody2D","unit_id":"ally_archer"},"hypothesisId":"H4","location":"scripts/battle/unit/unit_base.gd","message":"attack_start","runId":"aim-debug","sessionId":"ccca42","timestamp":53691}
{"data":{"delay_applies":true,"initial_dir":"(0.624932, -0.780679)","initial_target_pos":"(846.7934, 224.7957)","speed":700.0,"team":0,"unit_id":"ally_archer"},"hypothesisId":"P1","location":"scripts/battle/unit/projectile.gd","message":"projectile_ready_aimed","runId":"aim-debug","sessionId":"ccca42","timestamp":53695}
{"data":{"delay_s":1.75,"has_target_ref":true,"initial_target_pos":"(846.7934, 224.7957)"},"hypothesisId":"P1","location":"scripts/battle/unit/projectile.gd","message":"projectile_delay_started","runId":"aim-debug","sessionId":"ccca42","timestamp":53702}
{"data":{"curr_target_pos":"(1038.0, 326.0)","curr_target_valid":true,"delta_target_dist":0.0,"initial_target_pos":"(1038.0, 326.0)","velocity":"(699.4517, -27.70023)"},"hypothesisId":"P1","location":"scripts/battle/unit/projectile.gd","message":"projectile_delay_ended","runId":"aim-debug","sessionId":"ccca42","timestamp":53739}
{"data":{"curr_target_pos":"(1038.0, 326.0)","curr_target_valid":true,"delta_target_dist":0.0,"initial_target_pos":"(1038.0, 326.0)","velocity":"(681.4734, -159.9812)"},"hypothesisId":"P1","location":"scripts/battle/unit/projectile.gd","message":"projectile_delay_ended","runId":"aim-debug","sessionId":"ccca42","timestamp":53772}
{"data":{"attack_speed":1.2,"attack_type":1,"target_class":"CharacterBody2D","unit_id":"ally_archer"},"hypothesisId":"H4","location":"scripts/battle/unit/unit_base.gd","message":"attack_start","runId":"aim-debug","sessionId":"ccca42","timestamp":53887}
{"data":{"delay_applies":true,"initial_dir":"(0.843943, -0.536432)","initial_target_pos":"(828.0456, 248.216)","speed":700.0,"team":0,"unit_id":"ally_archer"},"hypothesisId":"P1","location":"scripts/battle/unit/projectile.gd","message":"projectile_ready_aimed","runId":"aim-debug","sessionId":"ccca42","timestamp":53888}
{"data":{"delay_s":1.75,"has_target_ref":true,"initial_target_pos":"(828.0456, 248.216)"},"hypothesisId":"P1","location":"scripts/battle/unit/projectile.gd","message":"projectile_delay_started","runId":"aim-debug","sessionId":"ccca42","timestamp":53897}
{"data":{"attack_speed":1.2,"attack_type":1,"target_class":"CharacterBody2D","unit_id":"ally_archer"},"hypothesisId":"H4","location":"scripts/battle/unit/unit_base.gd","message":"attack_start","runId":"aim-debug","sessionId":"ccca42","timestamp":54005}
{"data":{"delay_applies":true,"initial_dir":"(0.489256, -0.87214)","initial_target_pos":"(817.1094, 261.8778)","speed":700.0,"team":0,"unit_id":"ally_archer"},"hypothesisId":"P1","location":"scripts/battle/unit/projectile.gd","message":"projectile_ready_aimed","runId":"aim-debug","sessionId":"ccca42","timestamp":54005}
{"data":{"delay_s":1.75,"has_target_ref":true,"initial_target_pos":"(817.1094, 261.8778)"},"hypothesisId":"P1","location":"scripts/battle/unit/projectile.gd","message":"projectile_delay_started","runId":"aim-debug","sessionId":"ccca42","timestamp":54013}
{"data":{"curr_target_pos":"(1038.0, 521.0)","curr_target_valid":true,"delta_target_dist":0.0,"initial_target_pos":"(1038.0, 521.0)","velocity":"(695.6204, 78.18035)"},"hypothesisId":"P1","location":"scripts/battle/unit/projectile.gd","message":"projectile_delay_ended","runId":"aim-debug","sessionId":"ccca42","timestamp":54022}
{"data":{"attack_speed":1.2,"attack_type":1,"target_class":"CharacterBody2D","unit_id":"enemy_archer"},"hypothesisId":"H4","location":"scripts/battle/unit/unit_base.gd","message":"attack_start","runId":"aim-debug","sessionId":"ccca42","timestamp":54387}
{"data":{"delay_applies":false,"initial_dir":"(-0.624933, 0.780678)","initial_target_pos":"(708.6182, 397.4073)","speed":700.0,"team":1,"unit_id":"enemy_archer"},"hypothesisId":"P1","location":"scripts/battle/unit/projectile.gd","message":"projectile_ready_aimed","runId":"aim-debug","sessionId":"ccca42","timestamp":54388}
{"data":{"attack_speed":1.2,"attack_type":1,"target_class":"CharacterBody2D","unit_id":"ally_archer"},"hypothesisId":"H4","location":"scripts/battle/unit/unit_base.gd","message":"attack_start","runId":"aim-debug","sessionId":"ccca42","timestamp":54504}
{"data":{"delay_applies":true,"initial_dir":"(0.996129, 0.0879)","initial_target_pos":"(770.2399, 320.4286)","speed":700.0,"team":0,"unit_id":"ally_archer"},"hypothesisId":"P1","location":"scripts/battle/unit/projectile.gd","message":"projectile_ready_aimed","runId":"aim-debug","sessionId":"ccca42","timestamp":54505}
{"data":{"delay_s":1.75,"has_target_ref":true,"initial_target_pos":"(770.2399, 320.4286)"},"hypothesisId":"P1","location":"scripts/battle/unit/projectile.gd","message":"projectile_delay_started","runId":"aim-debug","sessionId":"ccca42","timestamp":54514}
{"data":{"curr_target_pos":"(762.4283, 330.187)","curr_target_valid":true,"delta_target_dist":262.886260986328,"initial_target_pos":"(949.9897, 145.9864)","velocity":"(693.4636, -95.43708)"},"hypothesisId":"P1","location":"scripts/battle/unit/projectile.gd","message":"projectile_delay_ended","runId":"aim-debug","sessionId":"ccca42","timestamp":54572}
{"data":{"curr_target_pos":"(760.866, 332.1387)","curr_target_valid":true,"delta_target_dist":262.8916015625,"initial_target_pos":"(947.988, 147.4841)","velocity":"(687.3909, 132.2641)"},"hypothesisId":"P1","location":"scripts/battle/unit/projectile.gd","message":"projectile_delay_ended","runId":"aim-debug","sessionId":"ccca42","timestamp":54589}
{"data":{"curr_target_pos":"(759.3036, 334.0904)","curr_target_valid":true,"delta_target_dist":262.898468017578,"initial_target_pos":"(945.9863, 148.9818)","velocity":"(437.4543, -546.4739)"},"hypothesisId":"P1","location":"scripts/battle/unit/projectile.gd","message":"projectile_delay_ended","runId":"aim-debug","sessionId":"ccca42","timestamp":54606}
{"data":{"attack_speed":1.2,"attack_type":1,"target_class":"CharacterBody2D","unit_id":"ally_archer"},"hypothesisId":"H4","location":"scripts/battle/unit/unit_base.gd","message":"attack_start","runId":"aim-debug","sessionId":"ccca42","timestamp":54721}
{"data":{"delay_applies":true,"initial_dir":"(0.979182, -0.202982)","initial_target_pos":"(749.9297, 345.8005)","speed":700.0,"team":0,"unit_id":"ally_archer"},"hypothesisId":"P1","location":"scripts/battle/unit/projectile.gd","message":"projectile_ready_aimed","runId":"aim-debug","sessionId":"ccca42","timestamp":54722}
{"data":{"delay_s":1.75,"has_target_ref":true,"initial_target_pos":"(749.9297, 345.8005)"},"hypothesisId":"P1","location":"scripts/battle/unit/projectile.gd","message":"projectile_delay_started","runId":"aim-debug","sessionId":"ccca42","timestamp":54730}
{"data":{"allies_mult":1.0,"current_health":60,"enemy_mult":1.0,"max_health_effective":60,"stats_health":60,"team":1,"unit_id":"enemy_mage"},"hypothesisId":"H2","location":"scripts/battle/unit/unit_base.gd","message":"unit_health_emitted","runId":"aim-debug","sessionId":"ccca42","timestamp":54744}
{"data":{"attack_speed":0.8,"attack_type":1,"target_class":"CharacterBody2D","unit_id":"enemy_mage"},"hypothesisId":"H4","location":"scripts/battle/unit/unit_base.gd","message":"attack_start","runId":"aim-debug","sessionId":"ccca42","timestamp":54747}
{"data":{"delay_applies":false,"initial_dir":"(-0.957557, -0.288244)","initial_target_pos":"(704.994, 461.733)","speed":700.0,"team":1,"unit_id":"enemy_mage"},"hypothesisId":"P1","location":"scripts/battle/unit/projectile.gd","message":"projectile_ready_aimed","runId":"aim-debug","sessionId":"ccca42","timestamp":54754}
{"data":{"curr_target_pos":"(746.1545, 350.5141)","curr_target_valid":true,"delta_target_dist":254.171768188477,"initial_target_pos":"(921.9686, 166.9584)","velocity":"(689.9911, -117.9497)"},"hypothesisId":"P1","location":"scripts/battle/unit/projectile.gd","message":"projectile_delay_ended","runId":"aim-debug","sessionId":"ccca42","timestamp":54806}
{"data":{"attack_speed":1.2,"attack_type":1,"target_class":"CharacterBody2D","unit_id":"ally_archer"},"hypothesisId":"H4","location":"scripts/battle/unit/unit_base.gd","message":"attack_start","runId":"aim-debug","sessionId":"ccca42","timestamp":54838}
{"data":{"delay_applies":true,"initial_dir":"(0.347076, -0.937837)","initial_target_pos":"(746.1541, 350.5138)","speed":700.0,"team":0,"unit_id":"ally_archer"},"hypothesisId":"P1","location":"scripts/battle/unit/projectile.gd","message":"projectile_ready_aimed","runId":"aim-debug","sessionId":"ccca42","timestamp":54838}
{"data":{"delay_s":1.75,"has_target_ref":true,"initial_target_pos":"(746.1541, 350.5138)"},"hypothesisId":"P1","location":"scripts/battle/unit/projectile.gd","message":"projectile_delay_started","runId":"aim-debug","sessionId":"ccca42","timestamp":54846}
{"data":{"curr_target_pos":"(746.153, 350.5128)","curr_target_valid":true,"delta_target_dist":236.924911499023,"initial_target_pos":"(907.9587, 177.4454)","velocity":"(242.9449, -656.489)"},"hypothesisId":"P1","location":"scripts/battle/unit/projectile.gd","message":"projectile_delay_ended","runId":"aim-debug","sessionId":"ccca42","timestamp":54922}
{"data":{"attack_speed":1.2,"attack_type":1,"target_class":"CharacterBody2D","unit_id":"ally_archer"},"hypothesisId":"H4","location":"scripts/battle/unit/unit_base.gd","message":"attack_start","runId":"aim-debug","sessionId":"ccca42","timestamp":55338}
{"data":{"delay_applies":true,"initial_dir":"(0.931636, 0.363392)","initial_target_pos":"(746.153, 350.5128)","speed":700.0,"team":0,"unit_id":"ally_archer"},"hypothesisId":"P1","location":"scripts/battle/unit/projectile.gd","message":"projectile_ready_aimed","runId":"aim-debug","sessionId":"ccca42","timestamp":55338}
{"data":{"delay_s":1.75,"has_target_ref":true,"initial_target_pos":"(746.153, 350.5128)"},"hypothesisId":"P1","location":"scripts/battle/unit/projectile.gd","message":"projectile_delay_started","runId":"aim-debug","sessionId":"ccca42","timestamp":55346}
{"data":{"curr_target_pos":"(0.0, 0.0)","curr_target_valid":false,"delta_target_dist":null,"initial_target_pos":"(848.3557, 222.8439)","velocity":"(647.2582, -266.5648)"},"hypothesisId":"P1","location":"scripts/battle/unit/projectile.gd","message":"projectile_delay_ended","runId":"aim-debug","sessionId":"ccca42","timestamp":55422}
{"data":{"curr_target_pos":"(0.0, 0.0)","curr_target_valid":false,"delta_target_dist":null,"initial_target_pos":"(846.7934, 224.7957)","velocity":"(437.4522, -546.4756)"},"hypothesisId":"P1","location":"scripts/battle/unit/projectile.gd","message":"projectile_delay_ended","runId":"aim-debug","sessionId":"ccca42","timestamp":55438}
{"data":{"attack_speed":1.2,"attack_type":1,"target_class":"CharacterBody2D","unit_id":"ally_archer"},"hypothesisId":"H4","location":"scripts/battle/unit/unit_base.gd","message":"attack_start","runId":"aim-debug","sessionId":"ccca42","timestamp":55554}
{"data":{"delay_applies":true,"initial_dir":"(0.86023, 0.509906)","initial_target_pos":"(886.7986, 516.46)","speed":700.0,"team":0,"unit_id":"ally_archer"},"hypothesisId":"P1","location":"scripts/battle/unit/projectile.gd","message":"projectile_ready_aimed","runId":"aim-debug","sessionId":"ccca42","timestamp":55555}
{"data":{"delay_s":1.75,"has_target_ref":true,"initial_target_pos":"(886.7986, 516.46)"},"hypothesisId":"P1","location":"scripts/battle/unit/projectile.gd","message":"projectile_delay_started","runId":"aim-debug","sessionId":"ccca42","timestamp":55563}
{"data":{"curr_target_pos":"(0.0, 0.0)","curr_target_valid":false,"delta_target_dist":null,"initial_target_pos":"(828.0456, 248.216)","velocity":"(590.7603, -375.5026)"},"hypothesisId":"P1","location":"scripts/battle/unit/projectile.gd","message":"projectile_delay_ended","runId":"aim-debug","sessionId":"ccca42","timestamp":55639}
{"data":{"attack_speed":1.2,"attack_type":1,"target_class":"CharacterBody2D","unit_id":"ally_archer"},"hypothesisId":"H4","location":"scripts/battle/unit/unit_base.gd","message":"attack_start","runId":"aim-debug","sessionId":"ccca42","timestamp":55679}
{"data":{"delay_applies":true,"initial_dir":"(0.957557, 0.288245)","initial_target_pos":"(875.627, 513.0972)","speed":700.0,"team":0,"unit_id":"ally_archer"},"hypothesisId":"P1","location":"scripts/battle/unit/projectile.gd","message":"projectile_ready_aimed","runId":"aim-debug","sessionId":"ccca42","timestamp":55679}
{"data":{"delay_s":1.75,"has_target_ref":true,"initial_target_pos":"(875.627, 513.0972)"},"hypothesisId":"P1","location":"scripts/battle/unit/projectile.gd","message":"projectile_delay_started","runId":"aim-debug","sessionId":"ccca42","timestamp":55687}
{"data":{"curr_target_pos":"(0.0, 0.0)","curr_target_valid":false,"delta_target_dist":null,"initial_target_pos":"(817.1094, 261.8778)","velocity":"(342.4791, -610.4982)"},"hypothesisId":"P1","location":"scripts/battle/unit/projectile.gd","message":"projectile_delay_ended","runId":"aim-debug","sessionId":"ccca42","timestamp":55758}
{"data":{"allies_mult":1.0,"current_health":80,"enemy_mult":1.0,"max_health_effective":80,"stats_health":80,"team":0,"unit_id":"ally_archer"},"hypothesisId":"H2","location":"scripts/battle/unit/unit_base.gd","message":"unit_health_emitted","runId":"aim-debug","sessionId":"ccca42","timestamp":55768}
{"data":{"attack_speed":1.2,"attack_type":1,"target_class":"CharacterBody2D","unit_id":"ally_archer"},"hypothesisId":"H4","location":"scripts/battle/unit/unit_base.gd","message":"attack_start","runId":"aim-debug","sessionId":"ccca42","timestamp":55776}
{"data":{"delay_applies":true,"initial_dir":"(0.978071, 0.20827)","initial_target_pos":"(866.0513, 510.2147)","speed":700.0,"team":0,"unit_id":"ally_archer"},"hypothesisId":"P1","location":"scripts/battle/unit/projectile.gd","message":"projectile_ready_aimed","runId":"aim-debug","sessionId":"ccca42","timestamp":55777}
{"data":{"delay_s":1.75,"has_target_ref":true,"initial_target_pos":"(866.0513, 510.2147)"},"hypothesisId":"P1","location":"scripts/battle/unit/projectile.gd","message":"projectile_delay_started","runId":"aim-debug","sessionId":"ccca42","timestamp":55785}
{"data":{"attack_speed":0.8,"attack_type":1,"target_class":"CharacterBody2D","unit_id":"enemy_mage"},"hypothesisId":"H4","location":"scripts/battle/unit/unit_base.gd","message":"attack_start","runId":"aim-debug","sessionId":"ccca42","timestamp":55988}
{"data":{"delay_applies":false,"initial_dir":"(-0.957556, -0.288246)","initial_target_pos":"(704.994, 461.733)","speed":700.0,"team":1,"unit_id":"enemy_mage"},"hypothesisId":"P1","location":"scripts/battle/unit/projectile.gd","message":"projectile_ready_aimed","runId":"aim-debug","sessionId":"ccca42","timestamp":55988}
{"data":{"attack_speed":1.2,"attack_type":1,"target_class":"CharacterBody2D","unit_id":"ally_archer"},"hypothesisId":"H4","location":"scripts/battle/unit/unit_base.gd","message":"attack_start","runId":"aim-debug","sessionId":"ccca42","timestamp":56171}
{"data":{"delay_applies":true,"initial_dir":"(0.704327, 0.709876)","initial_target_pos":"(827.7485, 498.6849)","speed":700.0,"team":0,"unit_id":"ally_archer"},"hypothesisId":"P1","location":"scripts/battle/unit/projectile.gd","message":"projectile_ready_aimed","runId":"aim-debug","sessionId":"ccca42","timestamp":56171}
{"data":{"delay_s":1.75,"has_target_ref":true,"initial_target_pos":"(827.7485, 498.6849)"},"hypothesisId":"P1","location":"scripts/battle/unit/projectile.gd","message":"projectile_delay_started","runId":"aim-debug","sessionId":"ccca42","timestamp":56181}
{"data":{"curr_target_pos":"(0.0, 0.0)","curr_target_valid":false,"delta_target_dist":null,"initial_target_pos":"(770.2399, 320.4286)","velocity":"(697.2905, 61.53027)"},"hypothesisId":"P1","location":"scripts/battle/unit/projectile.gd","message":"projectile_delay_ended","runId":"aim-debug","sessionId":"ccca42","timestamp":56256}
{"data":{"attack_speed":1.2,"attack_type":1,"target_class":"CharacterBody2D","unit_id":"ally_archer"},"hypothesisId":"H4","location":"scripts/battle/unit/unit_base.gd","message":"attack_start","runId":"aim-debug","sessionId":"ccca42","timestamp":56387}
{"data":{"delay_applies":true,"initial_dir":"(0.807485, 0.589888)","initial_target_pos":"(807.0012, 492.4396)","speed":700.0,"team":0,"unit_id":"ally_archer"},"hypothesisId":"P1","location":"scripts/battle/unit/projectile.gd","message":"projectile_ready_aimed","runId":"aim-debug","sessionId":"ccca42","timestamp":56388}
{"data":{"delay_s":1.75,"has_target_ref":true,"initial_target_pos":"(807.0012, 492.4396)"},"hypothesisId":"P1","location":"scripts/battle/unit/projectile.gd","message":"projectile_delay_started","runId":"aim-debug","sessionId":"ccca42","timestamp":56396}
{"data":{"curr_target_pos":"(0.0, 0.0)","curr_target_valid":false,"delta_target_dist":null,"initial_target_pos":"(749.9297, 345.8005)","velocity":"(685.4277, -142.0875)"},"hypothesisId":"P1","location":"scripts/battle/unit/projectile.gd","message":"projectile_delay_ended","runId":"aim-debug","sessionId":"ccca42","timestamp":56473}
{"data":{"attack_speed":1.2,"attack_type":1,"target_class":"CharacterBody2D","unit_id":"ally_archer"},"hypothesisId":"H4","location":"scripts/battle/unit/unit_base.gd","message":"attack_start","runId":"aim-debug","sessionId":"ccca42","timestamp":56504}
{"data":{"delay_applies":true,"initial_dir":"(0.957556, 0.288248)","initial_target_pos":"(795.8296, 489.0768)","speed":700.0,"team":0,"unit_id":"ally_archer"},"hypothesisId":"P1","location":"scripts/battle/unit/projectile.gd","message":"projectile_ready_aimed","runId":"aim-debug","sessionId":"ccca42","timestamp":56505}
{"data":{"delay_s":1.75,"has_target_ref":true,"initial_target_pos":"(795.8296, 489.0768)"},"hypothesisId":"P1","location":"scripts/battle/unit/projectile.gd","message":"projectile_delay_started","runId":"aim-debug","sessionId":"ccca42","timestamp":56514}
{"data":{"curr_target_pos":"(0.0, 0.0)","curr_target_valid":false,"delta_target_dist":null,"initial_target_pos":"(746.1541, 350.5138)","velocity":"(242.9529, -656.486)"},"hypothesisId":"P1","location":"scripts/battle/unit/projectile.gd","message":"projectile_delay_ended","runId":"aim-debug","sessionId":"ccca42","timestamp":56589}
{"data":{"attack_speed":1.2,"attack_type":1,"target_class":"CharacterBody2D","unit_id":"ally_archer"},"hypothesisId":"H4","location":"scripts/battle/unit/unit_base.gd","message":"attack_start","runId":"aim-debug","sessionId":"ccca42","timestamp":56604}
{"data":{"delay_applies":true,"initial_dir":"(0.986092, 0.166202)","initial_target_pos":"(786.2539, 486.1943)","speed":700.0,"team":0,"unit_id":"ally_archer"},"hypothesisId":"P1","location":"scripts/battle/unit/projectile.gd","message":"projectile_ready_aimed","runId":"aim-debug","sessionId":"ccca42","timestamp":56605}
{"data":{"delay_s":1.75,"has_target_ref":true,"initial_target_pos":"(786.2539, 486.1943)"},"hypothesisId":"P1","location":"scripts/battle/unit/projectile.gd","message":"projectile_delay_started","runId":"aim-debug","sessionId":"ccca42","timestamp":56613}
{"data":{"attack_speed":1.2,"attack_type":1,"target_class":"CharacterBody2D","unit_id":"ally_archer"},"hypothesisId":"H4","location":"scripts/battle/unit/unit_base.gd","message":"attack_start","runId":"aim-debug","sessionId":"ccca42","timestamp":57004}
{"data":{"delay_applies":true,"initial_dir":"(0.597101, 0.802166)","initial_target_pos":"(763.461, 475.5093)","speed":700.0,"team":0,"unit_id":"ally_archer"},"hypothesisId":"P1","location":"scripts/battle/unit/projectile.gd","message":"projectile_ready_aimed","runId":"aim-debug","sessionId":"ccca42","timestamp":57004}
{"data":{"delay_s":1.75,"has_target_ref":true,"initial_target_pos":"(763.461, 475.5093)"},"hypothesisId":"P1","location":"scripts/battle/unit/projectile.gd","message":"projectile_delay_started","runId":"aim-debug","sessionId":"ccca42","timestamp":57014}
{"data":{"curr_target_pos":"(0.0, 0.0)","curr_target_valid":false,"delta_target_dist":null,"initial_target_pos":"(746.153, 350.5128)","velocity":"(652.1454, 254.3744)"},"hypothesisId":"P1","location":"scripts/battle/unit/projectile.gd","message":"projectile_delay_ended","runId":"aim-debug","sessionId":"ccca42","timestamp":57088}
{"data":{"allies_mult":1.0,"current_health":80,"enemy_mult":1.0,"max_health_effective":80,"stats_health":80,"team":0,"unit_id":"ally_archer"},"hypothesisId":"H2","location":"scripts/battle/unit/unit_base.gd","message":"unit_health_emitted","runId":"aim-debug","sessionId":"ccca42","timestamp":57106}
{"data":{"attack_speed":1.2,"attack_type":1,"target_class":"CharacterBody2D","unit_id":"ally_archer"},"hypothesisId":"H4","location":"scripts/battle/unit/unit_base.gd","message":"attack_start","runId":"aim-debug","sessionId":"ccca42","timestamp":57107}
{"data":{"delay_applies":true,"initial_dir":"(0.727764, -0.685828)","initial_target_pos":"(763.8901, 473.5364)","speed":700.0,"team":0,"unit_id":"ally_archer"},"hypothesisId":"P1","location":"scripts/battle/unit/projectile.gd","message":"projectile_ready_aimed","runId":"aim-debug","sessionId":"ccca42","timestamp":57115}
{"data":{"delay_s":1.75,"has_target_ref":true,"initial_target_pos":"(763.8901, 473.5364)"},"hypothesisId":"P1","location":"scripts/battle/unit/projectile.gd","message":"projectile_delay_started","runId":"aim-debug","sessionId":"ccca42","timestamp":57121}
{"data":{"attack_speed":1.2,"attack_type":1,"target_class":"CharacterBody2D","unit_id":"ally_archer"},"hypothesisId":"H4","location":"scripts/battle/unit/unit_base.gd","message":"attack_start","runId":"aim-debug","sessionId":"ccca42","timestamp":57221}
{"data":{"delay_applies":true,"initial_dir":"(0.776098, 0.630612)","initial_target_pos":"(764.2516, 471.5627)","speed":700.0,"team":0,"unit_id":"ally_archer"},"hypothesisId":"P1","location":"scripts/battle/unit/projectile.gd","message":"projectile_ready_aimed","runId":"aim-debug","sessionId":"ccca42","timestamp":57221}
{"data":{"delay_s":1.75,"has_target_ref":true,"initial_target_pos":"(764.2516, 471.5627)"},"hypothesisId":"P1","location":"scripts/battle/unit/projectile.gd","message":"projectile_delay_started","runId":"aim-debug","sessionId":"ccca42","timestamp":57230}
{"data":{"attack_speed":0.8,"attack_type":1,"target_class":"CharacterBody2D","unit_id":"enemy_mage"},"hypothesisId":"H4","location":"scripts/battle/unit/unit_base.gd","message":"attack_start","runId":"aim-debug","sessionId":"ccca42","timestamp":57241}
{"data":{"delay_applies":false,"initial_dir":"(-0.987216, -0.15939)","initial_target_pos":"(704.994, 461.733)","speed":700.0,"team":1,"unit_id":"enemy_mage"},"hypothesisId":"P1","location":"scripts/battle/unit/projectile.gd","message":"projectile_ready_aimed","runId":"aim-debug","sessionId":"ccca42","timestamp":57245}
{"data":{"allies_mult":1.0,"current_health":200,"enemy_mult":1.0,"max_health_effective":200,"stats_health":200,"team":1,"unit_id":"enemy_warrior"},"hypothesisId":"H2","location":"scripts/battle/unit/unit_base.gd","message":"unit_health_emitted","runId":"aim-debug","sessionId":"ccca42","timestamp":57281}
{"data":{"curr_target_pos":"(764.4727, 470.1212)","curr_target_valid":true,"delta_target_dist":130.808670043945,"initial_target_pos":"(886.7986, 516.46)","velocity":"(546.6827, 437.1933)"},"hypothesisId":"P1","location":"scripts/battle/unit/projectile.gd","message":"projectile_delay_ended","runId":"aim-debug","sessionId":"ccca42","timestamp":57306}
{"data":{"curr_target_pos":"(764.6562, 468.6957)","curr_target_valid":true,"delta_target_dist":119.524070739746,"initial_target_pos":"(875.627, 513.0972)","velocity":"(695.2814, 81.14053)"},"hypothesisId":"P1","location":"scripts/battle/unit/projectile.gd","message":"projectile_delay_ended","runId":"aim-debug","sessionId":"ccca42","timestamp":57422}
{"data":{"attack_speed":1.2,"attack_type":1,"target_class":"CharacterBody2D","unit_id":"ally_archer"},"hypothesisId":"H4","location":"scripts/battle/unit/unit_base.gd","message":"attack_start","runId":"aim-debug","sessionId":"ccca42","timestamp":57437}
{"data":{"delay_applies":true,"initial_dir":"(0.997751, 0.067033)","initial_target_pos":"(764.6562, 468.6957)","speed":700.0,"team":0,"unit_id":"ally_archer"},"hypothesisId":"P1","location":"scripts/battle/unit/projectile.gd","message":"projectile_ready_aimed","runId":"aim-debug","sessionId":"ccca42","timestamp":57438}
{"data":{"delay_s":1.75,"has_target_ref":true,"initial_target_pos":"(764.6562, 468.6957)"},"hypothesisId":"P1","location":"scripts/battle/unit/projectile.gd","message":"projectile_delay_started","runId":"aim-debug","sessionId":"ccca42","timestamp":57447}
{"data":{"curr_target_pos":"(764.7674, 467.6643)","curr_target_valid":true,"delta_target_dist":109.858810424805,"initial_target_pos":"(866.0513, 510.2147)","velocity":"(698.7604, 41.64051)"},"hypothesisId":"P1","location":"scripts/battle/unit/projectile.gd","message":"projectile_delay_ended","runId":"aim-debug","sessionId":"ccca42","timestamp":57523}
{"data":{"attack_speed":1.2,"attack_type":1,"target_class":"CharacterBody2D","unit_id":"ally_archer"},"hypothesisId":"H4","location":"scripts/battle/unit/unit_base.gd","message":"attack_start","runId":"aim-debug","sessionId":"ccca42","timestamp":57837}
{"data":{"delay_applies":true,"initial_dir":"(0.622669, 0.782485)","initial_target_pos":"(764.8701, 466.518)","speed":700.0,"team":0,"unit_id":"ally_archer"},"hypothesisId":"P1","location":"scripts/battle/unit/projectile.gd","message":"projectile_ready_aimed","runId":"aim-debug","sessionId":"ccca42","timestamp":57838}
{"data":{"delay_s":1.75,"has_target_ref":true,"initial_target_pos":"(764.8701, 466.518)"},"hypothesisId":"P1","location":"scripts/battle/unit/projectile.gd","message":"projectile_delay_started","runId":"aim-debug","sessionId":"ccca42","timestamp":57846}
{"data":{"curr_target_pos":"(764.8701, 466.518)","curr_target_valid":true,"delta_target_dist":70.6286697387695,"initial_target_pos":"(827.7485, 498.6849)","velocity":"(435.8681, 547.7399)"},"hypothesisId":"P1","location":"scripts/battle/unit/projectile.gd","message":"projectile_delay_ended","runId":"aim-debug","sessionId":"ccca42","timestamp":57922}
{"data":{"attack_speed":1.2,"attack_type":1,"target_class":"CharacterBody2D","unit_id":"ally_archer"},"hypothesisId":"H4","location":"scripts/battle/unit/unit_base.gd","message":"attack_start","runId":"aim-debug","sessionId":"ccca42","timestamp":57938}
{"data":{"delay_applies":true,"initial_dir":"(0.711751, -0.702431)","initial_target_pos":"(764.8701, 466.518)","speed":700.0,"team":0,"unit_id":"ally_archer"},"hypothesisId":"P1","location":"scripts/battle/unit/projectile.gd","message":"projectile_ready_aimed","runId":"aim-debug","sessionId":"ccca42","timestamp":57939}
{"data":{"delay_s":1.75,"has_target_ref":true,"initial_target_pos":"(764.8701, 466.518)"},"hypothesisId":"P1","location":"scripts/battle/unit/projectile.gd","message":"projectile_delay_started","runId":"aim-debug","sessionId":"ccca42","timestamp":57947}
{"data":{"attack_speed":1.2,"attack_type":1,"target_class":"CharacterBody2D","unit_id":"ally_archer"},"hypothesisId":"H4","location":"scripts/battle/unit/unit_base.gd","message":"attack_start","runId":"aim-debug","sessionId":"ccca42","timestamp":58054}
{"data":{"delay_applies":true,"initial_dir":"(0.792786, 0.609501)","initial_target_pos":"(764.8701, 466.518)","speed":700.0,"team":0,"unit_id":"ally_archer"},"hypothesisId":"P1","location":"scripts/battle/unit/projectile.gd","message":"projectile_ready_aimed","runId":"aim-debug","sessionId":"ccca42","timestamp":58055}
{"data":{"delay_s":1.75,"has_target_ref":true,"initial_target_pos":"(764.8701, 466.518)"},"hypothesisId":"P1","location":"scripts/battle/unit/projectile.gd","message":"projectile_delay_started","runId":"aim-debug","sessionId":"ccca42","timestamp":58063}
{"data":{"curr_target_pos":"(764.8701, 466.518)","curr_target_valid":true,"delta_target_dist":49.4667816162109,"initial_target_pos":"(807.0012, 492.4396)","velocity":"(554.95, 426.6504)"},"hypothesisId":"P1","location":"scripts/battle/unit/projectile.gd","message":"projectile_delay_ended","runId":"aim-debug","sessionId":"ccca42","timestamp":58139}
{"data":{"curr_target_pos":"(0.0, 0.0)","curr_target_valid":false,"delta_target_dist":null,"initial_target_pos":"(795.8296, 489.0768)","velocity":"(670.289, 201.7738)"},"hypothesisId":"P1","location":"scripts/battle/unit/projectile.gd","message":"projectile_delay_ended","runId":"aim-debug","sessionId":"ccca42","timestamp":58256}
{"data":{"curr_target_pos":"(0.0, 0.0)","curr_target_valid":false,"delta_target_dist":null,"initial_target_pos":"(786.2539, 486.1943)","velocity":"(690.2643, 116.3412)"},"hypothesisId":"P1","location":"scripts/battle/unit/projectile.gd","message":"projectile_delay_ended","runId":"aim-debug","sessionId":"ccca42","timestamp":58356}
{"data":{"attack_speed":1.2,"attack_type":1,"target_class":"CharacterBody2D","unit_id":"ally_archer"},"hypothesisId":"H4","location":"scripts/battle/unit/unit_base.gd","message":"attack_start","runId":"aim-debug","sessionId":"ccca42","timestamp":58388}
{"data":{"delay_applies":true,"initial_dir":"(0.526698, -0.850053)","initial_target_pos":"(830.0081, 135.3835)","speed":700.0,"team":0,"unit_id":"ally_archer"},"hypothesisId":"P1","location":"scripts/battle/unit/projectile.gd","message":"projectile_ready_aimed","runId":"aim-debug","sessionId":"ccca42","timestamp":58388}
{"data":{"delay_s":1.75,"has_target_ref":true,"initial_target_pos":"(830.0081, 135.3835)"},"hypothesisId":"P1","location":"scripts/battle/unit/projectile.gd","message":"projectile_delay_started","runId":"aim-debug","sessionId":"ccca42","timestamp":58398}
{"data":{"attack_speed":1.2,"attack_type":1,"target_class":"CharacterBody2D","unit_id":"ally_archer"},"hypothesisId":"H4","location":"scripts/battle/unit/unit_base.gd","message":"attack_start","runId":"aim-debug","sessionId":"ccca42","timestamp":58671}
{"data":{"delay_applies":true,"initial_dir":"(0.716927, -0.697149)","initial_target_pos":"(802.2366, 150.5739)","speed":700.0,"team":0,"unit_id":"ally_archer"},"hypothesisId":"P1","location":"scripts/battle/unit/projectile.gd","message":"projectile_ready_aimed","runId":"aim-debug","sessionId":"ccca42","timestamp":58671}
{"data":{"delay_s":1.75,"has_target_ref":true,"initial_target_pos":"(802.2366, 150.5739)"},"hypothesisId":"P1","location":"scripts/battle/unit/projectile.gd","message":"projectile_delay_started","runId":"aim-debug","sessionId":"ccca42","timestamp":58680}
{"data":{"curr_target_pos":"(0.0, 0.0)","curr_target_valid":false,"delta_target_dist":null,"initial_target_pos":"(763.461, 475.5093)","velocity":"(417.9704, 561.5165)"},"hypothesisId":"P1","location":"scripts/battle/unit/projectile.gd","message":"projectile_delay_ended","runId":"aim-debug","sessionId":"ccca42","timestamp":58762}
{"data":{"attack_speed":1.2,"attack_type":1,"target_class":"Node2D","unit_id":"ally_archer"},"hypothesisId":"H4","location":"scripts/battle/unit/unit_base.gd","message":"attack_start","runId":"aim-debug","sessionId":"ccca42","timestamp":58765}
{"data":{"delay_applies":true,"initial_dir":"(0.98122, -0.192893)","initial_target_pos":"(1038.0, 521.0)","speed":700.0,"team":0,"unit_id":"ally_archer"},"hypothesisId":"P1","location":"scripts/battle/unit/projectile.gd","message":"projectile_ready_aimed","runId":"aim-debug","sessionId":"ccca42","timestamp":58773}
{"data":{"delay_s":1.75,"has_target_ref":true,"initial_target_pos":"(1038.0, 521.0)"},"hypothesisId":"P1","location":"scripts/battle/unit/projectile.gd","message":"projectile_delay_started","runId":"aim-debug","sessionId":"ccca42","timestamp":58783}
{"data":{"curr_target_pos":"(0.0, 0.0)","curr_target_valid":false,"delta_target_dist":null,"initial_target_pos":"(763.8901, 473.5364)","velocity":"(509.4347, -480.0795)"},"hypothesisId":"P1","location":"scripts/battle/unit/projectile.gd","message":"projectile_delay_ended","runId":"aim-debug","sessionId":"ccca42","timestamp":58855}
{"data":{"attack_speed":1.2,"attack_type":1,"target_class":"CharacterBody2D","unit_id":"ally_archer"},"hypothesisId":"H4","location":"scripts/battle/unit/unit_base.gd","message":"attack_start","runId":"aim-debug","sessionId":"ccca42","timestamp":58888}
{"data":{"delay_applies":true,"initial_dir":"(0.587908, -0.808927)","initial_target_pos":"(783.5967, 168.6998)","speed":700.0,"team":0,"unit_id":"ally_archer"},"hypothesisId":"P1","location":"scripts/battle/unit/projectile.gd","message":"projectile_ready_aimed","runId":"aim-debug","sessionId":"ccca42","timestamp":58888}
{"data":{"delay_s":1.75,"has_target_ref":true,"initial_target_pos":"(783.5967, 168.6998)"},"hypothesisId":"P1","location":"scripts/battle/unit/projectile.gd","message":"projectile_delay_started","runId":"aim-debug","sessionId":"ccca42","timestamp":58899}
{"data":{"curr_target_pos":"(0.0, 0.0)","curr_target_valid":false,"delta_target_dist":null,"initial_target_pos":"(764.2516, 471.5627)","velocity":"(543.2688, 441.4285)"},"hypothesisId":"P1","location":"scripts/battle/unit/projectile.gd","message":"projectile_delay_ended","runId":"aim-debug","sessionId":"ccca42","timestamp":58972}
{"data":{"count":18},"hypothesisId":"H3","location":"scripts/global/cutscene_manager.gd","message":"cutscenes_loaded","runId":"aim-debug","sessionId":"ccca42","timestamp":1200}
{"data":{"allies_mult":1.0,"current_health":80,"enemy_mult":1.0,"max_health_effective":80,"stats_health":80,"team":0,"unit_id":"ally_archer"},"hypothesisId":"H2","location":"scripts/battle/unit/unit_base.gd","message":"unit_health_emitted","runId":"aim-debug","sessionId":"ccca42","timestamp":11079}
{"data":{"attack_speed":1.2,"attack_type":1,"target_class":"Node2D","unit_id":"ally_archer"},"hypothesisId":"H4","location":"scripts/battle/unit/unit_base.gd","message":"attack_start","runId":"aim-debug","sessionId":"ccca42","timestamp":11672}
{"data":{"delay_applies":true,"initial_dir":"(0.989088, -0.147325)","initial_target_pos":"(1038.0, 326.0)","speed":700.0,"team":0,"unit_id":"ally_archer"},"hypothesisId":"P1","location":"scripts/battle/unit/projectile.gd","message":"projectile_ready_aimed","runId":"aim-debug","sessionId":"ccca42","timestamp":11672}
{"data":{"delay_s":1.75,"has_target_ref":true,"initial_target_pos":"(1038.0, 326.0)"},"hypothesisId":"P1","location":"scripts/battle/unit/projectile.gd","message":"projectile_delay_started","runId":"aim-debug","sessionId":"ccca42","timestamp":11680}
{"data":{"attack_speed":1.2,"attack_type":1,"target_class":"Node2D","unit_id":"ally_archer"},"hypothesisId":"H4","location":"scripts/battle/unit/unit_base.gd","message":"attack_start","runId":"aim-debug","sessionId":"ccca42","timestamp":12505}
{"data":{"delay_applies":true,"initial_dir":"(0.989088, -0.147325)","initial_target_pos":"(1038.0, 326.0)","speed":700.0,"team":0,"unit_id":"ally_archer"},"hypothesisId":"P1","location":"scripts/battle/unit/projectile.gd","message":"projectile_ready_aimed","runId":"aim-debug","sessionId":"ccca42","timestamp":12506}
{"data":{"delay_s":1.75,"has_target_ref":true,"initial_target_pos":"(1038.0, 326.0)"},"hypothesisId":"P1","location":"scripts/battle/unit/projectile.gd","message":"projectile_delay_started","runId":"aim-debug","sessionId":"ccca42","timestamp":12516}
{"data":{"attack_speed":1.2,"attack_type":1,"target_class":"Node2D","unit_id":"ally_archer"},"hypothesisId":"H4","location":"scripts/battle/unit/unit_base.gd","message":"attack_start","runId":"aim-debug","sessionId":"ccca42","timestamp":13340}
{"data":{"delay_applies":true,"initial_dir":"(0.989088, -0.147325)","initial_target_pos":"(1038.0, 326.0)","speed":700.0,"team":0,"unit_id":"ally_archer"},"hypothesisId":"P1","location":"scripts/battle/unit/projectile.gd","message":"projectile_ready_aimed","runId":"aim-debug","sessionId":"ccca42","timestamp":13341}
{"data":{"delay_s":1.75,"has_target_ref":true,"initial_target_pos":"(1038.0, 326.0)"},"hypothesisId":"P1","location":"scripts/battle/unit/projectile.gd","message":"projectile_delay_started","runId":"aim-debug","sessionId":"ccca42","timestamp":13351}
{"data":{"allies_mult":1.0,"current_health":80,"enemy_mult":1.0,"max_health_effective":80,"stats_health":80,"team":1,"unit_id":"ally_archer"},"hypothesisId":"H2","location":"scripts/battle/unit/unit_base.gd","message":"unit_health_emitted","runId":"aim-debug","sessionId":"ccca42","timestamp":13370}
{"data":{"attack_speed":1.2,"attack_type":1,"target_class":"CharacterBody2D","unit_id":"ally_archer"},"hypothesisId":"H4","location":"scripts/battle/unit/unit_base.gd","message":"attack_start","runId":"aim-debug","sessionId":"ccca42","timestamp":13405}
{"data":{"delay_applies":false,"initial_dir":"(-0.746683, 0.66518)","initial_target_pos":"(697.5896, 372.5494)","speed":700.0,"team":1,"unit_id":"ally_archer"},"hypothesisId":"P1","location":"scripts/battle/unit/projectile.gd","message":"projectile_ready_aimed","runId":"aim-debug","sessionId":"ccca42","timestamp":13406}
{"data":{"curr_target_pos":"(1038.0, 326.0)","curr_target_valid":true,"delta_target_dist":0.0,"initial_target_pos":"(1038.0, 326.0)","velocity":"(692.3617, -103.1273)"},"hypothesisId":"P1","location":"scripts/battle/unit/projectile.gd","message":"projectile_delay_ended","runId":"aim-debug","sessionId":"ccca42","timestamp":13425}
{"data":{"attack_speed":1.2,"attack_type":1,"target_class":"CharacterBody2D","unit_id":"ally_archer"},"hypothesisId":"H4","location":"scripts/battle/unit/unit_base.gd","message":"attack_start","runId":"aim-debug","sessionId":"ccca42","timestamp":14172}
{"data":{"delay_applies":true,"initial_dir":"(0.746683, -0.66518)","initial_target_pos":"(872.3984, 216.8215)","speed":700.0,"team":0,"unit_id":"ally_archer"},"hypothesisId":"P1","location":"scripts/battle/unit/projectile.gd","message":"projectile_ready_aimed","runId":"aim-debug","sessionId":"ccca42","timestamp":14172}
{"data":{"delay_s":1.75,"has_target_ref":true,"initial_target_pos":"(872.3984, 216.8215)"},"hypothesisId":"P1","location":"scripts/battle/unit/projectile.gd","message":"projectile_delay_started","runId":"aim-debug","sessionId":"ccca42","timestamp":14182}
{"data":{"attack_speed":1.2,"attack_type":1,"target_class":"CharacterBody2D","unit_id":"ally_archer"},"hypothesisId":"H4","location":"scripts/battle/unit/unit_base.gd","message":"attack_start","runId":"aim-debug","sessionId":"ccca42","timestamp":14238}
{"data":{"delay_applies":false,"initial_dir":"(-0.746683, 0.66518)","initial_target_pos":"(697.5896, 372.5494)","speed":700.0,"team":1,"unit_id":"ally_archer"},"hypothesisId":"P1","location":"scripts/battle/unit/projectile.gd","message":"projectile_ready_aimed","runId":"aim-debug","sessionId":"ccca42","timestamp":14239}
{"data":{"curr_target_pos":"(1038.0, 326.0)","curr_target_valid":true,"delta_target_dist":0.0,"initial_target_pos":"(1038.0, 326.0)","velocity":"(692.3617, -103.1273)"},"hypothesisId":"P1","location":"scripts/battle/unit/projectile.gd","message":"projectile_delay_ended","runId":"aim-debug","sessionId":"ccca42","timestamp":14264}
{"data":{"attack_speed":1.2,"attack_type":1,"target_class":"CharacterBody2D","unit_id":"ally_archer"},"hypothesisId":"H4","location":"scripts/battle/unit/unit_base.gd","message":"attack_start","runId":"aim-debug","sessionId":"ccca42","timestamp":15005}
{"data":{"delay_applies":true,"initial_dir":"(0.746684, -0.665179)","initial_target_pos":"(779.0635, 299.9688)","speed":700.0,"team":0,"unit_id":"ally_archer"},"hypothesisId":"P1","location":"scripts/battle/unit/projectile.gd","message":"projectile_ready_aimed","runId":"aim-debug","sessionId":"ccca42","timestamp":15006}
{"data":{"delay_s":1.75,"has_target_ref":true,"initial_target_pos":"(779.0635, 299.9688)"},"hypothesisId":"P1","location":"scripts/battle/unit/projectile.gd","message":"projectile_delay_started","runId":"aim-debug","sessionId":"ccca42","timestamp":15014}
{"data":{"attack_speed":1.2,"attack_type":1,"target_class":"CharacterBody2D","unit_id":"ally_archer"},"hypothesisId":"H4","location":"scripts/battle/unit/unit_base.gd","message":"attack_start","runId":"aim-debug","sessionId":"ccca42","timestamp":15064}
{"data":{"delay_applies":false,"initial_dir":"(-0.746684, 0.665179)","initial_target_pos":"(697.5896, 372.5494)","speed":700.0,"team":1,"unit_id":"ally_archer"},"hypothesisId":"P1","location":"scripts/battle/unit/projectile.gd","message":"projectile_ready_aimed","runId":"aim-debug","sessionId":"ccca42","timestamp":15064}
{"data":{"curr_target_pos":"(1038.0, 326.0)","curr_target_valid":true,"delta_target_dist":0.0,"initial_target_pos":"(1038.0, 326.0)","velocity":"(692.3617, -103.1273)"},"hypothesisId":"P1","location":"scripts/battle/unit/projectile.gd","message":"projectile_delay_ended","runId":"aim-debug","sessionId":"ccca42","timestamp":15087}
{"data":{"allies_mult":1.0,"current_health":80,"enemy_mult":1.0,"max_health_effective":80,"stats_health":80,"team":0,"unit_id":"ally_archer"},"hypothesisId":"H2","location":"scripts/battle/unit/unit_base.gd","message":"unit_health_emitted","runId":"aim-debug","sessionId":"ccca42","timestamp":15382}
{"data":{"attack_speed":1.2,"attack_type":1,"target_class":"CharacterBody2D","unit_id":"ally_archer"},"hypothesisId":"H4","location":"scripts/battle/unit/unit_base.gd","message":"attack_start","runId":"aim-debug","sessionId":"ccca42","timestamp":15389}
{"data":{"delay_applies":true,"initial_dir":"(0.953496, -0.301405)","initial_target_pos":"(745.0278, 335.685)","speed":700.0,"team":0,"unit_id":"ally_archer"},"hypothesisId":"P1","location":"scripts/battle/unit/projectile.gd","message":"projectile_ready_aimed","runId":"aim-debug","sessionId":"ccca42","timestamp":15394}
{"data":{"delay_s":1.75,"has_target_ref":true,"initial_target_pos":"(745.0278, 335.685)"},"hypothesisId":"P1","location":"scripts/battle/unit/projectile.gd","message":"projectile_delay_started","runId":"aim-debug","sessionId":"ccca42","timestamp":15402}
{"data":{"attack_speed":1.2,"attack_type":1,"target_class":"CharacterBody2D","unit_id":"ally_archer"},"hypothesisId":"H4","location":"scripts/battle/unit/unit_base.gd","message":"attack_start","runId":"aim-debug","sessionId":"ccca42","timestamp":15839}
{"data":{"delay_applies":true,"initial_dir":"(0.968506, -0.24899)","initial_target_pos":"(755.7678, 357.5926)","speed":700.0,"team":0,"unit_id":"ally_archer"},"hypothesisId":"P1","location":"scripts/battle/unit/projectile.gd","message":"projectile_ready_aimed","runId":"aim-debug","sessionId":"ccca42","timestamp":15840}
{"data":{"delay_s":1.75,"has_target_ref":true,"initial_target_pos":"(755.7678, 357.5926)"},"hypothesisId":"P1","location":"scripts/battle/unit/projectile.gd","message":"projectile_delay_started","runId":"aim-debug","sessionId":"ccca42","timestamp":15850}
{"data":{"attack_speed":1.2,"attack_type":1,"target_class":"CharacterBody2D","unit_id":"ally_archer"},"hypothesisId":"H4","location":"scripts/battle/unit/unit_base.gd","message":"attack_start","runId":"aim-debug","sessionId":"ccca42","timestamp":15906}
{"data":{"delay_applies":false,"initial_dir":"(-0.977068, 0.212928)","initial_target_pos":"(697.5896, 372.5494)","speed":700.0,"team":1,"unit_id":"ally_archer"},"hypothesisId":"P1","location":"scripts/battle/unit/projectile.gd","message":"projectile_ready_aimed","runId":"aim-debug","sessionId":"ccca42","timestamp":15906}
{"data":{"curr_target_pos":"(756.4852, 360.7333)","curr_target_valid":true,"delta_target_dist":184.787658691406,"initial_target_pos":"(872.3984, 216.8215)","velocity":"(686.3234, -137.6957)"},"hypothesisId":"P1","location":"scripts/battle/unit/projectile.gd","message":"projectile_delay_ended","runId":"aim-debug","sessionId":"ccca42","timestamp":15928}
{"data":{"attack_speed":1.2,"attack_type":1,"target_class":"CharacterBody2D","unit_id":"ally_archer"},"hypothesisId":"H4","location":"scripts/battle/unit/unit_base.gd","message":"attack_start","runId":"aim-debug","sessionId":"ccca42","timestamp":16222}
{"data":{"delay_applies":true,"initial_dir":"(0.99126, -0.131924)","initial_target_pos":"(757.3635, 366.6172)","speed":700.0,"team":0,"unit_id":"ally_archer"},"hypothesisId":"P1","location":"scripts/battle/unit/projectile.gd","message":"projectile_ready_aimed","runId":"aim-debug","sessionId":"ccca42","timestamp":16223}
{"data":{"delay_s":1.75,"has_target_ref":true,"initial_target_pos":"(757.3635, 366.6172)"},"hypothesisId":"P1","location":"scripts/battle/unit/projectile.gd","message":"projectile_delay_started","runId":"aim-debug","sessionId":"ccca42","timestamp":16233}
{"data":{"allies_mult":1.0,"current_health":80,"enemy_mult":1.0,"max_health_effective":80,"stats_health":80,"team":0,"unit_id":"ally_archer"},"hypothesisId":"H2","location":"scripts/battle/unit/unit_base.gd","message":"unit_health_emitted","runId":"aim-debug","sessionId":"ccca42","timestamp":16725}
{"data":{"attack_speed":1.2,"attack_type":1,"target_class":"CharacterBody2D","unit_id":"ally_archer"},"hypothesisId":"H4","location":"scripts/battle/unit/unit_base.gd","message":"attack_start","runId":"aim-debug","sessionId":"ccca42","timestamp":16725}
{"data":{"delay_applies":true,"initial_dir":"(0.925437, -0.378902)","initial_target_pos":"(750.117, 370.1059)","speed":700.0,"team":0,"unit_id":"ally_archer"},"hypothesisId":"P1","location":"scripts/battle/unit/projectile.gd","message":"projectile_ready_aimed","runId":"aim-debug","sessionId":"ccca42","timestamp":16734}
{"data":{"delay_s":1.75,"has_target_ref":true,"initial_target_pos":"(750.117, 370.1059)"},"hypothesisId":"P1","location":"scripts/battle/unit/projectile.gd","message":"projectile_delay_started","runId":"aim-debug","sessionId":"ccca42","timestamp":16743}
{"data":{"curr_target_pos":"(0.0, 0.0)","curr_target_valid":false,"delta_target_dist":null,"initial_target_pos":"(745.0278, 335.685)","velocity":"(667.4472, -210.9838)"},"hypothesisId":"P1","location":"scripts/battle/unit/projectile.gd","message":"projectile_delay_ended","runId":"aim-debug","sessionId":"ccca42","timestamp":17141}
{"data":{"attack_speed":1.2,"attack_type":1,"target_class":"Node2D","unit_id":"ally_archer"},"hypothesisId":"H4","location":"scripts/battle/unit/unit_base.gd","message":"attack_start","runId":"aim-debug","sessionId":"ccca42","timestamp":17872}
{"data":{"delay_applies":true,"initial_dir":"(0.990338, -0.138674)","initial_target_pos":"(1038.0, 326.0)","speed":700.0,"team":0,"unit_id":"ally_archer"},"hypothesisId":"P1","location":"scripts/battle/unit/projectile.gd","message":"projectile_ready_aimed","runId":"aim-debug","sessionId":"ccca42","timestamp":17873}
{"data":{"delay_s":1.75,"has_target_ref":true,"initial_target_pos":"(1038.0, 326.0)"},"hypothesisId":"P1","location":"scripts/battle/unit/projectile.gd","message":"projectile_delay_started","runId":"aim-debug","sessionId":"ccca42","timestamp":17882}
{"data":{"curr_target_pos":"(0.0, 0.0)","curr_target_valid":false,"delta_target_dist":null,"initial_target_pos":"(757.3635, 366.6172)","velocity":"(693.8819, -92.34647)"},"hypothesisId":"P1","location":"scripts/battle/unit/projectile.gd","message":"projectile_delay_ended","runId":"aim-debug","sessionId":"ccca42","timestamp":17975}
{"data":{"attack_speed":1.2,"attack_type":1,"target_class":"Node2D","unit_id":"ally_archer"},"hypothesisId":"H4","location":"scripts/battle/unit/unit_base.gd","message":"attack_start","runId":"aim-debug","sessionId":"ccca42","timestamp":18155}
{"data":{"delay_applies":true,"initial_dir":"(0.99382, 0.111004)","initial_target_pos":"(1038.0, 521.0)","speed":700.0,"team":0,"unit_id":"ally_archer"},"hypothesisId":"P1","location":"scripts/battle/unit/projectile.gd","message":"projectile_ready_aimed","runId":"aim-debug","sessionId":"ccca42","timestamp":18156}
{"data":{"delay_s":1.75,"has_target_ref":true,"initial_target_pos":"(1038.0, 521.0)"},"hypothesisId":"P1","location":"scripts/battle/unit/projectile.gd","message":"projectile_delay_started","runId":"aim-debug","sessionId":"ccca42","timestamp":18164}
{"data":{"allies_mult":1.0,"current_health":60,"enemy_mult":1.0,"max_health_effective":60,"stats_health":60,"team":1,"unit_id":"enemy_mage"},"hypothesisId":"H2","location":"scripts/battle/unit/unit_base.gd","message":"unit_health_emitted","runId":"aim-debug","sessionId":"ccca42","timestamp":18343}
{"data":{"attack_speed":0.8,"attack_type":1,"target_class":"CharacterBody2D","unit_id":"enemy_mage"},"hypothesisId":"H4","location":"scripts/battle/unit/unit_base.gd","message":"attack_start","runId":"aim-debug","sessionId":"ccca42","timestamp":18361}
{"data":{"delay_applies":false,"initial_dir":"(-0.978481, -0.206335)","initial_target_pos":"(691.2137, 482.2658)","speed":700.0,"team":1,"unit_id":"enemy_mage"},"hypothesisId":"P1","location":"scripts/battle/unit/projectile.gd","message":"projectile_ready_aimed","runId":"aim-debug","sessionId":"ccca42","timestamp":18362}
{"data":{"curr_target_pos":"(0.0, 0.0)","curr_target_valid":false,"delta_target_dist":null,"initial_target_pos":"(750.117, 370.1059)","velocity":"(647.8057, -265.2316)"},"hypothesisId":"P1","location":"scripts/battle/unit/projectile.gd","message":"projectile_delay_ended","runId":"aim-debug","sessionId":"ccca42","timestamp":18475}
{"data":{"attack_speed":1.2,"attack_type":1,"target_class":"CharacterBody2D","unit_id":"ally_archer"},"hypothesisId":"H4","location":"scripts/battle/unit/unit_base.gd","message":"attack_start","runId":"aim-debug","sessionId":"ccca42","timestamp":18705}
{"data":{"delay_applies":true,"initial_dir":"(0.831693, 0.555235)","initial_target_pos":"(930.7532, 532.7787)","speed":700.0,"team":0,"unit_id":"ally_archer"},"hypothesisId":"P1","location":"scripts/battle/unit/projectile.gd","message":"projectile_ready_aimed","runId":"aim-debug","sessionId":"ccca42","timestamp":18706}
{"data":{"delay_s":1.75,"has_target_ref":true,"initial_target_pos":"(930.7532, 532.7787)"},"hypothesisId":"P1","location":"scripts/battle/unit/projectile.gd","message":"projectile_delay_started","runId":"aim-debug","sessionId":"ccca42","timestamp":18716}
{"data":{"attack_speed":1.2,"attack_type":1,"target_class":"CharacterBody2D","unit_id":"ally_archer"},"hypothesisId":"H4","location":"scripts/battle/unit/unit_base.gd","message":"attack_start","runId":"aim-debug","sessionId":"ccca42","timestamp":18981}
{"data":{"delay_applies":true,"initial_dir":"(0.978481, 0.206339)","initial_target_pos":"(903.0297, 526.9329)","speed":700.0,"team":0,"unit_id":"ally_archer"},"hypothesisId":"P1","location":"scripts/battle/unit/projectile.gd","message":"projectile_ready_aimed","runId":"aim-debug","sessionId":"ccca42","timestamp":18981}
{"data":{"delay_s":1.75,"has_target_ref":true,"initial_target_pos":"(903.0297, 526.9329)"},"hypothesisId":"P1","location":"scripts/battle/unit/projectile.gd","message":"projectile_delay_started","runId":"aim-debug","sessionId":"ccca42","timestamp":18993}
{"data":{"allies_mult":1.0,"current_health":80,"enemy_mult":1.0,"max_health_effective":80,"stats_health":80,"team":0,"unit_id":"ally_archer"},"hypothesisId":"H2","location":"scripts/battle/unit/unit_base.gd","message":"unit_health_emitted","runId":"aim-debug","sessionId":"ccca42","timestamp":19390}
{"data":{"attack_speed":1.2,"attack_type":1,"target_class":"CharacterBody2D","unit_id":"ally_archer"},"hypothesisId":"H4","location":"scripts/battle/unit/unit_base.gd","message":"attack_start","runId":"aim-debug","sessionId":"ccca42","timestamp":19390}
{"data":{"delay_applies":true,"initial_dir":"(0.999774, -0.021244)","initial_target_pos":"(863.8905, 518.6798)","speed":700.0,"team":0,"unit_id":"ally_archer"},"hypothesisId":"P1","location":"scripts/battle/unit/projectile.gd","message":"projectile_ready_aimed","runId":"aim-debug","sessionId":"ccca42","timestamp":19398}
{"data":{"delay_s":1.75,"has_target_ref":true,"initial_target_pos":"(863.8905, 518.6798)"},"hypothesisId":"P1","location":"scripts/battle/unit/projectile.gd","message":"projectile_delay_started","runId":"aim-debug","sessionId":"ccca42","timestamp":19407}
{"data":{"attack_speed":1.2,"attack_type":1,"target_class":"CharacterBody2D","unit_id":"ally_archer"},"hypothesisId":"H4","location":"scripts/battle/unit/unit_base.gd","message":"attack_start","runId":"aim-debug","sessionId":"ccca42","timestamp":19539}
{"data":{"delay_applies":true,"initial_dir":"(0.740902, 0.671613)","initial_target_pos":"(849.2133, 515.5847)","speed":700.0,"team":0,"unit_id":"ally_archer"},"hypothesisId":"P1","location":"scripts/battle/unit/projectile.gd","message":"projectile_ready_aimed","runId":"aim-debug","sessionId":"ccca42","timestamp":19540}
{"data":{"delay_s":1.75,"has_target_ref":true,"initial_target_pos":"(849.2133, 515.5847)"},"hypothesisId":"P1","location":"scripts/battle/unit/projectile.gd","message":"projectile_delay_started","runId":"aim-debug","sessionId":"ccca42","timestamp":19548}
{"data":{"attack_speed":0.8,"attack_type":1,"target_class":"CharacterBody2D","unit_id":"enemy_mage"},"hypothesisId":"H4","location":"scripts/battle/unit/unit_base.gd","message":"attack_start","runId":"aim-debug","sessionId":"ccca42","timestamp":19597}
{"data":{"delay_applies":false,"initial_dir":"(-0.97848, -0.206342)","initial_target_pos":"(691.2137, 482.2658)","speed":700.0,"team":1,"unit_id":"enemy_mage"},"hypothesisId":"P1","location":"scripts/battle/unit/projectile.gd","message":"projectile_ready_aimed","runId":"aim-debug","sessionId":"ccca42","timestamp":19597}
{"data":{"curr_target_pos":"(1038.0, 326.0)","curr_target_valid":true,"delta_target_dist":0.0,"initial_target_pos":"(1038.0, 326.0)","velocity":"(693.2367, -97.07149)"},"hypothesisId":"P1","location":"scripts/battle/unit/projectile.gd","message":"projectile_delay_ended","runId":"aim-debug","sessionId":"ccca42","timestamp":19617}
{"data":{"attack_speed":1.2,"attack_type":1,"target_class":"CharacterBody2D","unit_id":"ally_archer"},"hypothesisId":"H4","location":"scripts/battle/unit/unit_base.gd","message":"attack_start","runId":"aim-debug","sessionId":"ccca42","timestamp":19826}
{"data":{"delay_applies":true,"initial_dir":"(0.97848, 0.206341)","initial_target_pos":"(821.4897, 509.7384)","speed":700.0,"team":0,"unit_id":"ally_archer"},"hypothesisId":"P1","location":"scripts/battle/unit/projectile.gd","message":"projectile_ready_aimed","runId":"aim-debug","sessionId":"ccca42","timestamp":19827}
{"data":{"delay_s":1.75,"has_target_ref":true,"initial_target_pos":"(821.4897, 509.7384)"},"hypothesisId":"P1","location":"scripts/battle/unit/projectile.gd","message":"projectile_delay_started","runId":"aim-debug","sessionId":"ccca42","timestamp":19835}
{"data":{"curr_target_pos":"(1038.0, 521.0)","curr_target_valid":true,"delta_target_dist":0.0,"initial_target_pos":"(1038.0, 521.0)","velocity":"(695.674, 77.70309)"},"hypothesisId":"P1","location":"scripts/battle/unit/projectile.gd","message":"projectile_delay_ended","runId":"aim-debug","sessionId":"ccca42","timestamp":19908}
{"data":{"attack_speed":1.2,"attack_type":1,"target_class":"CharacterBody2D","unit_id":"ally_archer"},"hypothesisId":"H4","location":"scripts/battle/unit/unit_base.gd","message":"attack_start","runId":"aim-debug","sessionId":"ccca42","timestamp":20221}
{"data":{"delay_applies":true,"initial_dir":"(0.994005, -0.109339)","initial_target_pos":"(782.3506, 501.4847)","speed":700.0,"team":0,"unit_id":"ally_archer"},"hypothesisId":"P1","location":"scripts/battle/unit/projectile.gd","message":"projectile_ready_aimed","runId":"aim-debug","sessionId":"ccca42","timestamp":20222}
{"data":{"delay_s":1.75,"has_target_ref":true,"initial_target_pos":"(782.3506, 501.4847)"},"hypothesisId":"P1","location":"scripts/battle/unit/projectile.gd","message":"projectile_delay_started","runId":"aim-debug","sessionId":"ccca42","timestamp":20230}
{"data":{"attack_speed":1.2,"attack_type":1,"target_class":"CharacterBody2D","unit_id":"ally_archer"},"hypothesisId":"H4","location":"scripts/battle/unit/unit_base.gd","message":"attack_start","runId":"aim-debug","sessionId":"ccca42","timestamp":20373}
{"data":{"delay_applies":true,"initial_dir":"(0.51391, 0.857844)","initial_target_pos":"(767.6734, 498.3896)","speed":700.0,"team":0,"unit_id":"ally_archer"},"hypothesisId":"P1","location":"scripts/battle/unit/projectile.gd","message":"projectile_ready_aimed","runId":"aim-debug","sessionId":"ccca42","timestamp":20374}
{"data":{"delay_s":1.75,"has_target_ref":true,"initial_target_pos":"(767.6734, 498.3896)"},"hypothesisId":"P1","location":"scripts/battle/unit/projectile.gd","message":"projectile_delay_started","runId":"aim-debug","sessionId":"ccca42","timestamp":20382}
{"data":{"curr_target_pos":"(757.8886, 496.3262)","curr_target_valid":true,"delta_target_dist":176.666244506836,"initial_target_pos":"(930.7532, 532.7787)","velocity":"(327.3397, 618.7477)"},"hypothesisId":"P1","location":"scripts/battle/unit/projectile.gd","message":"projectile_delay_ended","runId":"aim-debug","sessionId":"ccca42","timestamp":20457}
{"data":{"attack_speed":1.2,"attack_type":1,"target_class":"CharacterBody2D","unit_id":"ally_archer"},"hypothesisId":"H4","location":"scripts/battle/unit/unit_base.gd","message":"attack_start","runId":"aim-debug","sessionId":"ccca42","timestamp":20656}
{"data":{"delay_applies":true,"initial_dir":"(0.984395, 0.175975)","initial_target_pos":"(750.3431, 492.8361)","speed":700.0,"team":0,"unit_id":"ally_archer"},"hypothesisId":"P1","location":"scripts/battle/unit/projectile.gd","message":"projectile_ready_aimed","runId":"aim-debug","sessionId":"ccca42","timestamp":20656}
{"data":{"delay_s":1.75,"has_target_ref":true,"initial_target_pos":"(750.3431, 492.8361)"},"hypothesisId":"P1","location":"scripts/battle/unit/projectile.gd","message":"projectile_delay_started","runId":"aim-debug","sessionId":"ccca42","timestamp":20664}
{"data":{"curr_target_pos":"(750.599, 491.292)","curr_target_valid":true,"delta_target_dist":156.541946411133,"initial_target_pos":"(903.0297, 526.9329)","velocity":"(692.0517, 105.1874)"},"hypothesisId":"P1","location":"scripts/battle/unit/projectile.gd","message":"projectile_delay_ended","runId":"aim-debug","sessionId":"ccca42","timestamp":20741}
{"data":{"attack_speed":1.2,"attack_type":1,"target_class":"CharacterBody2D","unit_id":"ally_archer"},"hypothesisId":"H4","location":"scripts/battle/unit/unit_base.gd","message":"attack_start","runId":"aim-debug","sessionId":"ccca42","timestamp":21055}
{"data":{"delay_applies":true,"initial_dir":"(0.983023, -0.183484)","initial_target_pos":"(750.6343, 491.0563)","speed":700.0,"team":0,"unit_id":"ally_archer"},"hypothesisId":"P1","location":"scripts/battle/unit/projectile.gd","message":"projectile_ready_aimed","runId":"aim-debug","sessionId":"ccca42","timestamp":21056}
{"data":{"delay_s":1.75,"has_target_ref":true,"initial_target_pos":"(750.6343, 491.0563)"},"hypothesisId":"P1","location":"scripts/battle/unit/projectile.gd","message":"projectile_delay_started","runId":"aim-debug","sessionId":"ccca42","timestamp":21064}
{"data":{"curr_target_pos":"(750.6343, 491.0563)","curr_target_valid":true,"delta_target_dist":116.576293945313,"initial_target_pos":"(863.8905, 518.6798)","velocity":"(688.1159, -128.4387)"},"hypothesisId":"P1","location":"scripts/battle/unit/projectile.gd","message":"projectile_delay_ended","runId":"aim-debug","sessionId":"ccca42","timestamp":21139}
{"data":{"attack_speed":1.2,"attack_type":1,"target_class":"CharacterBody2D","unit_id":"ally_archer"},"hypothesisId":"H4","location":"scripts/battle/unit/unit_base.gd","message":"attack_start","runId":"aim-debug","sessionId":"ccca42","timestamp":21205}
{"data":{"delay_applies":true,"initial_dir":"(0.44059, 0.897709)","initial_target_pos":"(750.6343, 491.0563)","speed":700.0,"team":0,"unit_id":"ally_archer"},"hypothesisId":"P1","location":"scripts/battle/unit/projectile.gd","message":"projectile_ready_aimed","runId":"aim-debug","sessionId":"ccca42","timestamp":21206}
{"data":{"delay_s":1.75,"has_target_ref":true,"initial_target_pos":"(750.6343, 491.0563)"},"hypothesisId":"P1","location":"scripts/battle/unit/projectile.gd","message":"projectile_delay_started","runId":"aim-debug","sessionId":"ccca42","timestamp":21214}
{"data":{"curr_target_pos":"(0.0, 0.0)","curr_target_valid":false,"delta_target_dist":null,"initial_target_pos":"(849.2133, 515.5847)","velocity":"(518.6317, 470.129)"},"hypothesisId":"P1","location":"scripts/battle/unit/projectile.gd","message":"projectile_delay_ended","runId":"aim-debug","sessionId":"ccca42","timestamp":21291}
{"data":{"attack_speed":1.2,"attack_type":1,"target_class":"Node2D","unit_id":"ally_archer"},"hypothesisId":"H4","location":"scripts/battle/unit/unit_base.gd","message":"attack_start","runId":"aim-debug","sessionId":"ccca42","timestamp":21489}
{"data":{"delay_applies":true,"initial_dir":"(0.99382, 0.111004)","initial_target_pos":"(1038.0, 521.0)","speed":700.0,"team":0,"unit_id":"ally_archer"},"hypothesisId":"P1","location":"scripts/battle/unit/projectile.gd","message":"projectile_ready_aimed","runId":"aim-debug","sessionId":"ccca42","timestamp":21489}
{"data":{"delay_s":1.75,"has_target_ref":true,"initial_target_pos":"(1038.0, 521.0)"},"hypothesisId":"P1","location":"scripts/battle/unit/projectile.gd","message":"projectile_delay_started","runId":"aim-debug","sessionId":"ccca42","timestamp":21498}
{"data":{"allies_mult":1.0,"current_health":200,"enemy_mult":1.0,"max_health_effective":200,"stats_health":200,"team":1,"unit_id":"enemy_warrior"},"hypothesisId":"H2","location":"scripts/battle/unit/unit_base.gd","message":"unit_health_emitted","runId":"aim-debug","sessionId":"ccca42","timestamp":21513}
{"data":{"curr_target_pos":"(0.0, 0.0)","curr_target_valid":false,"delta_target_dist":null,"initial_target_pos":"(821.4897, 509.7384)","velocity":"(684.9361, 144.439)"},"hypothesisId":"P1","location":"scripts/battle/unit/projectile.gd","message":"projectile_delay_ended","runId":"aim-debug","sessionId":"ccca42","timestamp":21574}
{"data":{"curr_target_pos":"(0.0, 0.0)","curr_target_valid":false,"delta_target_dist":null,"initial_target_pos":"(782.3506, 501.4847)","velocity":"(695.8032, -76.53699)"},"hypothesisId":"P1","location":"scripts/battle/unit/projectile.gd","message":"projectile_delay_ended","runId":"aim-debug","sessionId":"ccca42","timestamp":21973}
{"data":{"attack_speed":1.2,"attack_type":1,"target_class":"CharacterBody2D","unit_id":"ally_archer"},"hypothesisId":"H4","location":"scripts/battle/unit/unit_base.gd","message":"attack_start","runId":"aim-debug","sessionId":"ccca42","timestamp":22040}
{"data":{"delay_applies":true,"initial_dir":"(0.649509, -0.760354)","initial_target_pos":"(898.0039, 136.2163)","speed":700.0,"team":0,"unit_id":"ally_archer"},"hypothesisId":"P1","location":"scripts/battle/unit/projectile.gd","message":"projectile_ready_aimed","runId":"aim-debug","sessionId":"ccca42","timestamp":22040}
{"data":{"delay_s":1.75,"has_target_ref":true,"initial_target_pos":"(898.0039, 136.2163)"},"hypothesisId":"P1","location":"scripts/battle/unit/projectile.gd","message":"projectile_delay_started","runId":"aim-debug","sessionId":"ccca42","timestamp":22049}
{"data":{"curr_target_pos":"(0.0, 0.0)","curr_target_valid":false,"delta_target_dist":null,"initial_target_pos":"(767.6734, 498.3896)","velocity":"(359.7371, 600.4908)"},"hypothesisId":"P1","location":"scripts/battle/unit/projectile.gd","message":"projectile_delay_ended","runId":"aim-debug","sessionId":"ccca42","timestamp":22126}
{"data":{"attack_speed":1.2,"attack_type":1,"target_class":"Node2D","unit_id":"ally_archer"},"hypothesisId":"H4","location":"scripts/battle/unit/unit_base.gd","message":"attack_start","runId":"aim-debug","sessionId":"ccca42","timestamp":22322}
{"data":{"delay_applies":true,"initial_dir":"(0.999947, 0.010283)","initial_target_pos":"(1038.0, 521.0)","speed":700.0,"team":0,"unit_id":"ally_archer"},"hypothesisId":"P1","location":"scripts/battle/unit/projectile.gd","message":"projectile_ready_aimed","runId":"aim-debug","sessionId":"ccca42","timestamp":22323}
{"data":{"delay_s":1.75,"has_target_ref":true,"initial_target_pos":"(1038.0, 521.0)"},"hypothesisId":"P1","location":"scripts/battle/unit/projectile.gd","message":"projectile_delay_started","runId":"aim-debug","sessionId":"ccca42","timestamp":22331}
{"data":{"attack_speed":1.2,"attack_type":1,"target_class":"Node2D","unit_id":"ally_archer"},"hypothesisId":"H4","location":"scripts/battle/unit/unit_base.gd","message":"attack_start","runId":"aim-debug","sessionId":"ccca42","timestamp":22389}
{"data":{"delay_applies":true,"initial_dir":"(0.991758, -0.128129)","initial_target_pos":"(1038.0, 521.0)","speed":700.0,"team":0,"unit_id":"ally_archer"},"hypothesisId":"P1","location":"scripts/battle/unit/projectile.gd","message":"projectile_ready_aimed","runId":"aim-debug","sessionId":"ccca42","timestamp":22389}
{"data":{"delay_s":1.75,"has_target_ref":true,"initial_target_pos":"(1038.0, 521.0)"},"hypothesisId":"P1","location":"scripts/battle/unit/projectile.gd","message":"projectile_delay_started","runId":"aim-debug","sessionId":"ccca42","timestamp":22398}
{"data":{"curr_target_pos":"(0.0, 0.0)","curr_target_valid":false,"delta_target_dist":null,"initial_target_pos":"(750.3431, 492.8361)","velocity":"(689.0762, 123.1828)"},"hypothesisId":"P1","location":"scripts/battle/unit/projectile.gd","message":"projectile_delay_ended","runId":"aim-debug","sessionId":"ccca42","timestamp":22412}
{"data":{"curr_target_pos":"(0.0, 0.0)","curr_target_valid":false,"delta_target_dist":null,"initial_target_pos":"(750.6343, 491.0563)","velocity":"(688.1159, -128.4387)"},"hypothesisId":"P1","location":"scripts/battle/unit/projectile.gd","message":"projectile_delay_ended","runId":"aim-debug","sessionId":"ccca42","timestamp":22807}
{"data":{"attack_speed":1.2,"attack_type":1,"target_class":"CharacterBody2D","unit_id":"ally_archer"},"hypothesisId":"H4","location":"scripts/battle/unit/unit_base.gd","message":"attack_start","runId":"aim-debug","sessionId":"ccca42","timestamp":22872}
{"data":{"delay_applies":true,"initial_dir":"(0.389544, -0.921008)","initial_target_pos":"(798.01, 134.9916)","speed":700.0,"team":0,"unit_id":"ally_archer"},"hypothesisId":"P1","location":"scripts/battle/unit/projectile.gd","message":"projectile_ready_aimed","runId":"aim-debug","sessionId":"ccca42","timestamp":22873}
{"data":{"delay_s":1.75,"has_target_ref":true,"initial_target_pos":"(798.01, 134.9916)"},"hypothesisId":"P1","location":"scripts/battle/unit/projectile.gd","message":"projectile_delay_started","runId":"aim-debug","sessionId":"ccca42","timestamp":22882}
{"data":{"curr_target_pos":"(0.0, 0.0)","curr_target_valid":false,"delta_target_dist":null,"initial_target_pos":"(750.6343, 491.0563)","velocity":"(308.4127, 628.3961)"},"hypothesisId":"P1","location":"scripts/battle/unit/projectile.gd","message":"projectile_delay_ended","runId":"aim-debug","sessionId":"ccca42","timestamp":22957}
{"data":{"attack_speed":1.2,"attack_type":1,"target_class":"CharacterBody2D","unit_id":"ally_archer"},"hypothesisId":"H4","location":"scripts/battle/unit/unit_base.gd","message":"attack_start","runId":"aim-debug","sessionId":"ccca42","timestamp":23155}
{"data":{"delay_applies":true,"initial_dir":"(0.10463, -0.994511)","initial_target_pos":"(777.1877, 153.6201)","speed":700.0,"team":0,"unit_id":"ally_archer"},"hypothesisId":"P1","location":"scripts/battle/unit/projectile.gd","message":"projectile_ready_aimed","runId":"aim-debug","sessionId":"ccca42","timestamp":23156}
{"data":{"delay_s":1.75,"has_target_ref":true,"initial_target_pos":"(777.1877, 153.6201)"},"hypothesisId":"P1","location":"scripts/battle/unit/projectile.gd","message":"projectile_delay_started","runId":"aim-debug","sessionId":"ccca42","timestamp":23166}
{"data":{"attack_speed":1.2,"attack_type":1,"target_class":"Node2D","unit_id":"ally_archer"},"hypothesisId":"H4","location":"scripts/battle/unit/unit_base.gd","message":"attack_start","runId":"aim-debug","sessionId":"ccca42","timestamp":23222}
{"data":{"delay_applies":true,"initial_dir":"(0.991758, -0.128129)","initial_target_pos":"(1038.0, 521.0)","speed":700.0,"team":0,"unit_id":"ally_archer"},"hypothesisId":"P1","location":"scripts/battle/unit/projectile.gd","message":"projectile_ready_aimed","runId":"aim-debug","sessionId":"ccca42","timestamp":23223}
{"data":{"delay_s":1.75,"has_target_ref":true,"initial_target_pos":"(1038.0, 521.0)"},"hypothesisId":"P1","location":"scripts/battle/unit/projectile.gd","message":"projectile_delay_started","runId":"aim-debug","sessionId":"ccca42","timestamp":23231}
{"data":{"curr_target_pos":"(1038.0, 521.0)","curr_target_valid":true,"delta_target_dist":0.0,"initial_target_pos":"(1038.0, 521.0)","velocity":"(695.674, 77.70309)"},"hypothesisId":"P1","location":"scripts/battle/unit/projectile.gd","message":"projectile_delay_ended","runId":"aim-debug","sessionId":"ccca42","timestamp":23246}
{"data":{"allies_mult":1.0,"current_health":80,"enemy_mult":1.0,"max_health_effective":80,"stats_health":80,"team":0,"unit_id":"ally_archer"},"hypothesisId":"H2","location":"scripts/battle/unit/unit_base.gd","message":"unit_health_emitted","runId":"aim-debug","sessionId":"ccca42","timestamp":23451}
{"data":{"attack_speed":1.2,"attack_type":1,"target_class":"CharacterBody2D","unit_id":"ally_archer"},"hypothesisId":"H4","location":"scripts/battle/unit/unit_base.gd","message":"attack_start","runId":"aim-debug","sessionId":"ccca42","timestamp":23572}
{"data":{"delay_applies":true,"initial_dir":"(0.362414, -0.932017)","initial_target_pos":"(760.1299, 200.6202)","speed":700.0,"team":0,"unit_id":"ally_archer"},"hypothesisId":"P1","location":"scripts/battle/unit/projectile.gd","message":"projectile_ready_aimed","runId":"aim-debug","sessionId":"ccca42","timestamp":23572}
{"data":{"delay_s":1.75,"has_target_ref":true,"initial_target_pos":"(760.1299, 200.6202)"},"hypothesisId":"P1","location":"scripts/battle/unit/projectile.gd","message":"projectile_delay_started","runId":"aim-debug","sessionId":"ccca42","timestamp":23581}
{"data":{"attack_speed":1.2,"attack_type":1,"target_class":"CharacterBody2D","unit_id":"ally_archer"},"hypothesisId":"H4","location":"scripts/battle/unit/unit_base.gd","message":"attack_start","runId":"aim-debug","sessionId":"ccca42","timestamp":23699}
{"data":{"delay_applies":true,"initial_dir":"(0.341165, -0.940003)","initial_target_pos":"(754.6714, 215.6603)","speed":700.0,"team":0,"unit_id":"ally_archer"},"hypothesisId":"P1","location":"scripts/battle/unit/projectile.gd","message":"projectile_ready_aimed","runId":"aim-debug","sessionId":"ccca42","timestamp":23700}
{"data":{"delay_s":1.75,"has_target_ref":true,"initial_target_pos":"(754.6714, 215.6603)"},"hypothesisId":"P1","location":"scripts/battle/unit/projectile.gd","message":"projectile_delay_started","runId":"aim-debug","sessionId":"ccca42","timestamp":23709}
{"data":{"curr_target_pos":"(750.5776, 226.9403)","curr_target_valid":true,"delta_target_dist":173.105072021484,"initial_target_pos":"(898.0039, 136.2163)","velocity":"(238.8159, -658.0023)"},"hypothesisId":"P1","location":"scripts/battle/unit/projectile.gd","message":"projectile_delay_ended","runId":"aim-debug","sessionId":"ccca42","timestamp":23789}
{"data":{"attack_speed":1.2,"attack_type":1,"target_class":"CharacterBody2D","unit_id":"ally_archer"},"hypothesisId":"H4","location":"scripts/battle/unit/unit_base.gd","message":"attack_start","runId":"aim-debug","sessionId":"ccca42","timestamp":23989}
{"data":{"delay_applies":true,"initial_dir":"(0.000621, -1.0)","initial_target_pos":"(743.0721, 247.6204)","speed":700.0,"team":0,"unit_id":"ally_archer"},"hypothesisId":"P1","location":"scripts/battle/unit/projectile.gd","message":"projectile_ready_aimed","runId":"aim-debug","sessionId":"ccca42","timestamp":23990}
{"data":{"delay_s":1.75,"has_target_ref":true,"initial_target_pos":"(743.0721, 247.6204)"},"hypothesisId":"P1","location":"scripts/battle/unit/projectile.gd","message":"projectile_delay_started","runId":"aim-debug","sessionId":"ccca42","timestamp":23999}
{"data":{"attack_speed":1.2,"attack_type":1,"target_class":"CharacterBody2D","unit_id":"ally_archer"},"hypothesisId":"H4","location":"scripts/battle/unit/unit_base.gd","message":"attack_start","runId":"aim-debug","sessionId":"ccca42","timestamp":24055}
{"data":{"delay_applies":true,"initial_dir":"(0.151816, -0.988409)","initial_target_pos":"(740.3429, 255.1404)","speed":700.0,"team":0,"unit_id":"ally_archer"},"hypothesisId":"P1","location":"scripts/battle/unit/projectile.gd","message":"projectile_ready_aimed","runId":"aim-debug","sessionId":"ccca42","timestamp":24056}
{"data":{"delay_s":1.75,"has_target_ref":true,"initial_target_pos":"(740.3429, 255.1404)"},"hypothesisId":"P1","location":"scripts/battle/unit/projectile.gd","message":"projectile_delay_started","runId":"aim-debug","sessionId":"ccca42","timestamp":24065}
{"data":{"curr_target_pos":"(1038.0, 521.0)","curr_target_valid":true,"delta_target_dist":0.0,"initial_target_pos":"(1038.0, 521.0)","velocity":"(699.963, 7.198148)"},"hypothesisId":"P1","location":"scripts/battle/unit/projectile.gd","message":"projectile_delay_ended","runId":"aim-debug","sessionId":"ccca42","timestamp":24080}
{"data":{"curr_target_pos":"(1038.0, 521.0)","curr_target_valid":true,"delta_target_dist":0.0,"initial_target_pos":"(1038.0, 521.0)","velocity":"(694.2303, -89.69011)"},"hypothesisId":"P1","location":"scripts/battle/unit/projectile.gd","message":"projectile_delay_ended","runId":"aim-debug","sessionId":"ccca42","timestamp":24140}
{"data":{"attack_speed":1.0,"attack_type":0,"target_class":"CharacterBody2D","unit_id":"enemy_warrior"},"hypothesisId":"H4","location":"scripts/battle/unit/unit_base.gd","message":"attack_start","runId":"aim-debug","sessionId":"ccca42","timestamp":24238}
{"data":{"attack_speed":1.2,"attack_type":1,"target_class":"CharacterBody2D","unit_id":"ally_archer"},"hypothesisId":"H4","location":"scripts/battle/unit/unit_base.gd","message":"attack_start","runId":"aim-debug","sessionId":"ccca42","timestamp":24405}
{"data":{"delay_applies":true,"initial_dir":"(0.370961, -0.928649)","initial_target_pos":"(726.0142, 294.6205)","speed":700.0,"team":0,"unit_id":"ally_archer"},"hypothesisId":"P1","location":"scripts/battle/unit/projectile.gd","message":"projectile_ready_aimed","runId":"aim-debug","sessionId":"ccca42","timestamp":24406}
{"data":{"delay_s":1.75,"has_target_ref":true,"initial_target_pos":"(726.0142, 294.6205)"},"hypothesisId":"P1","location":"scripts/battle/unit/projectile.gd","message":"projectile_delay_started","runId":"aim-debug","sessionId":"ccca42","timestamp":24415}
{"data":{"attack_speed":1.2,"attack_type":1,"target_class":"CharacterBody2D","unit_id":"ally_archer"},"hypothesisId":"H4","location":"scripts/battle/unit/unit_base.gd","message":"attack_start","runId":"aim-debug","sessionId":"ccca42","timestamp":24539}
{"data":{"delay_applies":true,"initial_dir":"(0.341171, -0.940001)","initial_target_pos":"(720.5554, 309.6605)","speed":700.0,"team":0,"unit_id":"ally_archer"},"hypothesisId":"P1","location":"scripts/battle/unit/projectile.gd","message":"projectile_ready_aimed","runId":"aim-debug","sessionId":"ccca42","timestamp":24539}
{"data":{"delay_s":1.75,"has_target_ref":true,"initial_target_pos":"(720.5554, 309.6605)"},"hypothesisId":"P1","location":"scripts/battle/unit/projectile.gd","message":"projectile_delay_started","runId":"aim-debug","sessionId":"ccca42","timestamp":24549}
{"data":{"curr_target_pos":"(719.4103, 312.8171)","curr_target_valid":true,"delta_target_dist":194.421813964844,"initial_target_pos":"(798.01, 134.9916)","velocity":"(238.8252, -657.9989)"},"hypothesisId":"P1","location":"scripts/battle/unit/projectile.gd","message":"projectile_delay_ended","runId":"aim-debug","sessionId":"ccca42","timestamp":24624}
{"data":{"allies_mult":1.0,"current_health":200,"enemy_mult":1.0,"max_health_effective":200,"stats_health":200,"team":1,"unit_id":"ally_warrior"},"hypothesisId":"H2","location":"scripts/battle/unit/unit_base.gd","message":"unit_health_emitted","runId":"aim-debug","sessionId":"ccca42","timestamp":24765}
{"data":{"attack_speed":1.2,"attack_type":1,"target_class":"CharacterBody2D","unit_id":"ally_archer"},"hypothesisId":"H4","location":"scripts/battle/unit/unit_base.gd","message":"attack_start","runId":"aim-debug","sessionId":"ccca42","timestamp":24822}
{"data":{"delay_applies":true,"initial_dir":"(-0.13991, -0.990164)","initial_target_pos":"(719.41, 312.8166)","speed":700.0,"team":0,"unit_id":"ally_archer"},"hypothesisId":"P1","location":"scripts/battle/unit/projectile.gd","message":"projectile_ready_aimed","runId":"aim-debug","sessionId":"ccca42","timestamp":24823}
{"data":{"delay_s":1.75,"has_target_ref":true,"initial_target_pos":"(719.41, 312.8166)"},"hypothesisId":"P1","location":"scripts/battle/unit/projectile.gd","message":"projectile_delay_started","runId":"aim-debug","sessionId":"ccca42","timestamp":24832}
{"data":{"attack_speed":1.2,"attack_type":1,"target_class":"CharacterBody2D","unit_id":"ally_archer"},"hypothesisId":"H4","location":"scripts/battle/unit/unit_base.gd","message":"attack_start","runId":"aim-debug","sessionId":"ccca42","timestamp":24889}
{"data":{"delay_applies":true,"initial_dir":"(0.099664, -0.995021)","initial_target_pos":"(719.41, 312.8166)","speed":700.0,"team":0,"unit_id":"ally_archer"},"hypothesisId":"P1","location":"scripts/battle/unit/projectile.gd","message":"projectile_ready_aimed","runId":"aim-debug","sessionId":"ccca42","timestamp":24889}
{"data":{"delay_s":1.75,"has_target_ref":true,"initial_target_pos":"(719.41, 312.8166)"},"hypothesisId":"P1","location":"scripts/battle/unit/projectile.gd","message":"projectile_delay_started","runId":"aim-debug","sessionId":"ccca42","timestamp":24899}
{"data":{"curr_target_pos":"(719.3883, 312.8775)","curr_target_valid":true,"delta_target_dist":169.421630859375,"initial_target_pos":"(777.1877, 153.6201)","velocity":"(-98.06099, -693.0975)"},"hypothesisId":"P1","location":"scripts/battle/unit/projectile.gd","message":"projectile_delay_ended","runId":"aim-debug","sessionId":"ccca42","timestamp":24915}
{"data":{"curr_target_pos":"(1038.0, 521.0)","curr_target_valid":true,"delta_target_dist":0.0,"initial_target_pos":"(1038.0, 521.0)","velocity":"(694.2303, -89.69011)"},"hypothesisId":"P1","location":"scripts/battle/unit/projectile.gd","message":"projectile_delay_ended","runId":"aim-debug","sessionId":"ccca42","timestamp":24973}
{"data":{"attack_speed":1.2,"attack_type":1,"target_class":"CharacterBody2D","unit_id":"ally_archer"},"hypothesisId":"H4","location":"scripts/battle/unit/unit_base.gd","message":"attack_start","runId":"aim-debug","sessionId":"ccca42","timestamp":25239}
{"data":{"delay_applies":true,"initial_dir":"(0.373477, -0.92764)","initial_target_pos":"(719.4103, 312.8171)","speed":700.0,"team":0,"unit_id":"ally_archer"},"hypothesisId":"P1","location":"scripts/battle/unit/projectile.gd","message":"projectile_ready_aimed","runId":"aim-debug","sessionId":"ccca42","timestamp":25239}
{"data":{"attack_speed":1.0,"attack_type":0,"target_class":"CharacterBody2D","unit_id":"enemy_warrior"},"hypothesisId":"H4","location":"scripts/battle/unit/unit_base.gd","message":"attack_start","runId":"aim-debug","sessionId":"ccca42","timestamp":25248}
{"data":{"delay_s":1.75,"has_target_ref":true,"initial_target_pos":"(719.4103, 312.8171)"},"hypothesisId":"P1","location":"scripts/battle/unit/projectile.gd","message":"projectile_delay_started","runId":"aim-debug","sessionId":"ccca42","timestamp":25257}
{"data":{"curr_target_pos":"(719.3895, 312.8742)","curr_target_valid":true,"delta_target_dist":119.418342590332,"initial_target_pos":"(760.1299, 200.6202)","velocity":"(261.4396, -649.3453)"},"hypothesisId":"P1","location":"scripts/battle/unit/projectile.gd","message":"projectile_delay_ended","runId":"aim-debug","sessionId":"ccca42","timestamp":25323}
{"data":{"attack_speed":1.2,"attack_type":1,"target_class":"CharacterBody2D","unit_id":"ally_archer"},"hypothesisId":"H4","location":"scripts/battle/unit/unit_base.gd","message":"attack_start","runId":"aim-debug","sessionId":"ccca42","timestamp":25372}
{"data":{"delay_applies":true,"initial_dir":"(0.341179, -0.939998)","initial_target_pos":"(719.4103, 312.8171)","speed":700.0,"team":0,"unit_id":"ally_archer"},"hypothesisId":"P1","location":"scripts/battle/unit/projectile.gd","message":"projectile_ready_aimed","runId":"aim-debug","sessionId":"ccca42","timestamp":25372}
{"data":{"delay_s":1.75,"has_target_ref":true,"initial_target_pos":"(719.4103, 312.8171)"},"hypothesisId":"P1","location":"scripts/battle/unit/projectile.gd","message":"projectile_delay_started","runId":"aim-debug","sessionId":"ccca42","timestamp":25382}
{"data":{"curr_target_pos":"(719.3895, 312.8742)","curr_target_valid":true,"delta_target_dist":103.418411254883,"initial_target_pos":"(754.6714, 215.6603)","velocity":"(238.8251, -657.9989)"},"hypothesisId":"P1","location":"scripts/battle/unit/projectile.gd","message":"projectile_delay_ended","runId":"aim-debug","sessionId":"ccca42","timestamp":25457}
{"data":{"attack_speed":1.2,"attack_type":1,"target_class":"CharacterBody2D","unit_id":"ally_archer"},"hypothesisId":"H4","location":"scripts/battle/unit/unit_base.gd","message":"attack_start","runId":"aim-debug","sessionId":"ccca42","timestamp":25655}
{"data":{"delay_applies":true,"initial_dir":"(0.964567, 0.263838)","initial_target_pos":"(862.7557, 512.0346)","speed":700.0,"team":0,"unit_id":"ally_archer"},"hypothesisId":"P1","location":"scripts/battle/unit/projectile.gd","message":"projectile_ready_aimed","runId":"aim-debug","sessionId":"ccca42","timestamp":25656}
{"data":{"delay_s":1.75,"has_target_ref":true,"initial_target_pos":"(862.7557, 512.0346)"},"hypothesisId":"P1","location":"scripts/battle/unit/projectile.gd","message":"projectile_delay_started","runId":"aim-debug","sessionId":"ccca42","timestamp":25664}
{"data":{"attack_speed":1.2,"attack_type":1,"target_class":"CharacterBody2D","unit_id":"ally_archer"},"hypothesisId":"H4","location":"scripts/battle/unit/unit_base.gd","message":"attack_start","runId":"aim-debug","sessionId":"ccca42","timestamp":25722}
{"data":{"delay_applies":true,"initial_dir":"(0.983784, -0.179355)","initial_target_pos":"(855.0391, 509.9239)","speed":700.0,"team":0,"unit_id":"ally_archer"},"hypothesisId":"P1","location":"scripts/battle/unit/projectile.gd","message":"projectile_ready_aimed","runId":"aim-debug","sessionId":"ccca42","timestamp":25723}
{"data":{"delay_s":1.75,"has_target_ref":true,"initial_target_pos":"(855.0391, 509.9239)"},"hypothesisId":"P1","location":"scripts/battle/unit/projectile.gd","message":"projectile_delay_started","runId":"aim-debug","sessionId":"ccca42","timestamp":25732}
{"data":{"curr_target_pos":"(719.41, 312.8166)","curr_target_valid":true,"delta_target_dist":69.3573532104492,"initial_target_pos":"(743.0721, 247.6204)","velocity":"(-97.93732, -693.1149)"},"hypothesisId":"P1","location":"scripts/battle/unit/projectile.gd","message":"projectile_delay_ended","runId":"aim-debug","sessionId":"ccca42","timestamp":25748}
{"data":{"curr_target_pos":"(719.41, 312.8166)","curr_target_valid":true,"delta_target_dist":61.3573837280273,"initial_target_pos":"(740.3429, 255.1404)","velocity":"(69.76468, -696.5148)"},"hypothesisId":"P1","location":"scripts/battle/unit/projectile.gd","message":"projectile_delay_ended","runId":"aim-debug","sessionId":"ccca42","timestamp":25806}
{"data":{"attack_speed":1.0,"attack_type":0,"target_class":"CharacterBody2D","unit_id":"ally_warrior"},"hypothesisId":"H4","location":"scripts/battle/unit/unit_base.gd","message":"attack_start","runId":"aim-debug","sessionId":"ccca42","timestamp":25872}
{"data":{"attack_speed":1.2,"attack_type":1,"target_class":"CharacterBody2D","unit_id":"ally_archer"},"hypothesisId":"H4","location":"scripts/battle/unit/unit_base.gd","message":"attack_start","runId":"aim-debug","sessionId":"ccca42","timestamp":26072}
{"data":{"delay_applies":true,"initial_dir":"(0.990288, -0.13903)","initial_target_pos":"(814.5272, 498.8426)","speed":700.0,"team":0,"unit_id":"ally_archer"},"hypothesisId":"P1","location":"scripts/battle/unit/projectile.gd","message":"projectile_ready_aimed","runId":"aim-debug","sessionId":"ccca42","timestamp":26073}
{"data":{"delay_s":1.75,"has_target_ref":true,"initial_target_pos":"(814.5272, 498.8426)"},"hypothesisId":"P1","location":"scripts/battle/unit/projectile.gd","message":"projectile_delay_started","runId":"aim-debug","sessionId":"ccca42","timestamp":26083}
{"data":{"curr_target_pos":"(719.4103, 312.8171)","curr_target_valid":true,"delta_target_dist":19.3579025268555,"initial_target_pos":"(726.0142, 294.6205)","velocity":"(261.4337, -649.3477)"},"hypothesisId":"P1","location":"scripts/battle/unit/projectile.gd","message":"projectile_delay_ended","runId":"aim-debug","sessionId":"ccca42","timestamp":26156}
{"data":{"attack_speed":1.2,"attack_type":1,"target_class":"CharacterBody2D","unit_id":"ally_archer"},"hypothesisId":"H4","location":"scripts/battle/unit/unit_base.gd","message":"attack_start","runId":"aim-debug","sessionId":"ccca42","timestamp":26208}
{"data":{"delay_applies":true,"initial_dir":"(0.341179, -0.939998)","initial_target_pos":"(719.3895, 312.8742)","speed":700.0,"team":0,"unit_id":"ally_archer"},"hypothesisId":"P1","location":"scripts/battle/unit/projectile.gd","message":"projectile_ready_aimed","runId":"aim-debug","sessionId":"ccca42","timestamp":26209}
{"data":{"delay_s":1.75,"has_target_ref":true,"initial_target_pos":"(719.3895, 312.8742)"},"hypothesisId":"P1","location":"scripts/battle/unit/projectile.gd","message":"projectile_delay_started","runId":"aim-debug","sessionId":"ccca42","timestamp":26217}
{"data":{"attack_speed":1.0,"attack_type":0,"target_class":"CharacterBody2D","unit_id":"enemy_warrior"},"hypothesisId":"H4","location":"scripts/battle/unit/unit_base.gd","message":"attack_start","runId":"aim-debug","sessionId":"ccca42","timestamp":26238}
{"data":{"curr_target_pos":"(719.4103, 312.8171)","curr_target_valid":true,"delta_target_dist":3.35788345336914,"initial_target_pos":"(720.5554, 309.6605)","velocity":"(238.8252, -657.9989)"},"hypothesisId":"P1","location":"scripts/battle/unit/projectile.gd","message":"projectile_delay_ended","runId":"aim-debug","sessionId":"ccca42","timestamp":26287}
{"data":{"attack_speed":1.2,"attack_type":1,"target_class":"CharacterBody2D","unit_id":"ally_archer"},"hypothesisId":"H4","location":"scripts/battle/unit/unit_base.gd","message":"attack_start","runId":"aim-debug","sessionId":"ccca42","timestamp":26559}
{"data":{"delay_applies":true,"initial_dir":"(0.908959, -0.416885)","initial_target_pos":"(781.9274, 499.7235)","speed":700.0,"team":0,"unit_id":"ally_archer"},"hypothesisId":"P1","location":"scripts/battle/unit/projectile.gd","message":"projectile_ready_aimed","runId":"aim-debug","sessionId":"ccca42","timestamp":26559}
{"data":{"delay_s":1.75,"has_target_ref":true,"initial_target_pos":"(781.9274, 499.7235)"},"hypothesisId":"P1","location":"scripts/battle/unit/projectile.gd","message":"projectile_delay_started","runId":"aim-debug","sessionId":"ccca42","timestamp":26567}
{"data":{"curr_target_pos":"(719.3883, 312.8775)","curr_target_valid":true,"delta_target_dist":0.064680777490139,"initial_target_pos":"(719.41, 312.8166)","velocity":"(69.71716, -696.5196)"},"hypothesisId":"P1","location":"scripts/battle/unit/projectile.gd","message":"projectile_delay_ended","runId":"aim-debug","sessionId":"ccca42","timestamp":26640}
{"data":{"attack_speed":1.0,"attack_type":0,"target_class":"CharacterBody2D","unit_id":"ally_warrior"},"hypothesisId":"H4","location":"scripts/battle/unit/unit_base.gd","message":"attack_start","runId":"aim-debug","sessionId":"ccca42","timestamp":26881}
{"data":{"attack_speed":1.2,"attack_type":1,"target_class":"CharacterBody2D","unit_id":"ally_archer"},"hypothesisId":"H4","location":"scripts/battle/unit/unit_base.gd","message":"attack_start","runId":"aim-debug","sessionId":"ccca42","timestamp":26913}
{"data":{"delay_applies":true,"initial_dir":"(0.997887, -0.064974)","initial_target_pos":"(752.5424, 516.4441)","speed":700.0,"team":0,"unit_id":"ally_archer"},"hypothesisId":"P1","location":"scripts/battle/unit/projectile.gd","message":"projectile_ready_aimed","runId":"aim-debug","sessionId":"ccca42","timestamp":26913}
{"data":{"delay_s":1.75,"has_target_ref":true,"initial_target_pos":"(752.5424, 516.4441)"},"hypothesisId":"P1","location":"scripts/battle/unit/projectile.gd","message":"projectile_delay_started","runId":"aim-debug","sessionId":"ccca42","timestamp":26922}
{"data":{"curr_target_pos":"(716.4199, 342.6673)","curr_target_valid":true,"delta_target_dist":29.9996376037598,"initial_target_pos":"(719.4103, 312.8171)","velocity":"(288.504, -637.7816)"},"hypothesisId":"P1","location":"scripts/battle/unit/projectile.gd","message":"projectile_delay_ended","runId":"aim-debug","sessionId":"ccca42","timestamp":26990}
{"data":{"allies_mult":1.0,"current_health":80,"enemy_mult":1.0,"max_health_effective":80,"stats_health":80,"team":0,"unit_id":"ally_archer"},"hypothesisId":"H2","location":"scripts/battle/unit/unit_base.gd","message":"unit_health_emitted","runId":"aim-debug","sessionId":"ccca42","timestamp":27233}
{"data":{"attack_speed":1.2,"attack_type":1,"target_class":"CharacterBody2D","unit_id":"ally_archer"},"hypothesisId":"H4","location":"scripts/battle/unit/unit_base.gd","message":"attack_start","runId":"aim-debug","sessionId":"ccca42","timestamp":27239}
{"data":{"delay_applies":true,"initial_dir":"(0.893734, -0.448598)","initial_target_pos":"(713.6291, 370.528)","speed":700.0,"team":0,"unit_id":"ally_archer"},"hypothesisId":"P1","location":"scripts/battle/unit/projectile.gd","message":"projectile_ready_aimed","runId":"aim-debug","sessionId":"ccca42","timestamp":27246}
{"data":{"delay_s":1.75,"has_target_ref":true,"initial_target_pos":"(713.6291, 370.528)"},"hypothesisId":"P1","location":"scripts/battle/unit/projectile.gd","message":"projectile_delay_started","runId":"aim-debug","sessionId":"ccca42","timestamp":27253}
{"data":{"attack_speed":1.2,"attack_type":1,"target_class":"CharacterBody2D","unit_id":"ally_archer"},"hypothesisId":"H4","location":"scripts/battle/unit/unit_base.gd","message":"attack_start","runId":"aim-debug","sessionId":"ccca42","timestamp":27389}
{"data":{"delay_applies":true,"initial_dir":"(0.98815, -0.153489)","initial_target_pos":"(756.1329, 529.5572)","speed":700.0,"team":0,"unit_id":"ally_archer"},"hypothesisId":"P1","location":"scripts/battle/unit/projectile.gd","message":"projectile_ready_aimed","runId":"aim-debug","sessionId":"ccca42","timestamp":27390}
{"data":{"delay_s":1.75,"has_target_ref":true,"initial_target_pos":"(756.1329, 529.5572)"},"hypothesisId":"P1","location":"scripts/battle/unit/projectile.gd","message":"projectile_delay_started","runId":"aim-debug","sessionId":"ccca42","timestamp":27399}
{"data":{"curr_target_pos":"(756.3607, 531.1719)","curr_target_valid":true,"delta_target_dist":100.94017791748,"initial_target_pos":"(855.0391, 509.9239)","velocity":"(694.367, -88.62539)"},"hypothesisId":"P1","location":"scripts/battle/unit/projectile.gd","message":"projectile_delay_ended","runId":"aim-debug","sessionId":"ccca42","timestamp":27474}
{"data":{"attack_speed":1.2,"attack_type":1,"target_class":"CharacterBody2D","unit_id":"ally_archer"},"hypothesisId":"H4","location":"scripts/battle/unit/unit_base.gd","message":"attack_start","runId":"aim-debug","sessionId":"ccca42","timestamp":27739}
{"data":{"delay_applies":true,"initial_dir":"(0.61539, -0.788223)","initial_target_pos":"(707.6489, 430.2296)","speed":700.0,"team":0,"unit_id":"ally_archer"},"hypothesisId":"P1","location":"scripts/battle/unit/projectile.gd","message":"projectile_ready_aimed","runId":"aim-debug","sessionId":"ccca42","timestamp":27739}
{"data":{"delay_s":1.75,"has_target_ref":true,"initial_target_pos":"(707.6489, 430.2296)"},"hypothesisId":"P1","location":"scripts/battle/unit/projectile.gd","message":"projectile_delay_started","runId":"aim-debug","sessionId":"ccca42","timestamp":27750}
{"data":{"attack_speed":1.0,"attack_type":0,"target_class":"CharacterBody2D","unit_id":"enemy_warrior"},"hypothesisId":"H4","location":"scripts/battle/unit/unit_base.gd","message":"attack_start","runId":"aim-debug","sessionId":"ccca42","timestamp":27822}
{"data":{"curr_target_pos":"(756.7206, 534.9307)","curr_target_valid":true,"delta_target_dist":68.146598815918,"initial_target_pos":"(814.5272, 498.8426)","velocity":"(697.2957, 61.47087)"},"hypothesisId":"P1","location":"scripts/battle/unit/projectile.gd","message":"projectile_delay_ended","runId":"aim-debug","sessionId":"ccca42","timestamp":27824}
{"data":{"attack_speed":1.0,"attack_type":0,"target_class":"CharacterBody2D","unit_id":"ally_warrior"},"hypothesisId":"H4","location":"scripts/battle/unit/unit_base.gd","message":"attack_start","runId":"aim-debug","sessionId":"ccca42","timestamp":27872}
{"data":{"allies_mult":1.0,"current_health":60,"enemy_mult":1.0,"max_health_effective":60,"stats_health":60,"team":1,"unit_id":"ally_mage"},"hypothesisId":"H2","location":"scripts/battle/unit/unit_base.gd","message":"unit_health_emitted","runId":"aim-debug","sessionId":"ccca42","timestamp":27948}
{"data":{"attack_speed":1.2,"attack_type":1,"target_class":"CharacterBody2D","unit_id":"ally_archer"},"hypothesisId":"H4","location":"scripts/battle/unit/unit_base.gd","message":"attack_start","runId":"aim-debug","sessionId":"ccca42","timestamp":28072}
{"data":{"delay_applies":true,"initial_dir":"(0.994954, 0.100332)","initial_target_pos":"(703.6624, 470.0306)","speed":700.0,"team":0,"unit_id":"ally_archer"},"hypothesisId":"P1","location":"scripts/battle/unit/projectile.gd","message":"projectile_ready_aimed","runId":"aim-debug","sessionId":"ccca42","timestamp":28072}
{"data":{"delay_s":1.75,"has_target_ref":true,"initial_target_pos":"(703.6624, 470.0306)"},"hypothesisId":"P1","location":"scripts/battle/unit/projectile.gd","message":"projectile_delay_started","runId":"aim-debug","sessionId":"ccca42","timestamp":28082}
{"data":{"curr_target_pos":"(756.8251, 537.2866)","curr_target_valid":true,"delta_target_dist":45.1786155700684,"initial_target_pos":"(781.9274, 499.7235)","velocity":"(699.7846, -17.36685)"},"hypothesisId":"P1","location":"scripts/battle/unit/projectile.gd","message":"projectile_delay_ended","runId":"aim-debug","sessionId":"ccca42","timestamp":28306}
{"data":{"attack_speed":1.2,"attack_type":1,"target_class":"CharacterBody2D","unit_id":"ally_archer"},"hypothesisId":"H4","location":"scripts/battle/unit/unit_base.gd","message":"attack_start","runId":"aim-debug","sessionId":"ccca42","timestamp":28572}
{"data":{"delay_applies":true,"initial_dir":"(0.842976, -0.537951)","initial_target_pos":"(684.9695, 491.8247)","speed":700.0,"team":0,"unit_id":"ally_archer"},"hypothesisId":"P1","location":"scripts/battle/unit/projectile.gd","message":"projectile_ready_aimed","runId":"aim-debug","sessionId":"ccca42","timestamp":28572}
{"data":{"delay_s":1.75,"has_target_ref":true,"initial_target_pos":"(684.9695, 491.8247)"},"hypothesisId":"P1","location":"scripts/battle/unit/projectile.gd","message":"projectile_delay_started","runId":"aim-debug","sessionId":"ccca42","timestamp":28581}
{"data":{"curr_target_pos":"(728.946, 534.6466)","curr_target_valid":true,"delta_target_dist":29.8013496398926,"initial_target_pos":"(752.5424, 516.4441)","velocity":"(695.7247, 77.24725)"},"hypothesisId":"P1","location":"scripts/battle/unit/projectile.gd","message":"projectile_delay_ended","runId":"aim-debug","sessionId":"ccca42","timestamp":28658}
{"data":{"attack_speed":0.8,"attack_type":1,"target_class":"CharacterBody2D","unit_id":"ally_mage"},"hypothesisId":"H4","location":"scripts/battle/unit/unit_base.gd","message":"attack_start","runId":"aim-debug","sessionId":"ccca42","timestamp":28856}
{"data":{"delay_applies":false,"initial_dir":"(-0.87214, 0.489257)","initial_target_pos":"(634.3292, 524.1412)","speed":700.0,"team":1,"unit_id":"ally_mage"},"hypothesisId":"P1","location":"scripts/battle/unit/projectile.gd","message":"projectile_ready_aimed","runId":"aim-debug","sessionId":"ccca42","timestamp":28856}
{"data":{"attack_speed":1.0,"attack_type":0,"target_class":"CharacterBody2D","unit_id":"ally_warrior"},"hypothesisId":"H4","location":"scripts/battle/unit/unit_base.gd","message":"attack_start","runId":"aim-debug","sessionId":"ccca42","timestamp":28874}
{"data":{"attack_speed":1.2,"attack_type":1,"target_class":"CharacterBody2D","unit_id":"ally_archer"},"hypothesisId":"H4","location":"scripts/battle/unit/unit_base.gd","message":"attack_start","runId":"aim-debug","sessionId":"ccca42","timestamp":28905}
{"data":{"delay_applies":true,"initial_dir":"(0.963057, 0.269298)","initial_target_pos":"(685.7139, 493.0409)","speed":700.0,"team":0,"unit_id":"ally_archer"},"hypothesisId":"P1","location":"scripts/battle/unit/projectile.gd","message":"projectile_ready_aimed","runId":"aim-debug","sessionId":"ccca42","timestamp":28906}
{"data":{"delay_s":1.75,"has_target_ref":true,"initial_target_pos":"(685.7139, 493.0409)"},"hypothesisId":"P1","location":"scripts/battle/unit/projectile.gd","message":"projectile_delay_started","runId":"aim-debug","sessionId":"ccca42","timestamp":28914}
{"data":{"curr_target_pos":"(685.7139, 493.0409)","curr_target_valid":true,"delta_target_dist":125.652954101563,"initial_target_pos":"(713.6291, 370.528)","velocity":"(674.1399, 188.5084)"},"hypothesisId":"P1","location":"scripts/battle/unit/projectile.gd","message":"projectile_delay_ended","runId":"aim-debug","sessionId":"ccca42","timestamp":28990}
{"data":{"attack_speed":1.2,"attack_type":1,"target_class":"CharacterBody2D","unit_id":"ally_archer"},"hypothesisId":"H4","location":"scripts/battle/unit/unit_base.gd","message":"attack_start","runId":"aim-debug","sessionId":"ccca42","timestamp":29406}
{"data":{"delay_applies":true,"initial_dir":"(0.996005, 0.089302)","initial_target_pos":"(704.8543, 530.4645)","speed":700.0,"team":0,"unit_id":"ally_archer"},"hypothesisId":"P1","location":"scripts/battle/unit/projectile.gd","message":"projectile_ready_aimed","runId":"aim-debug","sessionId":"ccca42","timestamp":29407}
{"data":{"delay_s":1.75,"has_target_ref":true,"initial_target_pos":"(704.8543, 530.4645)"},"hypothesisId":"P1","location":"scripts/battle/unit/projectile.gd","message":"projectile_delay_started","runId":"aim-debug","sessionId":"ccca42","timestamp":29417}
{"data":{"curr_target_pos":"(0.0, 0.0)","curr_target_valid":false,"delta_target_dist":null,"initial_target_pos":"(707.6489, 430.2296)","velocity":"(430.773, -551.7559)"},"hypothesisId":"P1","location":"scripts/battle/unit/projectile.gd","message":"projectile_delay_ended","runId":"aim-debug","sessionId":"ccca42","timestamp":29490}
{"data":{"attack_speed":1.2,"attack_type":1,"target_class":"CharacterBody2D","unit_id":"ally_archer"},"hypothesisId":"H4","location":"scripts/battle/unit/unit_base.gd","message":"attack_start","runId":"aim-debug","sessionId":"ccca42","timestamp":29739}
{"data":{"delay_applies":true,"initial_dir":"(0.895532, 0.444998)","initial_target_pos":"(694.3033, 527.4733)","speed":700.0,"team":0,"unit_id":"ally_archer"},"hypothesisId":"P1","location":"scripts/battle/unit/projectile.gd","message":"projectile_ready_aimed","runId":"aim-debug","sessionId":"ccca42","timestamp":29739}
{"data":{"delay_s":1.75,"has_target_ref":true,"initial_target_pos":"(694.3033, 527.4733)"},"hypothesisId":"P1","location":"scripts/battle/unit/projectile.gd","message":"projectile_delay_started","runId":"aim-debug","sessionId":"ccca42","timestamp":29748}
{"data":{"curr_target_pos":"(0.0, 0.0)","curr_target_valid":false,"delta_target_dist":null,"initial_target_pos":"(703.6624, 470.0306)","velocity":"(696.4678, 70.23235)"},"hypothesisId":"P1","location":"scripts/battle/unit/projectile.gd","message":"projectile_delay_ended","runId":"aim-debug","sessionId":"ccca42","timestamp":29823}
{"data":{"attack_speed":1.0,"attack_type":0,"target_class":"CharacterBody2D","unit_id":"ally_warrior"},"hypothesisId":"H4","location":"scripts/battle/unit/unit_base.gd","message":"attack_start","runId":"aim-debug","sessionId":"ccca42","timestamp":29872}
{"data":{"attack_speed":0.8,"attack_type":1,"target_class":"CharacterBody2D","unit_id":"ally_mage"},"hypothesisId":"H4","location":"scripts/battle/unit/unit_base.gd","message":"attack_start","runId":"aim-debug","sessionId":"ccca42","timestamp":30105}
{"data":{"delay_applies":false,"initial_dir":"(-0.872141, 0.489254)","initial_target_pos":"(634.3292, 524.1412)","speed":700.0,"team":1,"unit_id":"ally_mage"},"hypothesisId":"P1","location":"scripts/battle/unit/projectile.gd","message":"projectile_ready_aimed","runId":"aim-debug","sessionId":"ccca42","timestamp":30106}
{"data":{"curr_target_pos":"(0.0, 0.0)","curr_target_valid":false,"delta_target_dist":null,"initial_target_pos":"(684.9695, 491.8247)","velocity":"(590.0834, -376.5656)"},"hypothesisId":"P1","location":"scripts/battle/unit/projectile.gd","message":"projectile_delay_ended","runId":"aim-debug","sessionId":"ccca42","timestamp":30323}
{"data":{"attack_speed":1.2,"attack_type":1,"target_class":"CharacterBody2D","unit_id":"ally_archer"},"hypothesisId":"H4","location":"scripts/battle/unit/unit_base.gd","message":"attack_start","runId":"aim-debug","sessionId":"ccca42","timestamp":30572}
{"data":{"delay_applies":true,"initial_dir":"(0.901405, 0.432977)","initial_target_pos":"(674.5577, 515.5457)","speed":700.0,"team":0,"unit_id":"ally_archer"},"hypothesisId":"P1","location":"scripts/battle/unit/projectile.gd","message":"projectile_ready_aimed","runId":"aim-debug","sessionId":"ccca42","timestamp":30572}
{"data":{"delay_s":1.75,"has_target_ref":true,"initial_target_pos":"(674.5577, 515.5457)"},"hypothesisId":"P1","location":"scripts/battle/unit/projectile.gd","message":"projectile_delay_started","runId":"aim-debug","sessionId":"ccca42","timestamp":30581}
{"data":{"curr_target_pos":"(0.0, 0.0)","curr_target_valid":false,"delta_target_dist":null,"initial_target_pos":"(685.7139, 493.0409)","velocity":"(674.1399, 188.5084)"},"hypothesisId":"P1","location":"scripts/battle/unit/projectile.gd","message":"projectile_delay_ended","runId":"aim-debug","sessionId":"ccca42","timestamp":30656}
{"data":{"attack_speed":1.0,"attack_type":0,"target_class":"CharacterBody2D","unit_id":"ally_warrior"},"hypothesisId":"H4","location":"scripts/battle/unit/unit_base.gd","message":"attack_start","runId":"aim-debug","sessionId":"ccca42","timestamp":30922}
{"data":{"attack_speed":0.8,"attack_type":1,"target_class":"CharacterBody2D","unit_id":"ally_mage"},"hypothesisId":"H4","location":"scripts/battle/unit/unit_base.gd","message":"attack_start","runId":"aim-debug","sessionId":"ccca42","timestamp":31356}
{"data":{"delay_applies":false,"initial_dir":"(-0.999985, 0.005505)","initial_target_pos":"(546.8882, 454.2214)","speed":700.0,"team":1,"unit_id":"ally_mage"},"hypothesisId":"P1","location":"scripts/battle/unit/projectile.gd","message":"projectile_ready_aimed","runId":"aim-debug","sessionId":"ccca42","timestamp":31356}
{"data":{"attack_speed":1.2,"attack_type":1,"target_class":"CharacterBody2D","unit_id":"ally_archer"},"hypothesisId":"H4","location":"scripts/battle/unit/unit_base.gd","message":"attack_start","runId":"aim-debug","sessionId":"ccca42","timestamp":31406}
{"data":{"delay_applies":true,"initial_dir":"(0.942037, 0.33551)","initial_target_pos":"(603.4762, 474.3754)","speed":700.0,"team":0,"unit_id":"ally_archer"},"hypothesisId":"P1","location":"scripts/battle/unit/projectile.gd","message":"projectile_ready_aimed","runId":"aim-debug","sessionId":"ccca42","timestamp":31407}
{"data":{"delay_s":1.75,"has_target_ref":true,"initial_target_pos":"(603.4762, 474.3754)"},"hypothesisId":"P1","location":"scripts/battle/unit/projectile.gd","message":"projectile_delay_started","runId":"aim-debug","sessionId":"ccca42","timestamp":31415}
{"data":{"curr_target_pos":"(603.4594, 474.2296)","curr_target_valid":true,"delta_target_dist":105.297294616699,"initial_target_pos":"(694.3033, 527.4733)","velocity":"(659.9398, 233.4085)"},"hypothesisId":"P1","location":"scripts/battle/unit/projectile.gd","message":"projectile_delay_ended","runId":"aim-debug","sessionId":"ccca42","timestamp":31492}
{"data":{"allies_mult":1.0,"current_health":80,"enemy_mult":1.0,"max_health_effective":80,"stats_health":80,"team":0,"unit_id":"ally_archer"},"hypothesisId":"H2","location":"scripts/battle/unit/unit_base.gd","message":"unit_health_emitted","runId":"aim-debug","sessionId":"ccca42","timestamp":31806}
{"data":{"attack_speed":1.2,"attack_type":1,"target_class":"CharacterBody2D","unit_id":"ally_archer"},"hypothesisId":"H4","location":"scripts/battle/unit/unit_base.gd","message":"attack_start","runId":"aim-debug","sessionId":"ccca42","timestamp":31806}
{"data":{"delay_applies":true,"initial_dir":"(0.86875, -0.495251)","initial_target_pos":"(603.6204, 473.9014)","speed":700.0,"team":0,"unit_id":"ally_archer"},"hypothesisId":"P1","location":"scripts/battle/unit/projectile.gd","message":"projectile_ready_aimed","runId":"aim-debug","sessionId":"ccca42","timestamp":31815}
{"data":{"delay_s":1.75,"has_target_ref":true,"initial_target_pos":"(603.6204, 473.9014)"},"hypothesisId":"P1","location":"scripts/battle/unit/projectile.gd","message":"projectile_delay_started","runId":"aim-debug","sessionId":"ccca42","timestamp":31823}
{"data":{"attack_speed":1.0,"attack_type":0,"target_class":"CharacterBody2D","unit_id":"ally_warrior"},"hypothesisId":"H4","location":"scripts/battle/unit/unit_base.gd","message":"attack_start","runId":"aim-debug","sessionId":"ccca42","timestamp":31922}
{"data":{"allies_mult":1.0,"current_health":200,"enemy_mult":1.0,"max_health_effective":200,"stats_health":200,"team":1,"unit_id":"enemy_warrior"},"hypothesisId":"H2","location":"scripts/battle/unit/unit_base.gd","message":"unit_health_emitted","runId":"aim-debug","sessionId":"ccca42","timestamp":32001}
{"data":{"allies_mult":1.0,"current_health":80,"enemy_mult":1.0,"max_health_effective":80,"stats_health":80,"team":0,"unit_id":"ally_archer"},"hypothesisId":"H2","location":"scripts/battle/unit/unit_base.gd","message":"unit_health_emitted","runId":"aim-debug","sessionId":"ccca42","timestamp":32240}
{"data":{"attack_speed":1.2,"attack_type":1,"target_class":"CharacterBody2D","unit_id":"ally_archer"},"hypothesisId":"H4","location":"scripts/battle/unit/unit_base.gd","message":"attack_start","runId":"aim-debug","sessionId":"ccca42","timestamp":32240}
{"data":{"delay_applies":true,"initial_dir":"(0.914869, -0.40375)","initial_target_pos":"(603.7816, 473.401)","speed":700.0,"team":0,"unit_id":"ally_archer"},"hypothesisId":"P1","location":"scripts/battle/unit/projectile.gd","message":"projectile_ready_aimed","runId":"aim-debug","sessionId":"ccca42","timestamp":32250}
{"data":{"delay_s":1.75,"has_target_ref":true,"initial_target_pos":"(603.7816, 473.401)"},"hypothesisId":"P1","location":"scripts/battle/unit/projectile.gd","message":"projectile_delay_started","runId":"aim-debug","sessionId":"ccca42","timestamp":32258}
{"data":{"curr_target_pos":"(603.8127, 473.3089)","curr_target_valid":true,"delta_target_dist":82.3941802978516,"initial_target_pos":"(674.5577, 515.5457)","velocity":"(663.6832, 222.5412)"},"hypothesisId":"P1","location":"scripts/battle/unit/projectile.gd","message":"projectile_delay_ended","runId":"aim-debug","sessionId":"ccca42","timestamp":32323}
{"data":{"attack_speed":0.8,"attack_type":1,"target_class":"CharacterBody2D","unit_id":"ally_mage"},"hypothesisId":"H4","location":"scripts/battle/unit/unit_base.gd","message":"attack_start","runId":"aim-debug","sessionId":"ccca42","timestamp":32605}
{"data":{"delay_applies":false,"initial_dir":"(-0.88531, 0.465002)","initial_target_pos":"(401.296, 589.2412)","speed":700.0,"team":1,"unit_id":"ally_mage"},"hypothesisId":"P1","location":"scripts/battle/unit/projectile.gd","message":"projectile_ready_aimed","runId":"aim-debug","sessionId":"ccca42","timestamp":32606}
{"data":{"attack_speed":1.2,"attack_type":1,"target_class":"CharacterBody2D","unit_id":"ally_archer"},"hypothesisId":"H4","location":"scripts/battle/unit/unit_base.gd","message":"attack_start","runId":"aim-debug","sessionId":"ccca42","timestamp":32639}
{"data":{"delay_applies":true,"initial_dir":"(0.867719, -0.497054)","initial_target_pos":"(594.9067, 478.3355)","speed":700.0,"team":0,"unit_id":"ally_archer"},"hypothesisId":"P1","location":"scripts/battle/unit/projectile.gd","message":"projectile_ready_aimed","runId":"aim-debug","sessionId":"ccca42","timestamp":32639}
{"data":{"delay_s":1.75,"has_target_ref":true,"initial_target_pos":"(594.9067, 478.3355)"},"hypothesisId":"P1","location":"scripts/battle/unit/projectile.gd","message":"projectile_delay_started","runId":"aim-debug","sessionId":"ccca42","timestamp":32648}
{"data":{"attack_speed":1.2,"attack_type":1,"target_class":"CharacterBody2D","unit_id":"ally_archer"},"hypothesisId":"H4","location":"scripts/battle/unit/unit_base.gd","message":"attack_start","runId":"aim-debug","sessionId":"ccca42","timestamp":33072}
{"data":{"delay_applies":true,"initial_dir":"(0.939943, -0.341332)","initial_target_pos":"(650.3231, 477.0205)","speed":700.0,"team":0,"unit_id":"ally_archer"},"hypothesisId":"P1","location":"scripts/battle/unit/projectile.gd","message":"projectile_ready_aimed","runId":"aim-debug","sessionId":"ccca42","timestamp":33073}
{"data":{"delay_s":1.75,"has_target_ref":true,"initial_target_pos":"(650.3231, 477.0205)"},"hypothesisId":"P1","location":"scripts/battle/unit/projectile.gd","message":"projectile_delay_started","runId":"aim-debug","sessionId":"ccca42","timestamp":33081}
{"data":{"attack_speed":1.2,"attack_type":1,"target_class":"CharacterBody2D","unit_id":"ally_archer"},"hypothesisId":"H4","location":"scripts/battle/unit/unit_base.gd","message":"attack_start","runId":"aim-debug","sessionId":"ccca42","timestamp":33472}
{"data":{"delay_applies":true,"initial_dir":"(0.911704, -0.410848)","initial_target_pos":"(613.8544, 493.4546)","speed":700.0,"team":0,"unit_id":"ally_archer"},"hypothesisId":"P1","location":"scripts/battle/unit/projectile.gd","message":"projectile_ready_aimed","runId":"aim-debug","sessionId":"ccca42","timestamp":33473}
{"data":{"delay_s":1.75,"has_target_ref":true,"initial_target_pos":"(613.8544, 493.4546)"},"hypothesisId":"P1","location":"scripts/battle/unit/projectile.gd","message":"projectile_delay_started","runId":"aim-debug","sessionId":"ccca42","timestamp":33482}
{"data":{"curr_target_pos":"(0.0, 0.0)","curr_target_valid":false,"delta_target_dist":null,"initial_target_pos":"(603.6204, 473.9014)","velocity":"(608.1248, -346.676)"},"hypothesisId":"P1","location":"scripts/battle/unit/projectile.gd","message":"projectile_delay_ended","runId":"aim-debug","sessionId":"ccca42","timestamp":33556}
{"data":{"attack_speed":0.8,"attack_type":1,"target_class":"CharacterBody2D","unit_id":"ally_mage"},"hypothesisId":"H4","location":"scripts/battle/unit/unit_base.gd","message":"attack_start","runId":"aim-debug","sessionId":"ccca42","timestamp":33856}
{"data":{"delay_applies":false,"initial_dir":"(-0.911704, 0.410848)","initial_target_pos":"(401.296, 589.2412)","speed":700.0,"team":1,"unit_id":"ally_mage"},"hypothesisId":"P1","location":"scripts/battle/unit/projectile.gd","message":"projectile_ready_aimed","runId":"aim-debug","sessionId":"ccca42","timestamp":33856}
{"data":{"attack_speed":1.2,"attack_type":1,"target_class":"CharacterBody2D","unit_id":"ally_archer"},"hypothesisId":"H4","location":"scripts/battle/unit/unit_base.gd","message":"attack_start","runId":"aim-debug","sessionId":"ccca42","timestamp":33905}
{"data":{"delay_applies":true,"initial_dir":"(0.948317, -0.317324)","initial_target_pos":"(574.3466, 511.2581)","speed":700.0,"team":0,"unit_id":"ally_archer"},"hypothesisId":"P1","location":"scripts/battle/unit/projectile.gd","message":"projectile_ready_aimed","runId":"aim-debug","sessionId":"ccca42","timestamp":33906}
{"data":{"delay_s":1.75,"has_target_ref":true,"initial_target_pos":"(574.3466, 511.2581)"},"hypothesisId":"P1","location":"scripts/battle/unit/projectile.gd","message":"projectile_delay_started","runId":"aim-debug","sessionId":"ccca42","timestamp":33915}
{"data":{"curr_target_pos":"(0.0, 0.0)","curr_target_valid":false,"delta_target_dist":null,"initial_target_pos":"(603.7816, 473.401)","velocity":"(640.4085, -282.6251)"},"hypothesisId":"P1","location":"scripts/battle/unit/projectile.gd","message":"projectile_delay_ended","runId":"aim-debug","sessionId":"ccca42","timestamp":33989}
{"data":{"attack_speed":1.2,"attack_type":1,"target_class":"CharacterBody2D","unit_id":"ally_archer"},"hypothesisId":"H4","location":"scripts/battle/unit/unit_base.gd","message":"attack_start","runId":"aim-debug","sessionId":"ccca42","timestamp":34305}
{"data":{"delay_applies":true,"initial_dir":"(0.911704, -0.410849)","initial_target_pos":"(543.9559, 524.9532)","speed":700.0,"team":0,"unit_id":"ally_archer"},"hypothesisId":"P1","location":"scripts/battle/unit/projectile.gd","message":"projectile_ready_aimed","runId":"aim-debug","sessionId":"ccca42","timestamp":34306}
{"data":{"delay_s":1.75,"has_target_ref":true,"initial_target_pos":"(543.9559, 524.9532)"},"hypothesisId":"P1","location":"scripts/battle/unit/projectile.gd","message":"projectile_delay_started","runId":"aim-debug","sessionId":"ccca42","timestamp":34315}
{"data":{"allies_mult":1.0,"current_health":80,"enemy_mult":1.0,"max_health_effective":80,"stats_health":80,"team":0,"unit_id":"ally_archer"},"hypothesisId":"H2","location":"scripts/battle/unit/unit_base.gd","message":"unit_health_emitted","runId":"aim-debug","sessionId":"ccca42","timestamp":34371}
{"data":{"attack_speed":1.2,"attack_type":1,"target_class":"CharacterBody2D","unit_id":"ally_archer"},"hypothesisId":"H4","location":"scripts/battle/unit/unit_base.gd","message":"attack_start","runId":"aim-debug","sessionId":"ccca42","timestamp":34372}
{"data":{"delay_applies":true,"initial_dir":"(0.693103, -0.720838)","initial_target_pos":"(543.9559, 524.9532)","speed":700.0,"team":0,"unit_id":"ally_archer"},"hypothesisId":"P1","location":"scripts/battle/unit/projectile.gd","message":"projectile_ready_aimed","runId":"aim-debug","sessionId":"ccca42","timestamp":34380}
{"data":{"delay_s":1.75,"has_target_ref":true,"initial_target_pos":"(543.9559, 524.9532)"},"hypothesisId":"P1","location":"scripts/battle/unit/projectile.gd","message":"projectile_delay_started","runId":"aim-debug","sessionId":"ccca42","timestamp":34387}
{"data":{"curr_target_pos":"(0.0, 0.0)","curr_target_valid":false,"delta_target_dist":null,"initial_target_pos":"(594.9067, 478.3355)","velocity":"(607.4036, -347.938)"},"hypothesisId":"P1","location":"scripts/battle/unit/projectile.gd","message":"projectile_delay_ended","runId":"aim-debug","sessionId":"ccca42","timestamp":34399}
{"data":{"attack_speed":1.2,"attack_type":1,"target_class":"CharacterBody2D","unit_id":"ally_archer"},"hypothesisId":"H4","location":"scripts/battle/unit/unit_base.gd","message":"attack_start","runId":"aim-debug","sessionId":"ccca42","timestamp":34739}
{"data":{"delay_applies":true,"initial_dir":"(0.989231, -0.146366)","initial_target_pos":"(638.5243, 545.2635)","speed":700.0,"team":0,"unit_id":"ally_archer"},"hypothesisId":"P1","location":"scripts/battle/unit/projectile.gd","message":"projectile_ready_aimed","runId":"aim-debug","sessionId":"ccca42","timestamp":34740}
{"data":{"delay_s":1.75,"has_target_ref":true,"initial_target_pos":"(638.5243, 545.2635)"},"hypothesisId":"P1","location":"scripts/battle/unit/projectile.gd","message":"projectile_delay_started","runId":"aim-debug","sessionId":"ccca42","timestamp":34749}
{"data":{"curr_target_pos":"(0.0, 0.0)","curr_target_valid":false,"delta_target_dist":null,"initial_target_pos":"(650.3231, 477.0205)","velocity":"(657.9598, -238.9327)"},"hypothesisId":"P1","location":"scripts/battle/unit/projectile.gd","message":"projectile_delay_ended","runId":"aim-debug","sessionId":"ccca42","timestamp":34823}
{"data":{"attack_speed":1.2,"attack_type":1,"target_class":"CharacterBody2D","unit_id":"ally_archer"},"hypothesisId":"H4","location":"scripts/battle/unit/unit_base.gd","message":"attack_start","runId":"aim-debug","sessionId":"ccca42","timestamp":35138}
{"data":{"delay_applies":true,"initial_dir":"(0.986479, -0.163886)","initial_target_pos":"(592.121, 557.5389)","speed":700.0,"team":0,"unit_id":"ally_archer"},"hypothesisId":"P1","location":"scripts/battle/unit/projectile.gd","message":"projectile_ready_aimed","runId":"aim-debug","sessionId":"ccca42","timestamp":35139}
{"data":{"delay_s":1.75,"has_target_ref":true,"initial_target_pos":"(592.121, 557.5389)"},"hypothesisId":"P1","location":"scripts/battle/unit/projectile.gd","message":"projectile_delay_started","runId":"aim-debug","sessionId":"ccca42","timestamp":35148}
{"data":{"attack_speed":1.2,"attack_type":1,"target_class":"CharacterBody2D","unit_id":"ally_archer"},"hypothesisId":"H4","location":"scripts/battle/unit/unit_base.gd","message":"attack_start","runId":"aim-debug","sessionId":"ccca42","timestamp":35205}
{"data":{"delay_applies":true,"initial_dir":"(0.96675, -0.255724)","initial_target_pos":"(584.3871, 559.5848)","speed":700.0,"team":0,"unit_id":"ally_archer"},"hypothesisId":"P1","location":"scripts/battle/unit/projectile.gd","message":"projectile_ready_aimed","runId":"aim-debug","sessionId":"ccca42","timestamp":35206}
{"data":{"delay_s":1.75,"has_target_ref":true,"initial_target_pos":"(584.3871, 559.5848)"},"hypothesisId":"P1","location":"scripts/battle/unit/projectile.gd","message":"projectile_delay_started","runId":"aim-debug","sessionId":"ccca42","timestamp":35214}
{"data":{"curr_target_pos":"(0.0, 0.0)","curr_target_valid":false,"delta_target_dist":null,"initial_target_pos":"(613.8544, 493.4546)","velocity":"(638.1929, -287.5933)"},"hypothesisId":"P1","location":"scripts/battle/unit/projectile.gd","message":"projectile_delay_ended","runId":"aim-debug","sessionId":"ccca42","timestamp":35229}
{"data":{"attack_speed":1.0,"attack_type":0,"target_class":"CharacterBody2D","unit_id":"enemy_warrior"},"hypothesisId":"H4","location":"scripts/battle/unit/unit_base.gd","message":"attack_start","runId":"aim-debug","sessionId":"ccca42","timestamp":35239}
{"data":{"attack_speed":1.2,"attack_type":1,"target_class":"CharacterBody2D","unit_id":"ally_archer"},"hypothesisId":"H4","location":"scripts/battle/unit/unit_base.gd","message":"attack_start","runId":"aim-debug","sessionId":"ccca42","timestamp":35572}
{"data":{"delay_applies":true,"initial_dir":"(0.995871, -0.090781)","initial_target_pos":"(543.6858, 570.7918)","speed":700.0,"team":0,"unit_id":"ally_archer"},"hypothesisId":"P1","location":"scripts/battle/unit/projectile.gd","message":"projectile_ready_aimed","runId":"aim-debug","sessionId":"ccca42","timestamp":35573}
{"data":{"delay_s":1.75,"has_target_ref":true,"initial_target_pos":"(543.6858, 570.7918)"},"hypothesisId":"P1","location":"scripts/battle/unit/projectile.gd","message":"projectile_delay_started","runId":"aim-debug","sessionId":"ccca42","timestamp":35582}
{"data":{"curr_target_pos":"(0.0, 0.0)","curr_target_valid":false,"delta_target_dist":null,"initial_target_pos":"(574.3466, 511.2581)","velocity":"(663.822, -222.1271)"},"hypothesisId":"P1","location":"scripts/battle/unit/projectile.gd","message":"projectile_delay_ended","runId":"aim-debug","sessionId":"ccca42","timestamp":35656}
{"data":{"attack_speed":1.2,"attack_type":1,"target_class":"CharacterBody2D","unit_id":"ally_archer"},"hypothesisId":"H4","location":"scripts/battle/unit/unit_base.gd","message":"attack_start","runId":"aim-debug","sessionId":"ccca42","timestamp":35972}
{"data":{"delay_applies":true,"initial_dir":"(0.997351, -0.072734)","initial_target_pos":"(545.1664, 578.7491)","speed":700.0,"team":0,"unit_id":"ally_archer"},"hypothesisId":"P1","location":"scripts/battle/unit/projectile.gd","message":"projectile_ready_aimed","runId":"aim-debug","sessionId":"ccca42","timestamp":35973}
{"data":{"delay_s":1.75,"has_target_ref":true,"initial_target_pos":"(545.1664, 578.7491)"},"hypothesisId":"P1","location":"scripts/battle/unit/projectile.gd","message":"projectile_delay_started","runId":"aim-debug","sessionId":"ccca42","timestamp":35982}
{"data":{"attack_speed":1.2,"attack_type":1,"target_class":"CharacterBody2D","unit_id":"ally_archer"},"hypothesisId":"H4","location":"scripts/battle/unit/unit_base.gd","message":"attack_start","runId":"aim-debug","sessionId":"ccca42","timestamp":36039}
{"data":{"delay_applies":true,"initial_dir":"(0.994757, -0.102262)","initial_target_pos":"(545.2596, 579.5977)","speed":700.0,"team":0,"unit_id":"ally_archer"},"hypothesisId":"P1","location":"scripts/battle/unit/projectile.gd","message":"projectile_ready_aimed","runId":"aim-debug","sessionId":"ccca42","timestamp":36040}
{"data":{"delay_s":1.75,"has_target_ref":true,"initial_target_pos":"(545.2596, 579.5977)"},"hypothesisId":"P1","location":"scripts/battle/unit/projectile.gd","message":"projectile_delay_started","runId":"aim-debug","sessionId":"ccca42","timestamp":36049}
{"data":{"curr_target_pos":"(0.0, 0.0)","curr_target_valid":false,"delta_target_dist":null,"initial_target_pos":"(543.9559, 524.9532)","velocity":"(638.1925, -287.594)"},"hypothesisId":"P1","location":"scripts/battle/unit/projectile.gd","message":"projectile_delay_ended","runId":"aim-debug","sessionId":"ccca42","timestamp":36062}
{"data":{"curr_target_pos":"(0.0, 0.0)","curr_target_valid":false,"delta_target_dist":null,"initial_target_pos":"(543.9559, 524.9532)","velocity":"(485.1722, -504.5869)"},"hypothesisId":"P1","location":"scripts/battle/unit/projectile.gd","message":"projectile_delay_ended","runId":"aim-debug","sessionId":"ccca42","timestamp":36123}
{"data":{"attack_speed":1.0,"attack_type":0,"target_class":"CharacterBody2D","unit_id":"enemy_warrior"},"hypothesisId":"H4","location":"scripts/battle/unit/unit_base.gd","message":"attack_start","runId":"aim-debug","sessionId":"ccca42","timestamp":36239}
{"data":{"attack_speed":1.2,"attack_type":1,"target_class":"CharacterBody2D","unit_id":"ally_archer"},"hypothesisId":"H4","location":"scripts/battle/unit/unit_base.gd","message":"attack_start","runId":"aim-debug","sessionId":"ccca42","timestamp":36406}
{"data":{"delay_applies":true,"initial_dir":"(0.999494, -0.031821)","initial_target_pos":"(545.4993, 582.7399)","speed":700.0,"team":0,"unit_id":"ally_archer"},"hypothesisId":"P1","location":"scripts/battle/unit/projectile.gd","message":"projectile_ready_aimed","runId":"aim-debug","sessionId":"ccca42","timestamp":36406}
{"data":{"delay_s":1.75,"has_target_ref":true,"initial_target_pos":"(545.4993, 582.7399)"},"hypothesisId":"P1","location":"scripts/battle/unit/projectile.gd","message":"projectile_delay_started","runId":"aim-debug","sessionId":"ccca42","timestamp":36415}
{"data":{"curr_target_pos":"(545.5237, 583.2743)","curr_target_valid":true,"delta_target_dist":100.468551635742,"initial_target_pos":"(638.5243, 545.2635)","velocity":"(699.7014, -20.44316)"},"hypothesisId":"P1","location":"scripts/battle/unit/projectile.gd","message":"projectile_delay_ended","runId":"aim-debug","sessionId":"ccca42","timestamp":36491}
{"data":{"attack_speed":1.2,"attack_type":1,"target_class":"CharacterBody2D","unit_id":"ally_archer"},"hypothesisId":"H4","location":"scripts/battle/unit/unit_base.gd","message":"attack_start","runId":"aim-debug","sessionId":"ccca42","timestamp":36805}
{"data":{"delay_applies":true,"initial_dir":"(0.999431, -0.033734)","initial_target_pos":"(545.5586, 584.3719)","speed":700.0,"team":0,"unit_id":"ally_archer"},"hypothesisId":"P1","location":"scripts/battle/unit/projectile.gd","message":"projectile_ready_aimed","runId":"aim-debug","sessionId":"ccca42","timestamp":36806}
{"data":{"delay_s":1.75,"has_target_ref":true,"initial_target_pos":"(545.5586, 584.3719)"},"hypothesisId":"P1","location":"scripts/battle/unit/projectile.gd","message":"projectile_delay_started","runId":"aim-debug","sessionId":"ccca42","timestamp":36815}
{"data":{"allies_mult":1.0,"current_health":80,"enemy_mult":1.0,"max_health_effective":80,"stats_health":80,"team":1,"unit_id":"ally_archer"},"hypothesisId":"H2","location":"scripts/battle/unit/unit_base.gd","message":"unit_health_emitted","runId":"aim-debug","sessionId":"ccca42","timestamp":36867}
{"data":{"attack_speed":1.2,"attack_type":1,"target_class":"CharacterBody2D","unit_id":"ally_archer"},"hypothesisId":"H4","location":"scripts/battle/unit/unit_base.gd","message":"attack_start","runId":"aim-debug","sessionId":"ccca42","timestamp":36872}
{"data":{"delay_applies":true,"initial_dir":"(0.9998, -0.019986)","initial_target_pos":"(545.5621, 584.5398)","speed":700.0,"team":0,"unit_id":"ally_archer"},"hypothesisId":"P1","location":"scripts/battle/unit/projectile.gd","message":"projectile_ready_aimed","runId":"aim-debug","sessionId":"ccca42","timestamp":36877}
{"data":{"delay_s":1.75,"has_target_ref":true,"initial_target_pos":"(545.5621, 584.5398)"},"hypothesisId":"P1","location":"scripts/battle/unit/projectile.gd","message":"projectile_delay_started","runId":"aim-debug","sessionId":"ccca42","timestamp":36885}
{"data":{"curr_target_pos":"(545.5636, 584.6159)","curr_target_valid":true,"delta_target_dist":53.8586196899414,"initial_target_pos":"(592.121, 557.5389)","velocity":"(699.6405, -22.43089)"},"hypothesisId":"P1","location":"scripts/battle/unit/projectile.gd","message":"projectile_delay_ended","runId":"aim-debug","sessionId":"ccca42","timestamp":36897}
{"data":{"curr_target_pos":"(545.566, 584.7539)","curr_target_valid":true,"delta_target_dist":46.2661361694336,"initial_target_pos":"(584.3871, 559.5848)","velocity":"(699.9056, -11.49514)"},"hypothesisId":"P1","location":"scripts/battle/unit/projectile.gd","message":"projectile_delay_ended","runId":"aim-debug","sessionId":"ccca42","timestamp":36957}
{"data":{"attack_speed":1.2,"attack_type":1,"target_class":"CharacterBody2D","unit_id":"ally_archer"},"hypothesisId":"H4","location":"scripts/battle/unit/unit_base.gd","message":"attack_start","runId":"aim-debug","sessionId":"ccca42","timestamp":37239}
{"data":{"delay_applies":true,"initial_dir":"(0.9998, -0.019994)","initial_target_pos":"(545.5713, 585.1562)","speed":700.0,"team":0,"unit_id":"ally_archer"},"hypothesisId":"P1","location":"scripts/battle/unit/projectile.gd","message":"projectile_ready_aimed","runId":"aim-debug","sessionId":"ccca42","timestamp":37239}
{"data":{"attack_speed":1.0,"attack_type":0,"target_class":"CharacterBody2D","unit_id":"enemy_warrior"},"hypothesisId":"H4","location":"scripts/battle/unit/unit_base.gd","message":"attack_start","runId":"aim-debug","sessionId":"ccca42","timestamp":37248}
{"data":{"delay_s":1.75,"has_target_ref":true,"initial_target_pos":"(545.5713, 585.1562)"},"hypothesisId":"P1","location":"scripts/battle/unit/projectile.gd","message":"projectile_delay_started","runId":"aim-debug","sessionId":"ccca42","timestamp":37256}
{"data":{"curr_target_pos":"(545.5722, 585.2606)","curr_target_valid":true,"delta_target_dist":14.5912666320801,"initial_target_pos":"(543.6858, 570.7918)","velocity":"(699.8671, -13.63782)"},"hypothesisId":"P1","location":"scripts/battle/unit/projectile.gd","message":"projectile_delay_ended","runId":"aim-debug","sessionId":"ccca42","timestamp":37324}
{"data":{"attack_speed":1.2,"attack_type":1,"target_class":"CharacterBody2D","unit_id":"ally_archer"},"hypothesisId":"H4","location":"scripts/battle/unit/unit_base.gd","message":"attack_start","runId":"aim-debug","sessionId":"ccca42","timestamp":37639}
{"data":{"delay_applies":true,"initial_dir":"(0.999659, -0.026099)","initial_target_pos":"(545.5736, 585.4744)","speed":700.0,"team":0,"unit_id":"ally_archer"},"hypothesisId":"P1","location":"scripts/battle/unit/projectile.gd","message":"projectile_ready_aimed","runId":"aim-debug","sessionId":"ccca42","timestamp":37639}
{"data":{"delay_s":1.75,"has_target_ref":true,"initial_target_pos":"(545.5736, 585.4744)"},"hypothesisId":"P1","location":"scripts/battle/unit/projectile.gd","message":"projectile_delay_started","runId":"aim-debug","sessionId":"ccca42","timestamp":37649}
{"data":{"curr_target_pos":"(545.5738, 585.5221)","curr_target_valid":true,"delta_target_dist":6.78525257110596,"initial_target_pos":"(545.1664, 578.7491)","velocity":"(699.7676, -18.03824)"},"hypothesisId":"P1","location":"scripts/battle/unit/projectile.gd","message":"projectile_delay_ended","runId":"aim-debug","sessionId":"ccca42","timestamp":37724}
{"data":{"curr_target_pos":"(537.5765, 585.7281)","curr_target_valid":true,"delta_target_dist":9.82915592193604,"initial_target_pos":"(545.2596, 579.5977)","velocity":"(700.0, -0.163288)"},"hypothesisId":"P1","location":"scripts/battle/unit/projectile.gd","message":"projectile_delay_ended","runId":"aim-debug","sessionId":"ccca42","timestamp":37790}
{"data":{"allies_mult":1.0,"current_health":80,"enemy_mult":1.0,"max_health_effective":80,"stats_health":80,"team":0,"unit_id":"ally_archer"},"hypothesisId":"H2","location":"scripts/battle/unit/unit_base.gd","message":"unit_health_emitted","runId":"aim-debug","sessionId":"ccca42","timestamp":38061}
{"data":{"attack_speed":1.2,"attack_type":1,"target_class":"CharacterBody2D","unit_id":"ally_archer"},"hypothesisId":"H4","location":"scripts/battle/unit/unit_base.gd","message":"attack_start","runId":"aim-debug","sessionId":"ccca42","timestamp":38062}
{"data":{"delay_applies":true,"initial_dir":"(0.877835, 0.478964)","initial_target_pos":"(507.5865, 586.501)","speed":700.0,"team":0,"unit_id":"ally_archer"},"hypothesisId":"P1","location":"scripts/battle/unit/projectile.gd","message":"projectile_ready_aimed","runId":"aim-debug","sessionId":"ccca42","timestamp":38071}
{"data":{"delay_s":1.75,"has_target_ref":true,"initial_target_pos":"(507.5865, 586.501)"},"hypothesisId":"P1","location":"scripts/battle/unit/projectile.gd","message":"projectile_delay_started","runId":"aim-debug","sessionId":"ccca42","timestamp":38080}
{"data":{"attack_speed":1.2,"attack_type":1,"target_class":"CharacterBody2D","unit_id":"ally_archer"},"hypothesisId":"H4","location":"scripts/battle/unit/unit_base.gd","message":"attack_start","runId":"aim-debug","sessionId":"ccca42","timestamp":38090}
{"data":{"delay_applies":true,"initial_dir":"(0.999866, -0.016363)","initial_target_pos":"(505.5872, 586.5525)","speed":700.0,"team":0,"unit_id":"ally_archer"},"hypothesisId":"P1","location":"scripts/battle/unit/projectile.gd","message":"projectile_ready_aimed","runId":"aim-debug","sessionId":"ccca42","timestamp":38097}
{"data":{"delay_s":1.75,"has_target_ref":true,"initial_target_pos":"(505.5872, 586.5525)"},"hypothesisId":"P1","location":"scripts/battle/unit/projectile.gd","message":"projectile_delay_started","runId":"aim-debug","sessionId":"ccca42","timestamp":38106}
{"data":{"curr_target_pos":"(493.5912, 586.8618)","curr_target_valid":true,"delta_target_dist":52.071418762207,"initial_target_pos":"(545.4993, 582.7399)","velocity":"(699.9146, -10.93543)"},"hypothesisId":"P1","location":"scripts/battle/unit/projectile.gd","message":"projectile_delay_ended","runId":"aim-debug","sessionId":"ccca42","timestamp":38157}
{"data":{"attack_speed":1.0,"attack_type":0,"target_class":"CharacterBody2D","unit_id":"enemy_warrior"},"hypothesisId":"H4","location":"scripts/battle/unit/unit_base.gd","message":"attack_start","runId":"aim-debug","sessionId":"ccca42","timestamp":38239}
{"data":{"curr_target_pos":"(461.3506, 588.0444)","curr_target_valid":true,"delta_target_dist":84.2880249023438,"initial_target_pos":"(545.5586, 584.3719)","velocity":"(699.861, -13.94765)"},"hypothesisId":"P1","location":"scripts/battle/unit/projectile.gd","message":"projectile_delay_ended","runId":"aim-debug","sessionId":"ccca42","timestamp":38561}
{"data":{"attack_speed":1.2,"attack_type":1,"target_class":"CharacterBody2D","unit_id":"ally_archer"},"hypothesisId":"H4","location":"scripts/battle/unit/unit_base.gd","message":"attack_start","runId":"aim-debug","sessionId":"ccca42","timestamp":38891}
{"data":{"delay_applies":true,"initial_dir":"(0.78757, 0.616225)","initial_target_pos":"(461.3514, 588.0829)","speed":700.0,"team":0,"unit_id":"ally_archer"},"hypothesisId":"P1","location":"scripts/battle/unit/projectile.gd","message":"projectile_ready_aimed","runId":"aim-debug","sessionId":"ccca42","timestamp":38891}
{"data":{"delay_s":1.75,"has_target_ref":true,"initial_target_pos":"(461.3514, 588.0829)"},"hypothesisId":"P1","location":"scripts/battle/unit/projectile.gd","message":"projectile_delay_started","runId":"aim-debug","sessionId":"ccca42","timestamp":38899}
{"data":{"attack_speed":1.2,"attack_type":1,"target_class":"CharacterBody2D","unit_id":"ally_archer"},"hypothesisId":"H4","location":"scripts/battle/unit/unit_base.gd","message":"attack_start","runId":"aim-debug","sessionId":"ccca42","timestamp":38914}
{"data":{"delay_applies":true,"initial_dir":"(0.999954, -0.009647)","initial_target_pos":"(461.3514, 588.0829)","speed":700.0,"team":0,"unit_id":"ally_archer"},"hypothesisId":"P1","location":"scripts/battle/unit/projectile.gd","message":"projectile_ready_aimed","runId":"aim-debug","sessionId":"ccca42","timestamp":38917}
{"data":{"delay_s":1.75,"has_target_ref":true,"initial_target_pos":"(461.3514, 588.0829)"},"hypothesisId":"P1","location":"scripts/battle/unit/projectile.gd","message":"projectile_delay_started","runId":"aim-debug","sessionId":"ccca42","timestamp":38925}
{"data":{"curr_target_pos":"(461.3514, 588.0829)","curr_target_valid":true,"delta_target_dist":84.270751953125,"initial_target_pos":"(545.5713, 585.1562)","velocity":"(699.9675, -6.753101)"},"hypothesisId":"P1","location":"scripts/battle/unit/projectile.gd","message":"projectile_delay_ended","runId":"aim-debug","sessionId":"ccca42","timestamp":38990}
{"data":{"curr_target_pos":"(0.0, 0.0)","curr_target_valid":false,"delta_target_dist":null,"initial_target_pos":"(545.5736, 585.4744)","velocity":"(699.7615, -18.2693)"},"hypothesisId":"P1","location":"scripts/battle/unit/projectile.gd","message":"projectile_delay_ended","runId":"aim-debug","sessionId":"ccca42","timestamp":39391}
{"data":{"attack_speed":1.2,"attack_type":1,"target_class":"CharacterBody2D","unit_id":"ally_archer"},"hypothesisId":"H4","location":"scripts/battle/unit/unit_base.gd","message":"attack_start","runId":"aim-debug","sessionId":"ccca42","timestamp":39688}
{"data":{"delay_applies":false,"initial_dir":"(-0.379266, 0.925288)","initial_target_pos":"(422.5968, 478.3994)","speed":700.0,"team":1,"unit_id":"ally_archer"},"hypothesisId":"P1","location":"scripts/battle/unit/projectile.gd","message":"projectile_ready_aimed","runId":"aim-debug","sessionId":"ccca42","timestamp":39689}
{"data":{"attack_speed":1.2,"attack_type":1,"target_class":"CharacterBody2D","unit_id":"ally_archer"},"hypothesisId":"H4","location":"scripts/battle/unit/unit_base.gd","message":"attack_start","runId":"aim-debug","sessionId":"ccca42","timestamp":39729}
{"data":{"delay_applies":true,"initial_dir":"(0.379266, -0.925288)","initial_target_pos":"(553.1509, 159.8893)","speed":700.0,"team":0,"unit_id":"ally_archer"},"hypothesisId":"P1","location":"scripts/battle/unit/projectile.gd","message":"projectile_ready_aimed","runId":"aim-debug","sessionId":"ccca42","timestamp":39730}
{"data":{"delay_s":1.75,"has_target_ref":true,"initial_target_pos":"(553.1509, 159.8893)"},"hypothesisId":"P1","location":"scripts/battle/unit/projectile.gd","message":"projectile_delay_started","runId":"aim-debug","sessionId":"ccca42","timestamp":39737}
{"data":{"curr_target_pos":"(0.0, 0.0)","curr_target_valid":false,"delta_target_dist":null,"initial_target_pos":"(507.5865, 586.501)","velocity":"(614.4842, 335.2747)"},"hypothesisId":"P1","location":"scripts/battle/unit/projectile.gd","message":"projectile_delay_ended","runId":"aim-debug","sessionId":"ccca42","timestamp":39800}
{"data":{"curr_target_pos":"(0.0, 0.0)","curr_target_valid":false,"delta_target_dist":null,"initial_target_pos":"(505.5872, 586.5525)","velocity":"(699.9063, -11.45436)"},"hypothesisId":"P1","location":"scripts/battle/unit/projectile.gd","message":"projectile_delay_ended","runId":"aim-debug","sessionId":"ccca42","timestamp":39829}
{"data":{"attack_speed":1.2,"attack_type":1,"target_class":"CharacterBody2D","unit_id":"ally_archer"},"hypothesisId":"H4","location":"scripts/battle/unit/unit_base.gd","message":"attack_start","runId":"aim-debug","sessionId":"ccca42","timestamp":40090}
{"data":{"delay_applies":true,"initial_dir":"(0.184621, -0.98281)","initial_target_pos":"(532.291, 210.7801)","speed":700.0,"team":0,"unit_id":"ally_archer"},"hypothesisId":"P1","location":"scripts/battle/unit/projectile.gd","message":"projectile_ready_aimed","runId":"aim-debug","sessionId":"ccca42","timestamp":40090}
{"data":{"delay_s":1.75,"has_target_ref":true,"initial_target_pos":"(532.291, 210.7801)"},"hypothesisId":"P1","location":"scripts/battle/unit/projectile.gd","message":"projectile_delay_started","runId":"aim-debug","sessionId":"ccca42","timestamp":40099}
{"data":{"attack_speed":1.2,"attack_type":1,"target_class":"CharacterBody2D","unit_id":"ally_archer"},"hypothesisId":"H4","location":"scripts/battle/unit/unit_base.gd","message":"attack_start","runId":"aim-debug","sessionId":"ccca42","timestamp":40522}
{"data":{"delay_applies":false,"initial_dir":"(-0.379264, 0.925289)","initial_target_pos":"(422.5968, 478.3994)","speed":700.0,"team":1,"unit_id":"ally_archer"},"hypothesisId":"P1","location":"scripts/battle/unit/projectile.gd","message":"projectile_ready_aimed","runId":"aim-debug","sessionId":"ccca42","timestamp":40522}
{"data":{"attack_speed":1.2,"attack_type":1,"target_class":"CharacterBody2D","unit_id":"ally_archer"},"hypothesisId":"H4","location":"scripts/battle/unit/unit_base.gd","message":"attack_start","runId":"aim-debug","sessionId":"ccca42","timestamp":40555}
{"data":{"delay_applies":true,"initial_dir":"(0.379264, -0.925288)","initial_target_pos":"(505.7421, 275.5503)","speed":700.0,"team":0,"unit_id":"ally_archer"},"hypothesisId":"P1","location":"scripts/battle/unit/projectile.gd","message":"projectile_ready_aimed","runId":"aim-debug","sessionId":"ccca42","timestamp":40556}
{"data":{"delay_s":1.75,"has_target_ref":true,"initial_target_pos":"(505.7421, 275.5503)"},"hypothesisId":"P1","location":"scripts/battle/unit/projectile.gd","message":"projectile_delay_started","runId":"aim-debug","sessionId":"ccca42","timestamp":40565}
{"data":{"curr_target_pos":"(0.0, 0.0)","curr_target_valid":false,"delta_target_dist":null,"initial_target_pos":"(461.3514, 588.0829)","velocity":"(551.2993, 431.3573)"},"hypothesisId":"P1","location":"scripts/battle/unit/projectile.gd","message":"projectile_delay_ended","runId":"aim-debug","sessionId":"ccca42","timestamp":40639}
{"data":{"curr_target_pos":"(0.0, 0.0)","curr_target_valid":false,"delta_target_dist":null,"initial_target_pos":"(461.3514, 588.0829)","velocity":"(699.9675, -6.753101)"},"hypothesisId":"P1","location":"scripts/battle/unit/projectile.gd","message":"projectile_delay_ended","runId":"aim-debug","sessionId":"ccca42","timestamp":40659}
{"data":{"allies_mult":1.0,"current_health":60,"enemy_mult":1.0,"max_health_effective":60,"stats_health":60,"team":1,"unit_id":"ally_mage"},"hypothesisId":"H2","location":"scripts/battle/unit/unit_base.gd","message":"unit_health_emitted","runId":"aim-debug","sessionId":"ccca42","timestamp":40754}
{"data":{"attack_speed":1.2,"attack_type":1,"target_class":"CharacterBody2D","unit_id":"ally_archer"},"hypothesisId":"H4","location":"scripts/battle/unit/unit_base.gd","message":"attack_start","runId":"aim-debug","sessionId":"ccca42","timestamp":40922}
{"data":{"delay_applies":true,"initial_dir":"(0.072942, -0.997336)","initial_target_pos":"(484.8828, 326.4414)","speed":700.0,"team":0,"unit_id":"ally_archer"},"hypothesisId":"P1","location":"scripts/battle/unit/projectile.gd","message":"projectile_ready_aimed","runId":"aim-debug","sessionId":"ccca42","timestamp":40923}
{"data":{"delay_s":1.75,"has_target_ref":true,"initial_target_pos":"(484.8828, 326.4414)"},"hypothesisId":"P1","location":"scripts/battle/unit/projectile.gd","message":"projectile_delay_started","runId":"aim-debug","sessionId":"ccca42","timestamp":40933}
{"data":{"attack_speed":1.2,"attack_type":1,"target_class":"CharacterBody2D","unit_id":"ally_archer"},"hypothesisId":"H4","location":"scripts/battle/unit/unit_base.gd","message":"attack_start","runId":"aim-debug","sessionId":"ccca42","timestamp":41355}
{"data":{"delay_applies":false,"initial_dir":"(-0.379266, 0.925288)","initial_target_pos":"(422.5968, 478.3994)","speed":700.0,"team":1,"unit_id":"ally_archer"},"hypothesisId":"P1","location":"scripts/battle/unit/projectile.gd","message":"projectile_ready_aimed","runId":"aim-debug","sessionId":"ccca42","timestamp":41356}
{"data":{"attack_speed":1.2,"attack_type":1,"target_class":"CharacterBody2D","unit_id":"ally_archer"},"hypothesisId":"H4","location":"scripts/battle/unit/unit_base.gd","message":"attack_start","runId":"aim-debug","sessionId":"ccca42","timestamp":41389}
{"data":{"delay_applies":true,"initial_dir":"(0.379266, -0.925288)","initial_target_pos":"(458.3341, 391.2119)","speed":700.0,"team":0,"unit_id":"ally_archer"},"hypothesisId":"P1","location":"scripts/battle/unit/projectile.gd","message":"projectile_ready_aimed","runId":"aim-debug","sessionId":"ccca42","timestamp":41389}
{"data":{"delay_s":1.75,"has_target_ref":true,"initial_target_pos":"(458.3341, 391.2119)"},"hypothesisId":"P1","location":"scripts/battle/unit/projectile.gd","message":"projectile_delay_started","runId":"aim-debug","sessionId":"ccca42","timestamp":41398}
{"data":{"curr_target_pos":"(452.6451, 405.0913)","curr_target_valid":true,"delta_target_dist":265.000854492188,"initial_target_pos":"(553.1509, 159.8893)","velocity":"(265.4865, -647.7012)"},"hypothesisId":"P1","location":"scripts/battle/unit/projectile.gd","message":"projectile_delay_ended","runId":"aim-debug","sessionId":"ccca42","timestamp":41474}
{"data":{"attack_speed":1.2,"attack_type":1,"target_class":"CharacterBody2D","unit_id":"ally_archer"},"hypothesisId":"H4","location":"scripts/battle/unit/unit_base.gd","message":"attack_start","runId":"aim-debug","sessionId":"ccca42","timestamp":41755}
{"data":{"delay_applies":true,"initial_dir":"(-0.178799, -0.983886)","initial_target_pos":"(445.3514, 422.8813)","speed":700.0,"team":0,"unit_id":"ally_archer"},"hypothesisId":"P1","location":"scripts/battle/unit/projectile.gd","message":"projectile_ready_aimed","runId":"aim-debug","sessionId":"ccca42","timestamp":41756}
{"data":{"delay_s":1.75,"has_target_ref":true,"initial_target_pos":"(445.3514, 422.8813)"},"hypothesisId":"P1","location":"scripts/battle/unit/projectile.gd","message":"projectile_delay_started","runId":"aim-debug","sessionId":"ccca42","timestamp":41764}
{"data":{"curr_target_pos":"(445.3749, 422.8197)","curr_target_valid":true,"delta_target_dist":229.161926269531,"initial_target_pos":"(532.291, 210.7801)","velocity":"(-124.9779, -688.7529)"},"hypothesisId":"P1","location":"scripts/battle/unit/projectile.gd","message":"projectile_delay_ended","runId":"aim-debug","sessionId":"ccca42","timestamp":41840}
{"data":{"attack_speed":1.2,"attack_type":1,"target_class":"CharacterBody2D","unit_id":"ally_archer"},"hypothesisId":"H4","location":"scripts/battle/unit/unit_base.gd","message":"attack_start","runId":"aim-debug","sessionId":"ccca42","timestamp":42189}
{"data":{"delay_applies":false,"initial_dir":"(-0.379213, 0.92531)","initial_target_pos":"(422.5968, 478.3994)","speed":700.0,"team":1,"unit_id":"ally_archer"},"hypothesisId":"P1","location":"scripts/battle/unit/projectile.gd","message":"projectile_ready_aimed","runId":"aim-debug","sessionId":"ccca42","timestamp":42189}
{"data":{"curr_target_pos":"(445.3518, 422.8754)","curr_target_valid":true,"delta_target_dist":159.222076416016,"initial_target_pos":"(505.7421, 275.5503)","velocity":"(265.4488, -647.7167)"},"hypothesisId":"P1","location":"scripts/battle/unit/projectile.gd","message":"projectile_delay_ended","runId":"aim-debug","sessionId":"ccca42","timestamp":42307}
{"data":{"attack_speed":1.2,"attack_type":1,"target_class":"CharacterBody2D","unit_id":"ally_archer"},"hypothesisId":"H4","location":"scripts/battle/unit/unit_base.gd","message":"attack_start","runId":"aim-debug","sessionId":"ccca42","timestamp":42589}
{"data":{"delay_applies":true,"initial_dir":"(-0.178788, -0.983888)","initial_target_pos":"(445.3518, 422.8754)","speed":700.0,"team":0,"unit_id":"ally_archer"},"hypothesisId":"P1","location":"scripts/battle/unit/projectile.gd","message":"projectile_ready_aimed","runId":"aim-debug","sessionId":"ccca42","timestamp":42590}
{"data":{"delay_s":1.75,"has_target_ref":true,"initial_target_pos":"(445.3518, 422.8754)"},"hypothesisId":"P1","location":"scripts/battle/unit/projectile.gd","message":"projectile_delay_started","runId":"aim-debug","sessionId":"ccca42","timestamp":42599}
{"data":{"curr_target_pos":"(445.3518, 422.8754)","curr_target_valid":true,"delta_target_dist":104.221939086914,"initial_target_pos":"(484.8828, 326.4414)","velocity":"(-125.1517, -688.7213)"},"hypothesisId":"P1","location":"scripts/battle/unit/projectile.gd","message":"projectile_delay_ended","runId":"aim-debug","sessionId":"ccca42","timestamp":42673}
{"data":{"attack_speed":0.8,"attack_type":1,"target_class":"CharacterBody2D","unit_id":"ally_mage"},"hypothesisId":"H4","location":"scripts/battle/unit/unit_base.gd","message":"attack_start","runId":"aim-debug","sessionId":"ccca42","timestamp":42739}
{"data":{"delay_applies":false,"initial_dir":"(-0.999255, 0.03858)","initial_target_pos":"(468.5095, 550.3145)","speed":700.0,"team":1,"unit_id":"ally_mage"},"hypothesisId":"P1","location":"scripts/battle/unit/projectile.gd","message":"projectile_ready_aimed","runId":"aim-debug","sessionId":"ccca42","timestamp":42739}
{"data":{"attack_speed":1.2,"attack_type":1,"target_class":"CharacterBody2D","unit_id":"ally_archer"},"hypothesisId":"H4","location":"scripts/battle/unit/unit_base.gd","message":"attack_start","runId":"aim-debug","sessionId":"ccca42","timestamp":43423}
{"data":{"delay_applies":true,"initial_dir":"(0.999256, -0.03858)","initial_target_pos":"(698.4537, 541.4365)","speed":700.0,"team":0,"unit_id":"ally_archer"},"hypothesisId":"P1","location":"scripts/battle/unit/projectile.gd","message":"projectile_ready_aimed","runId":"aim-debug","sessionId":"ccca42","timestamp":43423}
{"data":{"delay_s":1.75,"has_target_ref":true,"initial_target_pos":"(698.4537, 541.4365)"},"hypothesisId":"P1","location":"scripts/battle/unit/projectile.gd","message":"projectile_delay_started","runId":"aim-debug","sessionId":"ccca42","timestamp":43432}
{"data":{"curr_target_pos":"(0.0, 0.0)","curr_target_valid":false,"delta_target_dist":null,"initial_target_pos":"(445.3514, 422.8813)","velocity":"(-125.1595, -688.7199)"},"hypothesisId":"P1","location":"scripts/battle/unit/projectile.gd","message":"projectile_delay_ended","runId":"aim-debug","sessionId":"ccca42","timestamp":43507}
{"data":{"attack_speed":0.8,"attack_type":1,"target_class":"CharacterBody2D","unit_id":"ally_mage"},"hypothesisId":"H4","location":"scripts/battle/unit/unit_base.gd","message":"attack_start","runId":"aim-debug","sessionId":"ccca42","timestamp":43988}
{"data":{"delay_applies":false,"initial_dir":"(-0.999255, 0.03858)","initial_target_pos":"(468.5095, 550.3145)","speed":700.0,"team":1,"unit_id":"ally_mage"},"hypothesisId":"P1","location":"scripts/battle/unit/projectile.gd","message":"projectile_ready_aimed","runId":"aim-debug","sessionId":"ccca42","timestamp":43990}
{"data":{"allies_mult":1.0,"current_health":80,"enemy_mult":1.0,"max_health_effective":80,"stats_health":80,"team":0,"unit_id":"ally_archer"},"hypothesisId":"H2","location":"scripts/battle/unit/unit_base.gd","message":"unit_health_emitted","runId":"aim-debug","sessionId":"ccca42","timestamp":44003}
{"data":{"attack_speed":1.2,"attack_type":1,"target_class":"CharacterBody2D","unit_id":"ally_archer"},"hypothesisId":"H4","location":"scripts/battle/unit/unit_base.gd","message":"attack_start","runId":"aim-debug","sessionId":"ccca42","timestamp":44012}
{"data":{"delay_applies":true,"initial_dir":"(0.865379, -0.501118)","initial_target_pos":"(640.1645, 543.687)","speed":700.0,"team":0,"unit_id":"ally_archer"},"hypothesisId":"P1","location":"scripts/battle/unit/projectile.gd","message":"projectile_ready_aimed","runId":"aim-debug","sessionId":"ccca42","timestamp":44015}
{"data":{"delay_s":1.75,"has_target_ref":true,"initial_target_pos":"(640.1645, 543.687)"},"hypothesisId":"P1","location":"scripts/battle/unit/projectile.gd","message":"projectile_delay_started","runId":"aim-debug","sessionId":"ccca42","timestamp":44023}
{"data":{"attack_speed":1.2,"attack_type":1,"target_class":"CharacterBody2D","unit_id":"ally_archer"},"hypothesisId":"H4","location":"scripts/battle/unit/unit_base.gd","message":"attack_start","runId":"aim-debug","sessionId":"ccca42","timestamp":44255}
{"data":{"delay_applies":true,"initial_dir":"(0.999255, -0.03858)","initial_target_pos":"(615.1834, 544.6515)","speed":700.0,"team":0,"unit_id":"ally_archer"},"hypothesisId":"P1","location":"scripts/battle/unit/projectile.gd","message":"projectile_ready_aimed","runId":"aim-debug","sessionId":"ccca42","timestamp":44256}
{"data":{"delay_s":1.75,"has_target_ref":true,"initial_target_pos":"(615.1834, 544.6515)"},"hypothesisId":"P1","location":"scripts/battle/unit/projectile.gd","message":"projectile_delay_started","runId":"aim-debug","sessionId":"ccca42","timestamp":44265}
{"data":{"curr_target_pos":"(0.0, 0.0)","curr_target_valid":false,"delta_target_dist":null,"initial_target_pos":"(445.3518, 422.8754)","velocity":"(-125.1517, -688.7213)"},"hypothesisId":"P1","location":"scripts/battle/unit/projectile.gd","message":"projectile_delay_ended","runId":"aim-debug","sessionId":"ccca42","timestamp":44340}
{"data":{"allies_mult":1.0,"current_health":80,"enemy_mult":1.0,"max_health_effective":80,"stats_health":80,"team":0,"unit_id":"ally_archer"},"hypothesisId":"H2","location":"scripts/battle/unit/unit_base.gd","message":"unit_health_emitted","runId":"aim-debug","sessionId":"ccca42","timestamp":44437}
{"data":{"attack_speed":1.2,"attack_type":1,"target_class":"CharacterBody2D","unit_id":"ally_archer"},"hypothesisId":"H4","location":"scripts/battle/unit/unit_base.gd","message":"attack_start","runId":"aim-debug","sessionId":"ccca42","timestamp":44438}
{"data":{"delay_applies":true,"initial_dir":"(0.923362, -0.383931)","initial_target_pos":"(596.864, 545.3588)","speed":700.0,"team":0,"unit_id":"ally_archer"},"hypothesisId":"P1","location":"scripts/battle/unit/projectile.gd","message":"projectile_ready_aimed","runId":"aim-debug","sessionId":"ccca42","timestamp":44447}
{"data":{"delay_s":1.75,"has_target_ref":true,"initial_target_pos":"(596.864, 545.3588)"},"hypothesisId":"P1","location":"scripts/battle/unit/projectile.gd","message":"projectile_delay_started","runId":"aim-debug","sessionId":"ccca42","timestamp":44455}
{"data":{"attack_speed":1.2,"attack_type":1,"target_class":"CharacterBody2D","unit_id":"ally_archer"},"hypothesisId":"H4","location":"scripts/battle/unit/unit_base.gd","message":"attack_start","runId":"aim-debug","sessionId":"ccca42","timestamp":44839}
{"data":{"delay_applies":true,"initial_dir":"(0.638186, -0.769882)","initial_target_pos":"(556.8942, 546.902)","speed":700.0,"team":0,"unit_id":"ally_archer"},"hypothesisId":"P1","location":"scripts/battle/unit/projectile.gd","message":"projectile_ready_aimed","runId":"aim-debug","sessionId":"ccca42","timestamp":44840}
{"data":{"delay_s":1.75,"has_target_ref":true,"initial_target_pos":"(556.8942, 546.902)"},"hypothesisId":"P1","location":"scripts/battle/unit/projectile.gd","message":"projectile_delay_started","runId":"aim-debug","sessionId":"ccca42","timestamp":44850}
{"data":{"allies_mult":1.0,"current_health":80,"enemy_mult":1.0,"max_health_effective":80,"stats_health":80,"team":1,"unit_id":"enemy_archer"},"hypothesisId":"H2","location":"scripts/battle/unit/unit_base.gd","message":"unit_health_emitted","runId":"aim-debug","sessionId":"ccca42","timestamp":45038}
{"data":{"attack_speed":1.2,"attack_type":1,"target_class":"CharacterBody2D","unit_id":"ally_archer"},"hypothesisId":"H4","location":"scripts/battle/unit/unit_base.gd","message":"attack_start","runId":"aim-debug","sessionId":"ccca42","timestamp":45088}
{"data":{"delay_applies":true,"initial_dir":"(0.999256, -0.03858)","initial_target_pos":"(531.9131, 547.8665)","speed":700.0,"team":0,"unit_id":"ally_archer"},"hypothesisId":"P1","location":"scripts/battle/unit/projectile.gd","message":"projectile_ready_aimed","runId":"aim-debug","sessionId":"ccca42","timestamp":45089}
{"data":{"delay_s":1.75,"has_target_ref":true,"initial_target_pos":"(531.9131, 547.8665)"},"hypothesisId":"P1","location":"scripts/battle/unit/projectile.gd","message":"projectile_delay_started","runId":"aim-debug","sessionId":"ccca42","timestamp":45099}
{"data":{"curr_target_pos":"(528.5403, 548.2328)","curr_target_valid":true,"delta_target_dist":170.049194335938,"initial_target_pos":"(698.4537, 541.4365)","velocity":"(699.5795, -24.25904)"},"hypothesisId":"P1","location":"scripts/battle/unit/projectile.gd","message":"projectile_delay_ended","runId":"aim-debug","sessionId":"ccca42","timestamp":45173}
{"data":{"allies_mult":1.0,"current_health":80,"enemy_mult":1.0,"max_health_effective":80,"stats_health":80,"team":0,"unit_id":"ally_archer"},"hypothesisId":"H2","location":"scripts/battle/unit/unit_base.gd","message":"unit_health_emitted","runId":"aim-debug","sessionId":"ccca42","timestamp":45199}
{"data":{"attack_speed":1.2,"attack_type":1,"target_class":"CharacterBody2D","unit_id":"ally_archer"},"hypothesisId":"H4","location":"scripts/battle/unit/unit_base.gd","message":"attack_start","runId":"aim-debug","sessionId":"ccca42","timestamp":45206}
{"data":{"delay_applies":true,"initial_dir":"(0.987545, 0.15734)","initial_target_pos":"(528.5422, 548.2883)","speed":700.0,"team":0,"unit_id":"ally_archer"},"hypothesisId":"P1","location":"scripts/battle/unit/projectile.gd","message":"projectile_ready_aimed","runId":"aim-debug","sessionId":"ccca42","timestamp":45209}
{"data":{"delay_s":1.75,"has_target_ref":true,"initial_target_pos":"(528.5422, 548.2883)"},"hypothesisId":"P1","location":"scripts/battle/unit/projectile.gd","message":"projectile_delay_started","runId":"aim-debug","sessionId":"ccca42","timestamp":45218}
{"data":{"attack_speed":1.2,"attack_type":1,"target_class":"CharacterBody2D","unit_id":"ally_archer"},"hypothesisId":"H4","location":"scripts/battle/unit/unit_base.gd","message":"attack_start","runId":"aim-debug","sessionId":"ccca42","timestamp":45272}
{"data":{"delay_applies":true,"initial_dir":"(0.847012, -0.531573)","initial_target_pos":"(528.5422, 548.2883)","speed":700.0,"team":0,"unit_id":"ally_archer"},"hypothesisId":"P1","location":"scripts/battle/unit/projectile.gd","message":"projectile_ready_aimed","runId":"aim-debug","sessionId":"ccca42","timestamp":45273}
{"data":{"delay_s":1.75,"has_target_ref":true,"initial_target_pos":"(528.5422, 548.2883)"},"hypothesisId":"P1","location":"scripts/battle/unit/projectile.gd","message":"projectile_delay_started","runId":"aim-debug","sessionId":"ccca42","timestamp":45282}
{"data":{"attack_speed":1.2,"attack_type":1,"target_class":"CharacterBody2D","unit_id":"ally_archer"},"hypothesisId":"H4","location":"scripts/battle/unit/unit_base.gd","message":"attack_start","runId":"aim-debug","sessionId":"ccca42","timestamp":45681}
{"data":{"delay_applies":true,"initial_dir":"(0.453988, -0.891008)","initial_target_pos":"(528.5422, 548.2883)","speed":700.0,"team":0,"unit_id":"ally_archer"},"hypothesisId":"P1","location":"scripts/battle/unit/projectile.gd","message":"projectile_ready_aimed","runId":"aim-debug","sessionId":"ccca42","timestamp":45681}
{"data":{"delay_s":1.75,"has_target_ref":true,"initial_target_pos":"(528.5422, 548.2883)"},"hypothesisId":"P1","location":"scripts/battle/unit/projectile.gd","message":"projectile_delay_started","runId":"aim-debug","sessionId":"ccca42","timestamp":45689}
{"data":{"curr_target_pos":"(0.0, 0.0)","curr_target_valid":false,"delta_target_dist":null,"initial_target_pos":"(640.1645, 543.687)","velocity":"(605.7653, -350.7825)"},"hypothesisId":"P1","location":"scripts/battle/unit/projectile.gd","message":"projectile_delay_ended","runId":"aim-debug","sessionId":"ccca42","timestamp":45754}
{"data":{"attack_speed":1.2,"attack_type":1,"target_class":"CharacterBody2D","unit_id":"enemy_archer"},"hypothesisId":"H4","location":"scripts/battle/unit/unit_base.gd","message":"attack_start","runId":"aim-debug","sessionId":"ccca42","timestamp":45859}
{"data":{"delay_applies":false,"initial_dir":"(-0.970985, 0.239139)","initial_target_pos":"(504.5691, 628.6694)","speed":700.0,"team":1,"unit_id":"enemy_archer"},"hypothesisId":"P1","location":"scripts/battle/unit/projectile.gd","message":"projectile_ready_aimed","runId":"aim-debug","sessionId":"ccca42","timestamp":45859}
{"data":{"attack_speed":1.2,"attack_type":1,"target_class":"CharacterBody2D","unit_id":"ally_archer"},"hypothesisId":"H4","location":"scripts/battle/unit/unit_base.gd","message":"attack_start","runId":"aim-debug","sessionId":"ccca42","timestamp":45914}
{"data":{"delay_applies":true,"initial_dir":"(0.999978, -0.006615)","initial_target_pos":"(833.6805, 547.6143)","speed":700.0,"team":0,"unit_id":"ally_archer"},"hypothesisId":"P1","location":"scripts/battle/unit/projectile.gd","message":"projectile_ready_aimed","runId":"aim-debug","sessionId":"ccca42","timestamp":45914}
{"data":{"delay_s":1.75,"has_target_ref":true,"initial_target_pos":"(833.6805, 547.6143)"},"hypothesisId":"P1","location":"scripts/battle/unit/projectile.gd","message":"projectile_delay_started","runId":"aim-debug","sessionId":"ccca42","timestamp":45922}
{"data":{"curr_target_pos":"(0.0, 0.0)","curr_target_valid":false,"delta_target_dist":null,"initial_target_pos":"(615.1834, 544.6515)","velocity":"(699.4788, -27.00633)"},"hypothesisId":"P1","location":"scripts/battle/unit/projectile.gd","message":"projectile_delay_ended","runId":"aim-debug","sessionId":"ccca42","timestamp":46008}
{"data":{"curr_target_pos":"(0.0, 0.0)","curr_target_valid":false,"delta_target_dist":null,"initial_target_pos":"(596.864, 545.3588)","velocity":"(646.3533, -268.7515)"},"hypothesisId":"P1","location":"scripts/battle/unit/projectile.gd","message":"projectile_delay_ended","runId":"aim-debug","sessionId":"ccca42","timestamp":46191}
{"data":{"attack_speed":1.2,"attack_type":1,"target_class":"CharacterBody2D","unit_id":"ally_archer"},"hypothesisId":"H4","location":"scripts/battle/unit/unit_base.gd","message":"attack_start","runId":"aim-debug","sessionId":"ccca42","timestamp":46205}
{"data":{"delay_applies":true,"initial_dir":"(0.987938, -0.154849)","initial_target_pos":"(792.4131, 557.7775)","speed":700.0,"team":0,"unit_id":"ally_archer"},"hypothesisId":"P1","location":"scripts/battle/unit/projectile.gd","message":"projectile_ready_aimed","runId":"aim-debug","sessionId":"ccca42","timestamp":46206}
{"data":{"delay_s":1.75,"has_target_ref":true,"initial_target_pos":"(792.4131, 557.7775)"},"hypothesisId":"P1","location":"scripts/battle/unit/projectile.gd","message":"projectile_delay_started","runId":"aim-debug","sessionId":"ccca42","timestamp":46214}
{"data":{"attack_speed":1.2,"attack_type":1,"target_class":"CharacterBody2D","unit_id":"ally_archer"},"hypothesisId":"H4","location":"scripts/battle/unit/unit_base.gd","message":"attack_start","runId":"aim-debug","sessionId":"ccca42","timestamp":46389}
{"data":{"delay_applies":true,"initial_dir":"(0.991471, 0.130325)","initial_target_pos":"(765.7108, 564.3538)","speed":700.0,"team":0,"unit_id":"ally_archer"},"hypothesisId":"P1","location":"scripts/battle/unit/projectile.gd","message":"projectile_ready_aimed","runId":"aim-debug","sessionId":"ccca42","timestamp":46389}
{"data":{"delay_s":1.75,"has_target_ref":true,"initial_target_pos":"(765.7108, 564.3538)"},"hypothesisId":"P1","location":"scripts/battle/unit/projectile.gd","message":"projectile_delay_started","runId":"aim-debug","sessionId":"ccca42","timestamp":46399}
{"data":{"attack_speed":1.2,"attack_type":1,"target_class":"CharacterBody2D","unit_id":"ally_archer"},"hypothesisId":"H4","location":"scripts/battle/unit/unit_base.gd","message":"attack_start","runId":"aim-debug","sessionId":"ccca42","timestamp":46505}
{"data":{"delay_applies":true,"initial_dir":"(0.970985, -0.239141)","initial_target_pos":"(748.7183, 568.5386)","speed":700.0,"team":0,"unit_id":"ally_archer"},"hypothesisId":"P1","location":"scripts/battle/unit/projectile.gd","message":"projectile_ready_aimed","runId":"aim-debug","sessionId":"ccca42","timestamp":46506}
{"data":{"delay_s":1.75,"has_target_ref":true,"initial_target_pos":"(748.7183, 568.5386)"},"hypothesisId":"P1","location":"scripts/battle/unit/projectile.gd","message":"projectile_delay_started","runId":"aim-debug","sessionId":"ccca42","timestamp":46514}
{"data":{"curr_target_pos":"(0.0, 0.0)","curr_target_valid":false,"delta_target_dist":null,"initial_target_pos":"(556.8942, 546.902)","velocity":"(446.7301, -538.9176)"},"hypothesisId":"P1","location":"scripts/battle/unit/projectile.gd","message":"projectile_delay_ended","runId":"aim-debug","sessionId":"ccca42","timestamp":46611}
{"data":{"attack_speed":1.2,"attack_type":1,"target_class":"CharacterBody2D","unit_id":"enemy_archer"},"hypothesisId":"H4","location":"scripts/battle/unit/unit_base.gd","message":"attack_start","runId":"aim-debug","sessionId":"ccca42","timestamp":46689}
{"data":{"delay_applies":false,"initial_dir":"(-0.970985, 0.239142)","initial_target_pos":"(504.5691, 628.6694)","speed":700.0,"team":1,"unit_id":"enemy_archer"},"hypothesisId":"P1","location":"scripts/battle/unit/projectile.gd","message":"projectile_ready_aimed","runId":"aim-debug","sessionId":"ccca42","timestamp":46689}
{"data":{"attack_speed":1.2,"attack_type":1,"target_class":"CharacterBody2D","unit_id":"ally_archer"},"hypothesisId":"H4","location":"scripts/battle/unit/unit_base.gd","message":"attack_start","runId":"aim-debug","sessionId":"ccca42","timestamp":46755}
{"data":{"delay_applies":true,"initial_dir":"(0.992299, 0.123869)","initial_target_pos":"(712.306, 577.5062)","speed":700.0,"team":0,"unit_id":"ally_archer"},"hypothesisId":"P1","location":"scripts/battle/unit/projectile.gd","message":"projectile_ready_aimed","runId":"aim-debug","sessionId":"ccca42","timestamp":46756}
{"data":{"delay_s":1.75,"has_target_ref":true,"initial_target_pos":"(712.306, 577.5062)"},"hypothesisId":"P1","location":"scripts/battle/unit/projectile.gd","message":"projectile_delay_started","runId":"aim-debug","sessionId":"ccca42","timestamp":46765}
{"data":{"curr_target_pos":"(0.0, 0.0)","curr_target_valid":false,"delta_target_dist":null,"initial_target_pos":"(531.9131, 547.8665)","velocity":"(699.4789, -27.00603)"},"hypothesisId":"P1","location":"scripts/battle/unit/projectile.gd","message":"projectile_delay_ended","runId":"aim-debug","sessionId":"ccca42","timestamp":46840}
{"data":{"curr_target_pos":"(0.0, 0.0)","curr_target_valid":false,"delta_target_dist":null,"initial_target_pos":"(528.5422, 548.2883)","velocity":"(691.2812, 110.138)"},"hypothesisId":"P1","location":"scripts/battle/unit/projectile.gd","message":"projectile_delay_ended","runId":"aim-debug","sessionId":"ccca42","timestamp":46958}
{"data":{"curr_target_pos":"(0.0, 0.0)","curr_target_valid":false,"delta_target_dist":null,"initial_target_pos":"(528.5422, 548.2883)","velocity":"(592.9086, -372.1012)"},"hypothesisId":"P1","location":"scripts/battle/unit/projectile.gd","message":"projectile_delay_ended","runId":"aim-debug","sessionId":"ccca42","timestamp":47023}
{"data":{"attack_speed":1.2,"attack_type":1,"target_class":"CharacterBody2D","unit_id":"ally_archer"},"hypothesisId":"H4","location":"scripts/battle/unit/unit_base.gd","message":"attack_start","runId":"aim-debug","sessionId":"ccca42","timestamp":47038}
{"data":{"delay_applies":true,"initial_dir":"(0.994191, -0.107628)","initial_target_pos":"(671.0386, 587.6695)","speed":700.0,"team":0,"unit_id":"ally_archer"},"hypothesisId":"P1","location":"scripts/battle/unit/projectile.gd","message":"projectile_ready_aimed","runId":"aim-debug","sessionId":"ccca42","timestamp":47039}
{"data":{"delay_s":1.75,"has_target_ref":true,"initial_target_pos":"(671.0386, 587.6695)"},"hypothesisId":"P1","location":"scripts/battle/unit/projectile.gd","message":"projectile_delay_started","runId":"aim-debug","sessionId":"ccca42","timestamp":47047}
{"data":{"attack_speed":1.2,"attack_type":1,"target_class":"CharacterBody2D","unit_id":"ally_archer"},"hypothesisId":"H4","location":"scripts/battle/unit/unit_base.gd","message":"attack_start","runId":"aim-debug","sessionId":"ccca42","timestamp":47222}
{"data":{"delay_applies":true,"initial_dir":"(0.947128, 0.320856)","initial_target_pos":"(644.3365, 594.2457)","speed":700.0,"team":0,"unit_id":"ally_archer"},"hypothesisId":"P1","location":"scripts/battle/unit/projectile.gd","message":"projectile_ready_aimed","runId":"aim-debug","sessionId":"ccca42","timestamp":47223}
{"data":{"delay_s":1.75,"has_target_ref":true,"initial_target_pos":"(644.3365, 594.2457)"},"hypothesisId":"P1","location":"scripts/battle/unit/projectile.gd","message":"projectile_delay_started","runId":"aim-debug","sessionId":"ccca42","timestamp":47232}
{"data":{"attack_speed":1.2,"attack_type":1,"target_class":"CharacterBody2D","unit_id":"ally_archer"},"hypothesisId":"H4","location":"scripts/battle/unit/unit_base.gd","message":"attack_start","runId":"aim-debug","sessionId":"ccca42","timestamp":47339}
{"data":{"delay_applies":true,"initial_dir":"(0.970983, -0.239147)","initial_target_pos":"(627.3445, 598.4306)","speed":700.0,"team":0,"unit_id":"ally_archer"},"hypothesisId":"P1","location":"scripts/battle/unit/projectile.gd","message":"projectile_ready_aimed","runId":"aim-debug","sessionId":"ccca42","timestamp":47339}
{"data":{"delay_s":1.75,"has_target_ref":true,"initial_target_pos":"(627.3445, 598.4306)"},"hypothesisId":"P1","location":"scripts/battle/unit/projectile.gd","message":"projectile_delay_started","runId":"aim-debug","sessionId":"ccca42","timestamp":47347}
{"data":{"curr_target_pos":"(0.0, 0.0)","curr_target_valid":false,"delta_target_dist":null,"initial_target_pos":"(528.5422, 548.2883)","velocity":"(317.7917, -623.7054)"},"hypothesisId":"P1","location":"scripts/battle/unit/projectile.gd","message":"projectile_delay_ended","runId":"aim-debug","sessionId":"ccca42","timestamp":47424}
{"data":{"attack_speed":1.2,"attack_type":1,"target_class":"CharacterBody2D","unit_id":"enemy_archer"},"hypothesisId":"H4","location":"scripts/battle/unit/unit_base.gd","message":"attack_start","runId":"aim-debug","sessionId":"ccca42","timestamp":47522}
{"data":{"delay_applies":false,"initial_dir":"(-0.970983, 0.239148)","initial_target_pos":"(504.5691, 628.6694)","speed":700.0,"team":1,"unit_id":"enemy_archer"},"hypothesisId":"P1","location":"scripts/battle/unit/projectile.gd","message":"projectile_ready_aimed","runId":"aim-debug","sessionId":"ccca42","timestamp":47522}
{"data":{"attack_speed":1.2,"attack_type":1,"target_class":"CharacterBody2D","unit_id":"ally_archer"},"hypothesisId":"H4","location":"scripts/battle/unit/unit_base.gd","message":"attack_start","runId":"aim-debug","sessionId":"ccca42","timestamp":47589}
{"data":{"delay_applies":true,"initial_dir":"(0.866686, 0.498854)","initial_target_pos":"(590.9331, 607.3984)","speed":700.0,"team":0,"unit_id":"ally_archer"},"hypothesisId":"P1","location":"scripts/battle/unit/projectile.gd","message":"projectile_ready_aimed","runId":"aim-debug","sessionId":"ccca42","timestamp":47589}
{"data":{"delay_s":1.75,"has_target_ref":true,"initial_target_pos":"(590.9331, 607.3984)"},"hypothesisId":"P1","location":"scripts/battle/unit/projectile.gd","message":"projectile_delay_started","runId":"aim-debug","sessionId":"ccca42","timestamp":47598}
{"data":{"curr_target_pos":"(576.3685, 610.9856)","curr_target_valid":true,"delta_target_dist":265.000701904297,"initial_target_pos":"(833.6805, 547.6143)","velocity":"(569.201, 407.4435)"},"hypothesisId":"P1","location":"scripts/battle/unit/projectile.gd","message":"projectile_delay_ended","runId":"aim-debug","sessionId":"ccca42","timestamp":47673}
{"data":{"allies_mult":1.0,"current_health":200,"enemy_mult":1.0,"max_health_effective":200,"stats_health":200,"team":1,"unit_id":"enemy_warrior"},"hypothesisId":"H2","location":"scripts/battle/unit/unit_base.gd","message":"unit_health_emitted","runId":"aim-debug","sessionId":"ccca42","timestamp":47732}
{"data":{"attack_speed":1.2,"attack_type":1,"target_class":"CharacterBody2D","unit_id":"ally_archer"},"hypothesisId":"H4","location":"scripts/battle/unit/unit_base.gd","message":"attack_start","runId":"aim-debug","sessionId":"ccca42","timestamp":47872}
{"data":{"delay_applies":true,"initial_dir":"(0.999928, 0.012027)","initial_target_pos":"(566.6588, 613.377)","speed":700.0,"team":0,"unit_id":"ally_archer"},"hypothesisId":"P1","location":"scripts/battle/unit/projectile.gd","message":"projectile_ready_aimed","runId":"aim-debug","sessionId":"ccca42","timestamp":47873}
{"data":{"delay_s":1.75,"has_target_ref":true,"initial_target_pos":"(566.6588, 613.377)"},"hypothesisId":"P1","location":"scripts/battle/unit/projectile.gd","message":"projectile_delay_started","runId":"aim-debug","sessionId":"ccca42","timestamp":47881}
{"data":{"curr_target_pos":"(566.6588, 613.377)","curr_target_valid":true,"delta_target_dist":232.500152587891,"initial_target_pos":"(792.4131, 557.7775)","velocity":"(699.9494, 8.418762)"},"hypothesisId":"P1","location":"scripts/battle/unit/projectile.gd","message":"projectile_delay_ended","runId":"aim-debug","sessionId":"ccca42","timestamp":47956}
{"data":{"attack_speed":1.2,"attack_type":1,"target_class":"CharacterBody2D","unit_id":"ally_archer"},"hypothesisId":"H4","location":"scripts/battle/unit/unit_base.gd","message":"attack_start","runId":"aim-debug","sessionId":"ccca42","timestamp":48056}
{"data":{"delay_applies":true,"initial_dir":"(0.836313, 0.548252)","initial_target_pos":"(566.6588, 613.377)","speed":700.0,"team":0,"unit_id":"ally_archer"},"hypothesisId":"P1","location":"scripts/battle/unit/projectile.gd","message":"projectile_ready_aimed","runId":"aim-debug","sessionId":"ccca42","timestamp":48057}
{"data":{"delay_s":1.75,"has_target_ref":true,"initial_target_pos":"(566.6588, 613.377)"},"hypothesisId":"P1","location":"scripts/battle/unit/projectile.gd","message":"projectile_delay_started","runId":"aim-debug","sessionId":"ccca42","timestamp":48065}
{"data":{"curr_target_pos":"(566.6588, 613.377)","curr_target_valid":true,"delta_target_dist":204.999893188477,"initial_target_pos":"(765.7108, 564.3538)","velocity":"(585.4192, 383.7765)"},"hypothesisId":"P1","location":"scripts/battle/unit/projectile.gd","message":"projectile_delay_ended","runId":"aim-debug","sessionId":"ccca42","timestamp":48141}
{"data":{"attack_speed":1.2,"attack_type":1,"target_class":"CharacterBody2D","unit_id":"ally_archer"},"hypothesisId":"H4","location":"scripts/battle/unit/unit_base.gd","message":"attack_start","runId":"aim-debug","sessionId":"ccca42","timestamp":48172}
{"data":{"delay_applies":true,"initial_dir":"(0.970983, -0.239148)","initial_target_pos":"(566.6588, 613.377)","speed":700.0,"team":0,"unit_id":"ally_archer"},"hypothesisId":"P1","location":"scripts/battle/unit/projectile.gd","message":"projectile_ready_aimed","runId":"aim-debug","sessionId":"ccca42","timestamp":48173}
{"data":{"delay_s":1.75,"has_target_ref":true,"initial_target_pos":"(566.6588, 613.377)"},"hypothesisId":"P1","location":"scripts/battle/unit/projectile.gd","message":"projectile_delay_started","runId":"aim-debug","sessionId":"ccca42","timestamp":48181}
{"data":{"curr_target_pos":"(0.0, 0.0)","curr_target_valid":false,"delta_target_dist":null,"initial_target_pos":"(748.7183, 568.5386)","velocity":"(679.6894, -167.3985)"},"hypothesisId":"P1","location":"scripts/battle/unit/projectile.gd","message":"projectile_delay_ended","runId":"aim-debug","sessionId":"ccca42","timestamp":48257}
{"data":{"curr_target_pos":"(0.0, 0.0)","curr_target_valid":false,"delta_target_dist":null,"initial_target_pos":"(712.306, 577.5062)","velocity":"(694.609, 86.7085)"},"hypothesisId":"P1","location":"scripts/battle/unit/projectile.gd","message":"projectile_delay_ended","runId":"aim-debug","sessionId":"ccca42","timestamp":48507}
{"data":{"attack_speed":1.2,"attack_type":1,"target_class":"CharacterBody2D","unit_id":"ally_archer"},"hypothesisId":"H4","location":"scripts/battle/unit/unit_base.gd","message":"attack_start","runId":"aim-debug","sessionId":"ccca42","timestamp":48772}
{"data":{"delay_applies":true,"initial_dir":"(0.815974, -0.578089)","initial_target_pos":"(846.0, 328.5894)","speed":700.0,"team":0,"unit_id":"ally_archer"},"hypothesisId":"P1","location":"scripts/battle/unit/projectile.gd","message":"projectile_ready_aimed","runId":"aim-debug","sessionId":"ccca42","timestamp":48772}
{"data":{"delay_s":1.75,"has_target_ref":true,"initial_target_pos":"(846.0, 328.5894)"},"hypothesisId":"P1","location":"scripts/battle/unit/projectile.gd","message":"projectile_delay_started","runId":"aim-debug","sessionId":"ccca42","timestamp":48781}
{"data":{"curr_target_pos":"(0.0, 0.0)","curr_target_valid":false,"delta_target_dist":null,"initial_target_pos":"(671.0386, 587.6695)","velocity":"(695.9339, -75.33966)"},"hypothesisId":"P1","location":"scripts/battle/unit/projectile.gd","message":"projectile_delay_ended","runId":"aim-debug","sessionId":"ccca42","timestamp":48795}
{"data":{"curr_target_pos":"(0.0, 0.0)","curr_target_valid":false,"delta_target_dist":null,"initial_target_pos":"(644.3365, 594.2457)","velocity":"(662.9895, 224.5995)"},"hypothesisId":"P1","location":"scripts/battle/unit/projectile.gd","message":"projectile_delay_ended","runId":"aim-debug","sessionId":"ccca42","timestamp":48974}
{"data":{"attack_speed":1.2,"attack_type":1,"target_class":"CharacterBody2D","unit_id":"ally_archer"},"hypothesisId":"H4","location":"scripts/battle/unit/unit_base.gd","message":"attack_start","runId":"aim-debug","sessionId":"ccca42","timestamp":49005}
{"data":{"delay_applies":true,"initial_dir":"(0.647113, -0.762394)","initial_target_pos":"(818.0, 328.4967)","speed":700.0,"team":0,"unit_id":"ally_archer"},"hypothesisId":"P1","location":"scripts/battle/unit/projectile.gd","message":"projectile_ready_aimed","runId":"aim-debug","sessionId":"ccca42","timestamp":49006}
{"data":{"delay_s":1.75,"has_target_ref":true,"initial_target_pos":"(818.0, 328.4967)"},"hypothesisId":"P1","location":"scripts/battle/unit/projectile.gd","message":"projectile_delay_started","runId":"aim-debug","sessionId":"ccca42","timestamp":49015}
{"data":{"attack_speed":1.2,"attack_type":1,"target_class":"CharacterBody2D","unit_id":"ally_archer"},"hypothesisId":"H4","location":"scripts/battle/unit/unit_base.gd","message":"attack_start","runId":"aim-debug","sessionId":"ccca42","timestamp":49056}
{"data":{"delay_applies":true,"initial_dir":"(0.869499, -0.493935)","initial_target_pos":"(812.0, 328.4768)","speed":700.0,"team":0,"unit_id":"ally_archer"},"hypothesisId":"P1","location":"scripts/battle/unit/projectile.gd","message":"projectile_ready_aimed","runId":"aim-debug","sessionId":"ccca42","timestamp":49056}
{"data":{"delay_s":1.75,"has_target_ref":true,"initial_target_pos":"(812.0, 328.4768)"},"hypothesisId":"P1","location":"scripts/battle/unit/projectile.gd","message":"projectile_delay_started","runId":"aim-debug","sessionId":"ccca42","timestamp":49065}
{"data":{"curr_target_pos":"(0.0, 0.0)","curr_target_valid":false,"delta_target_dist":null,"initial_target_pos":"(627.3445, 598.4306)","velocity":"(679.6884, -167.4027)"},"hypothesisId":"P1","location":"scripts/battle/unit/projectile.gd","message":"projectile_delay_ended","runId":"aim-debug","sessionId":"ccca42","timestamp":49090}
{"data":{"curr_target_pos":"(0.0, 0.0)","curr_target_valid":false,"delta_target_dist":null,"initial_target_pos":"(590.9331, 607.3984)","velocity":"(606.6803, 349.1977)"},"hypothesisId":"P1","location":"scripts/battle/unit/projectile.gd","message":"projectile_delay_ended","runId":"aim-debug","sessionId":"ccca42","timestamp":49340}
{"data":{"attack_speed":1.2,"attack_type":1,"target_class":"CharacterBody2D","unit_id":"ally_archer"},"hypothesisId":"H4","location":"scripts/battle/unit/unit_base.gd","message":"attack_start","runId":"aim-debug","sessionId":"ccca42","timestamp":49389}
{"data":{"delay_applies":true,"initial_dir":"(0.678309, -0.734776)","initial_target_pos":"(772.0, 328.3444)","speed":700.0,"team":0,"unit_id":"ally_archer"},"hypothesisId":"P1","location":"scripts/battle/unit/projectile.gd","message":"projectile_ready_aimed","runId":"aim-debug","sessionId":"ccca42","timestamp":49390}
{"data":{"delay_s":1.75,"has_target_ref":true,"initial_target_pos":"(772.0, 328.3444)"},"hypothesisId":"P1","location":"scripts/battle/unit/projectile.gd","message":"projectile_delay_started","runId":"aim-debug","sessionId":"ccca42","timestamp":49398}
{"data":{"attack_speed":1.2,"attack_type":1,"target_class":"CharacterBody2D","unit_id":"ally_archer"},"hypothesisId":"H4","location":"scripts/battle/unit/unit_base.gd","message":"attack_start","runId":"aim-debug","sessionId":"ccca42","timestamp":49605}
{"data":{"delay_applies":true,"initial_dir":"(0.674223, -0.738528)","initial_target_pos":"(746.0, 328.2583)","speed":700.0,"team":0,"unit_id":"ally_archer"},"hypothesisId":"P1","location":"scripts/battle/unit/projectile.gd","message":"projectile_ready_aimed","runId":"aim-debug","sessionId":"ccca42","timestamp":49606}
{"data":{"delay_s":1.75,"has_target_ref":true,"initial_target_pos":"(746.0, 328.2583)"},"hypothesisId":"P1","location":"scripts/battle/unit/projectile.gd","message":"projectile_delay_started","runId":"aim-debug","sessionId":"ccca42","timestamp":49615}
{"data":{"curr_target_pos":"(0.0, 0.0)","curr_target_valid":false,"delta_target_dist":null,"initial_target_pos":"(566.6588, 613.377)","velocity":"(699.9494, 8.418762)"},"hypothesisId":"P1","location":"scripts/battle/unit/projectile.gd","message":"projectile_delay_ended","runId":"aim-debug","sessionId":"ccca42","timestamp":49628}
{"data":{"curr_target_pos":"(0.0, 0.0)","curr_target_valid":false,"delta_target_dist":null,"initial_target_pos":"(566.6588, 613.377)","velocity":"(585.4192, 383.7765)"},"hypothesisId":"P1","location":"scripts/battle/unit/projectile.gd","message":"projectile_delay_ended","runId":"aim-debug","sessionId":"ccca42","timestamp":49807}
{"data":{"attack_speed":1.2,"attack_type":1,"target_class":"CharacterBody2D","unit_id":"ally_archer"},"hypothesisId":"H4","location":"scripts/battle/unit/unit_base.gd","message":"attack_start","runId":"aim-debug","sessionId":"ccca42","timestamp":49839}
{"data":{"delay_applies":true,"initial_dir":"(0.423262, -0.906007)","initial_target_pos":"(718.0, 328.1656)","speed":700.0,"team":0,"unit_id":"ally_archer"},"hypothesisId":"P1","location":"scripts/battle/unit/projectile.gd","message":"projectile_ready_aimed","runId":"aim-debug","sessionId":"ccca42","timestamp":49839}
{"data":{"delay_s":1.75,"has_target_ref":true,"initial_target_pos":"(718.0, 328.1656)"},"hypothesisId":"P1","location":"scripts/battle/unit/projectile.gd","message":"projectile_delay_started","runId":"aim-debug","sessionId":"ccca42","timestamp":49850}
{"data":{"attack_speed":1.2,"attack_type":1,"target_class":"CharacterBody2D","unit_id":"ally_archer"},"hypothesisId":"H4","location":"scripts/battle/unit/unit_base.gd","message":"attack_start","runId":"aim-debug","sessionId":"ccca42","timestamp":49889}
{"data":{"delay_applies":true,"initial_dir":"(0.762301, -0.647222)","initial_target_pos":"(712.0, 328.1457)","speed":700.0,"team":0,"unit_id":"ally_archer"},"hypothesisId":"P1","location":"scripts/battle/unit/projectile.gd","message":"projectile_ready_aimed","runId":"aim-debug","sessionId":"ccca42","timestamp":49889}
{"data":{"delay_s":1.75,"has_target_ref":true,"initial_target_pos":"(712.0, 328.1457)"},"hypothesisId":"P1","location":"scripts/battle/unit/projectile.gd","message":"projectile_delay_started","runId":"aim-debug","sessionId":"ccca42","timestamp":49898}
{"data":{"curr_target_pos":"(0.0, 0.0)","curr_target_valid":false,"delta_target_dist":null,"initial_target_pos":"(566.6588, 613.377)","velocity":"(679.6882, -167.4035)"},"hypothesisId":"P1","location":"scripts/battle/unit/projectile.gd","message":"projectile_delay_ended","runId":"aim-debug","sessionId":"ccca42","timestamp":49923}
{"data":{"attack_speed":1.2,"attack_type":1,"target_class":"CharacterBody2D","unit_id":"ally_archer"},"hypothesisId":"H4","location":"scripts/battle/unit/unit_base.gd","message":"attack_start","runId":"aim-debug","sessionId":"ccca42","timestamp":50222}
{"data":{"delay_applies":true,"initial_dir":"(0.550321, -0.834953)","initial_target_pos":"(686.2151, 355.7768)","speed":700.0,"team":0,"unit_id":"ally_archer"},"hypothesisId":"P1","location":"scripts/battle/unit/projectile.gd","message":"projectile_ready_aimed","runId":"aim-debug","sessionId":"ccca42","timestamp":50223}
{"data":{"delay_s":1.75,"has_target_ref":true,"initial_target_pos":"(686.2151, 355.7768)"},"hypothesisId":"P1","location":"scripts/battle/unit/projectile.gd","message":"projectile_delay_started","runId":"aim-debug","sessionId":"ccca42","timestamp":50231}
{"data":{"allies_mult":1.0,"current_health":200,"enemy_mult":1.0,"max_health_effective":200,"stats_health":200,"team":1,"unit_id":"ally_warrior"},"hypothesisId":"H2","location":"scripts/battle/unit/unit_base.gd","message":"unit_health_emitted","runId":"aim-debug","sessionId":"ccca42","timestamp":50252}
{"data":{"attack_speed":1.2,"attack_type":1,"target_class":"CharacterBody2D","unit_id":"ally_archer"},"hypothesisId":"H4","location":"scripts/battle/unit/unit_base.gd","message":"attack_start","runId":"aim-debug","sessionId":"ccca42","timestamp":50438}
{"data":{"delay_applies":true,"initial_dir":"(0.581902, -0.813259)","initial_target_pos":"(671.0854, 376.9216)","speed":700.0,"team":0,"unit_id":"ally_archer"},"hypothesisId":"P1","location":"scripts/battle/unit/projectile.gd","message":"projectile_ready_aimed","runId":"aim-debug","sessionId":"ccca42","timestamp":50439}
{"data":{"delay_s":1.75,"has_target_ref":true,"initial_target_pos":"(671.0854, 376.9216)"},"hypothesisId":"P1","location":"scripts/battle/unit/projectile.gd","message":"projectile_delay_started","runId":"aim-debug","sessionId":"ccca42","timestamp":50448}
{"data":{"curr_target_pos":"(664.1025, 386.6808)","curr_target_valid":true,"delta_target_dist":190.94841003418,"initial_target_pos":"(846.0, 328.5894)","velocity":"(408.1419, -568.7004)"},"hypothesisId":"P1","location":"scripts/battle/unit/projectile.gd","message":"projectile_delay_ended","runId":"aim-debug","sessionId":"ccca42","timestamp":50524}
{"data":{"attack_speed":1.2,"attack_type":1,"target_class":"CharacterBody2D","unit_id":"ally_archer"},"hypothesisId":"H4","location":"scripts/battle/unit/unit_base.gd","message":"attack_start","runId":"aim-debug","sessionId":"ccca42","timestamp":50672}
{"data":{"delay_applies":true,"initial_dir":"(0.297315, -0.954779)","initial_target_pos":"(654.792, 399.693)","speed":700.0,"team":0,"unit_id":"ally_archer"},"hypothesisId":"P1","location":"scripts/battle/unit/projectile.gd","message":"projectile_ready_aimed","runId":"aim-debug","sessionId":"ccca42","timestamp":50673}
{"data":{"delay_s":1.75,"has_target_ref":true,"initial_target_pos":"(654.792, 399.693)"},"hypothesisId":"P1","location":"scripts/battle/unit/projectile.gd","message":"projectile_delay_started","runId":"aim-debug","sessionId":"ccca42","timestamp":50681}
{"data":{"attack_speed":1.2,"attack_type":1,"target_class":"CharacterBody2D","unit_id":"ally_archer"},"hypothesisId":"H4","location":"scripts/battle/unit/unit_base.gd","message":"attack_start","runId":"aim-debug","sessionId":"ccca42","timestamp":50714}
{"data":{"delay_applies":true,"initial_dir":"(0.829017, -0.559224)","initial_target_pos":"(651.3005, 404.5726)","speed":700.0,"team":0,"unit_id":"ally_archer"},"hypothesisId":"P1","location":"scripts/battle/unit/projectile.gd","message":"projectile_ready_aimed","runId":"aim-debug","sessionId":"ccca42","timestamp":50714}
{"data":{"delay_s":1.75,"has_target_ref":true,"initial_target_pos":"(651.3005, 404.5726)"},"hypothesisId":"P1","location":"scripts/battle/unit/projectile.gd","message":"projectile_delay_started","runId":"aim-debug","sessionId":"ccca42","timestamp":50723}
{"data":{"curr_target_pos":"(647.8091, 409.4521)","curr_target_valid":true,"delta_target_dist":188.464141845703,"initial_target_pos":"(818.0, 328.4967)","velocity":"(194.7602, -672.3604)"},"hypothesisId":"P1","location":"scripts/battle/unit/projectile.gd","message":"projectile_delay_ended","runId":"aim-debug","sessionId":"ccca42","timestamp":50755}
{"data":{"curr_target_pos":"(644.3176, 414.3317)","curr_target_valid":true,"delta_target_dist":188.383758544922,"initial_target_pos":"(812.0, 328.4768)","velocity":"(590.2987, -376.2279)"},"hypothesisId":"P1","location":"scripts/battle/unit/projectile.gd","message":"projectile_delay_ended","runId":"aim-debug","sessionId":"ccca42","timestamp":50803}
{"data":{"attack_speed":1.2,"attack_type":1,"target_class":"CharacterBody2D","unit_id":"ally_archer"},"hypothesisId":"H4","location":"scripts/battle/unit/unit_base.gd","message":"attack_start","runId":"aim-debug","sessionId":"ccca42","timestamp":51055}
{"data":{"delay_applies":true,"initial_dir":"(0.531947, -0.846778)","initial_target_pos":"(628.0242, 437.1031)","speed":700.0,"team":0,"unit_id":"ally_archer"},"hypothesisId":"P1","location":"scripts/battle/unit/projectile.gd","message":"projectile_ready_aimed","runId":"aim-debug","sessionId":"ccca42","timestamp":51056}
{"data":{"delay_s":1.75,"has_target_ref":true,"initial_target_pos":"(628.0242, 437.1031)"},"hypothesisId":"P1","location":"scripts/battle/unit/projectile.gd","message":"projectile_delay_started","runId":"aim-debug","sessionId":"ccca42","timestamp":51064}
{"data":{"curr_target_pos":"(621.0413, 446.8622)","curr_target_valid":true,"delta_target_dist":191.924530029297,"initial_target_pos":"(772.0, 328.3444)","velocity":"(369.945, -594.2564)"},"hypothesisId":"P1","location":"scripts/battle/unit/projectile.gd","message":"projectile_delay_ended","runId":"aim-debug","sessionId":"ccca42","timestamp":51140}
{"data":{"attack_speed":1.0,"attack_type":0,"target_class":"CharacterBody2D","unit_id":"enemy_warrior"},"hypothesisId":"H4","location":"scripts/battle/unit/unit_base.gd","message":"attack_start","runId":"aim-debug","sessionId":"ccca42","timestamp":51188}
{"data":{"curr_target_pos":"(605.9116, 468.0071)","curr_target_valid":true,"delta_target_dist":197.874908447266,"initial_target_pos":"(746.0, 328.2583)","velocity":"(407.3286, -569.2832)"},"hypothesisId":"P1","location":"scripts/battle/unit/projectile.gd","message":"projectile_delay_ended","runId":"aim-debug","sessionId":"ccca42","timestamp":51358}
{"data":{"attack_speed":1.2,"attack_type":1,"target_class":"CharacterBody2D","unit_id":"ally_archer"},"hypothesisId":"H4","location":"scripts/battle/unit/unit_base.gd","message":"attack_start","runId":"aim-debug","sessionId":"ccca42","timestamp":51507}
{"data":{"delay_applies":true,"initial_dir":"(0.012408, -0.999923)","initial_target_pos":"(596.6011, 481.0193)","speed":700.0,"team":0,"unit_id":"ally_archer"},"hypothesisId":"P1","location":"scripts/battle/unit/projectile.gd","message":"projectile_ready_aimed","runId":"aim-debug","sessionId":"ccca42","timestamp":51508}
{"data":{"delay_s":1.75,"has_target_ref":true,"initial_target_pos":"(596.6011, 481.0193)"},"hypothesisId":"P1","location":"scripts/battle/unit/projectile.gd","message":"projectile_delay_started","runId":"aim-debug","sessionId":"ccca42","timestamp":51518}
{"data":{"attack_speed":1.2,"attack_type":1,"target_class":"CharacterBody2D","unit_id":"ally_archer"},"hypothesisId":"H4","location":"scripts/battle/unit/unit_base.gd","message":"attack_start","runId":"aim-debug","sessionId":"ccca42","timestamp":51547}
{"data":{"delay_applies":true,"initial_dir":"(0.978552, -0.206003)","initial_target_pos":"(595.5322, 482.5139)","speed":700.0,"team":0,"unit_id":"ally_archer"},"hypothesisId":"P1","location":"scripts/battle/unit/projectile.gd","message":"projectile_ready_aimed","runId":"aim-debug","sessionId":"ccca42","timestamp":51548}
{"data":{"delay_s":1.75,"has_target_ref":true,"initial_target_pos":"(595.5322, 482.5139)"},"hypothesisId":"P1","location":"scripts/battle/unit/projectile.gd","message":"projectile_delay_started","runId":"aim-debug","sessionId":"ccca42","timestamp":51557}
{"data":{"curr_target_pos":"(595.5333, 482.5146)","curr_target_valid":true,"delta_target_dist":197.032272338867,"initial_target_pos":"(718.0, 328.1656)","velocity":"(1.913018, -699.9974)"},"hypothesisId":"P1","location":"scripts/battle/unit/projectile.gd","message":"projectile_delay_ended","runId":"aim-debug","sessionId":"ccca42","timestamp":51592}
{"data":{"curr_target_pos":"(595.5332, 482.5146)","curr_target_valid":true,"delta_target_dist":193.3759765625,"initial_target_pos":"(712.0, 328.1457)","velocity":"(684.9874, -144.1952)"},"hypothesisId":"P1","location":"scripts/battle/unit/projectile.gd","message":"projectile_delay_ended","runId":"aim-debug","sessionId":"ccca42","timestamp":51641}
{"data":{"attack_speed":1.2,"attack_type":1,"target_class":"CharacterBody2D","unit_id":"ally_archer"},"hypothesisId":"H4","location":"scripts/battle/unit/unit_base.gd","message":"attack_start","runId":"aim-debug","sessionId":"ccca42","timestamp":51889}
{"data":{"delay_applies":true,"initial_dir":"(0.355309, -0.934749)","initial_target_pos":"(572.0481, 487.4585)","speed":700.0,"team":0,"unit_id":"ally_archer"},"hypothesisId":"P1","location":"scripts/battle/unit/projectile.gd","message":"projectile_ready_aimed","runId":"aim-debug","sessionId":"ccca42","timestamp":51889}
{"data":{"delay_s":1.75,"has_target_ref":true,"initial_target_pos":"(572.0481, 487.4585)"},"hypothesisId":"P1","location":"scripts/battle/unit/projectile.gd","message":"projectile_delay_started","runId":"aim-debug","sessionId":"ccca42","timestamp":51898}
{"data":{"curr_target_pos":"(567.6835, 489.7644)","curr_target_valid":true,"delta_target_dist":178.892181396484,"initial_target_pos":"(686.2151, 355.7768)","velocity":"(227.5304, -661.9894)"},"hypothesisId":"P1","location":"scripts/battle/unit/projectile.gd","message":"projectile_delay_ended","runId":"aim-debug","sessionId":"ccca42","timestamp":51973}
{"data":{"attack_speed":1.0,"attack_type":0,"target_class":"CharacterBody2D","unit_id":"enemy_warrior"},"hypothesisId":"H4","location":"scripts/battle/unit/unit_base.gd","message":"attack_start","runId":"aim-debug","sessionId":"ccca42","timestamp":52189}
{"data":{"attack_speed":1.2,"attack_type":1,"target_class":"CharacterBody2D","unit_id":"ally_archer"},"hypothesisId":"H4","location":"scripts/battle/unit/unit_base.gd","message":"attack_start","runId":"aim-debug","sessionId":"ccca42","timestamp":52339}
{"data":{"delay_applies":true,"initial_dir":"(-0.269456, -0.963013)","initial_target_pos":"(568.4423, 495.1821)","speed":700.0,"team":0,"unit_id":"ally_archer"},"hypothesisId":"P1","location":"scripts/battle/unit/projectile.gd","message":"projectile_ready_aimed","runId":"aim-debug","sessionId":"ccca42","timestamp":52340}
{"data":{"delay_s":1.75,"has_target_ref":true,"initial_target_pos":"(568.4423, 495.1821)"},"hypothesisId":"P1","location":"scripts/battle/unit/projectile.gd","message":"projectile_delay_started","runId":"aim-debug","sessionId":"ccca42","timestamp":52349}
{"data":{"attack_speed":1.2,"attack_type":1,"target_class":"CharacterBody2D","unit_id":"ally_archer"},"hypothesisId":"H4","location":"scripts/battle/unit/unit_base.gd","message":"attack_start","runId":"aim-debug","sessionId":"ccca42","timestamp":52389}
{"data":{"delay_applies":true,"initial_dir":"(0.996386, -0.084938)","initial_target_pos":"(568.4892, 495.7045)","speed":700.0,"team":0,"unit_id":"ally_archer"},"hypothesisId":"P1","location":"scripts/battle/unit/projectile.gd","message":"projectile_ready_aimed","runId":"aim-debug","sessionId":"ccca42","timestamp":52390}
{"data":{"delay_s":1.75,"has_target_ref":true,"initial_target_pos":"(568.4892, 495.7045)"},"hypothesisId":"P1","location":"scripts/battle/unit/projectile.gd","message":"projectile_delay_started","runId":"aim-debug","sessionId":"ccca42","timestamp":52398}
{"data":{"curr_target_pos":"(568.5277, 496.1789)","curr_target_valid":true,"delta_target_dist":129.425857543945,"initial_target_pos":"(654.792, 399.693)","velocity":"(-189.8948, -673.7507)"},"hypothesisId":"P1","location":"scripts/battle/unit/projectile.gd","message":"projectile_delay_ended","runId":"aim-debug","sessionId":"ccca42","timestamp":52423}
{"data":{"curr_target_pos":"(568.5593, 496.6097)","curr_target_valid":true,"delta_target_dist":123.761642456055,"initial_target_pos":"(651.3005, 404.5726)","velocity":"(698.2894, -48.90736)"},"hypothesisId":"P1","location":"scripts/battle/unit/projectile.gd","message":"projectile_delay_ended","runId":"aim-debug","sessionId":"ccca42","timestamp":52473}
{"data":{"allies_mult":1.0,"current_health":60,"enemy_mult":1.0,"max_health_effective":60,"stats_health":60,"team":1,"unit_id":"enemy_mage"},"hypothesisId":"H2","location":"scripts/battle/unit/unit_base.gd","message":"unit_health_emitted","runId":"aim-debug","sessionId":"ccca42","timestamp":52653}
{"data":{"attack_speed":1.2,"attack_type":1,"target_class":"CharacterBody2D","unit_id":"ally_archer"},"hypothesisId":"H4","location":"scripts/battle/unit/unit_base.gd","message":"attack_start","runId":"aim-debug","sessionId":"ccca42","timestamp":52722}
{"data":{"delay_applies":true,"initial_dir":"(0.361477, -0.932381)","initial_target_pos":"(568.6472, 498.1495)","speed":700.0,"team":0,"unit_id":"ally_archer"},"hypothesisId":"P1","location":"scripts/battle/unit/projectile.gd","message":"projectile_ready_aimed","runId":"aim-debug","sessionId":"ccca42","timestamp":52722}
{"data":{"delay_s":1.75,"has_target_ref":true,"initial_target_pos":"(568.6472, 498.1495)"},"hypothesisId":"P1","location":"scripts/battle/unit/projectile.gd","message":"projectile_delay_started","runId":"aim-debug","sessionId":"ccca42","timestamp":52731}
{"data":{"curr_target_pos":"(568.6663, 498.6229)","curr_target_valid":true,"delta_target_dist":85.4871444702148,"initial_target_pos":"(628.0242, 437.1031)","velocity":"(254.3548, -652.1531)"},"hypothesisId":"P1","location":"scripts/battle/unit/projectile.gd","message":"projectile_delay_ended","runId":"aim-debug","sessionId":"ccca42","timestamp":52806}
{"data":{"attack_speed":1.2,"attack_type":1,"target_class":"CharacterBody2D","unit_id":"ally_archer"},"hypothesisId":"H4","location":"scripts/battle/unit/unit_base.gd","message":"attack_start","runId":"aim-debug","sessionId":"ccca42","timestamp":53172}
{"data":{"delay_applies":true,"initial_dir":"(-0.279328, -0.960196)","initial_target_pos":"(568.6959, 499.7084)","speed":700.0,"team":0,"unit_id":"ally_archer"},"hypothesisId":"P1","location":"scripts/battle/unit/projectile.gd","message":"projectile_ready_aimed","runId":"aim-debug","sessionId":"ccca42","timestamp":53173}
{"data":{"delay_s":1.75,"has_target_ref":true,"initial_target_pos":"(568.6959, 499.7084)"},"hypothesisId":"P1","location":"scripts/battle/unit/projectile.gd","message":"projectile_delay_started","runId":"aim-debug","sessionId":"ccca42","timestamp":53183}
{"data":{"attack_speed":1.0,"attack_type":0,"target_class":"CharacterBody2D","unit_id":"enemy_warrior"},"hypothesisId":"H4","location":"scripts/battle/unit/unit_base.gd","message":"attack_start","runId":"aim-debug","sessionId":"ccca42","timestamp":53194}
{"data":{"attack_speed":1.2,"attack_type":1,"target_class":"CharacterBody2D","unit_id":"ally_archer"},"hypothesisId":"H4","location":"scripts/battle/unit/unit_base.gd","message":"attack_start","runId":"aim-debug","sessionId":"ccca42","timestamp":53222}
{"data":{"delay_applies":true,"initial_dir":"(0.999863, -0.01657)","initial_target_pos":"(568.6977, 499.8111)","speed":700.0,"team":0,"unit_id":"ally_archer"},"hypothesisId":"P1","location":"scripts/battle/unit/projectile.gd","message":"projectile_ready_aimed","runId":"aim-debug","sessionId":"ccca42","timestamp":53223}
{"data":{"delay_s":1.75,"has_target_ref":true,"initial_target_pos":"(568.6977, 499.8111)"},"hypothesisId":"P1","location":"scripts/battle/unit/projectile.gd","message":"projectile_delay_started","runId":"aim-debug","sessionId":"ccca42","timestamp":53232}
{"data":{"curr_target_pos":"(568.6992, 499.9043)","curr_target_valid":true,"delta_target_dist":33.6920776367188,"initial_target_pos":"(596.6011, 481.0193)","velocity":"(-195.8948, -672.0306)"},"hypothesisId":"P1","location":"scripts/battle/unit/projectile.gd","message":"projectile_delay_ended","runId":"aim-debug","sessionId":"ccca42","timestamp":53256}
{"data":{"curr_target_pos":"(568.7003, 499.9887)","curr_target_valid":true,"delta_target_dist":32.0205955505371,"initial_target_pos":"(595.5322, 482.5139)","velocity":"(699.9351, -9.529501)"},"hypothesisId":"P1","location":"scripts/battle/unit/projectile.gd","message":"projectile_delay_ended","runId":"aim-debug","sessionId":"ccca42","timestamp":53307}
{"data":{"attack_speed":1.2,"attack_type":1,"target_class":"CharacterBody2D","unit_id":"ally_archer"},"hypothesisId":"H4","location":"scripts/battle/unit/unit_base.gd","message":"attack_start","runId":"aim-debug","sessionId":"ccca42","timestamp":53555}
{"data":{"delay_applies":true,"initial_dir":"(0.368802, -0.929508)","initial_target_pos":"(568.7007, 500.015)","speed":700.0,"team":0,"unit_id":"ally_archer"},"hypothesisId":"P1","location":"scripts/battle/unit/projectile.gd","message":"projectile_ready_aimed","runId":"aim-debug","sessionId":"ccca42","timestamp":53556}
{"data":{"delay_s":1.75,"has_target_ref":true,"initial_target_pos":"(568.7007, 500.015)"},"hypothesisId":"P1","location":"scripts/battle/unit/projectile.gd","message":"projectile_delay_started","runId":"aim-debug","sessionId":"ccca42","timestamp":53565}
{"data":{"curr_target_pos":"(568.7007, 500.015)","curr_target_valid":true,"delta_target_dist":12.9951095581055,"initial_target_pos":"(572.0481, 487.4585)","velocity":"(258.1613, -650.6556)"},"hypothesisId":"P1","location":"scripts/battle/unit/projectile.gd","message":"projectile_delay_ended","runId":"aim-debug","sessionId":"ccca42","timestamp":53640}
{"data":{"attack_speed":1.2,"attack_type":1,"target_class":"CharacterBody2D","unit_id":"ally_archer"},"hypothesisId":"H4","location":"scripts/battle/unit/unit_base.gd","message":"attack_start","runId":"aim-debug","sessionId":"ccca42","timestamp":54005}
{"data":{"delay_applies":true,"initial_dir":"(0.689336, -0.724441)","initial_target_pos":"(838.1053, 335.8301)","speed":700.0,"team":0,"unit_id":"ally_archer"},"hypothesisId":"P1","location":"scripts/battle/unit/projectile.gd","message":"projectile_ready_aimed","runId":"aim-debug","sessionId":"ccca42","timestamp":54006}
{"data":{"delay_s":1.75,"has_target_ref":true,"initial_target_pos":"(838.1053, 335.8301)"},"hypothesisId":"P1","location":"scripts/battle/unit/projectile.gd","message":"projectile_delay_started","runId":"aim-debug","sessionId":"ccca42","timestamp":54014}
{"data":{"attack_speed":1.2,"attack_type":1,"target_class":"CharacterBody2D","unit_id":"ally_archer"},"hypothesisId":"H4","location":"scripts/battle/unit/unit_base.gd","message":"attack_start","runId":"aim-debug","sessionId":"ccca42","timestamp":54055}
{"data":{"delay_applies":true,"initial_dir":"(-0.009989, -0.99995)","initial_target_pos":"(506.0279, 131.4148)","speed":700.0,"team":0,"unit_id":"ally_archer"},"hypothesisId":"P1","location":"scripts/battle/unit/projectile.gd","message":"projectile_ready_aimed","runId":"aim-debug","sessionId":"ccca42","timestamp":54056}
{"data":{"delay_s":1.75,"has_target_ref":true,"initial_target_pos":"(506.0279, 131.4148)"},"hypothesisId":"P1","location":"scripts/battle/unit/projectile.gd","message":"projectile_delay_started","runId":"aim-debug","sessionId":"ccca42","timestamp":54066}
{"data":{"curr_target_pos":"(0.0, 0.0)","curr_target_valid":false,"delta_target_dist":null,"initial_target_pos":"(568.4423, 495.1821)","velocity":"(-188.6193, -674.1088)"},"hypothesisId":"P1","location":"scripts/battle/unit/projectile.gd","message":"projectile_delay_ended","runId":"aim-debug","sessionId":"ccca42","timestamp":54090}
{"data":{"curr_target_pos":"(0.0, 0.0)","curr_target_valid":false,"delta_target_dist":null,"initial_target_pos":"(568.4892, 495.7045)","velocity":"(697.4704, -59.45631)"},"hypothesisId":"P1","location":"scripts/battle/unit/projectile.gd","message":"projectile_delay_ended","runId":"aim-debug","sessionId":"ccca42","timestamp":54140}
{"data":{"attack_speed":1.2,"attack_type":1,"target_class":"CharacterBody2D","unit_id":"ally_archer"},"hypothesisId":"H4","location":"scripts/battle/unit/unit_base.gd","message":"attack_start","runId":"aim-debug","sessionId":"ccca42","timestamp":54389}
{"data":{"delay_applies":true,"initial_dir":"(0.803398, -0.595442)","initial_target_pos":"(811.6812, 363.6003)","speed":700.0,"team":0,"unit_id":"ally_archer"},"hypothesisId":"P1","location":"scripts/battle/unit/projectile.gd","message":"projectile_ready_aimed","runId":"aim-debug","sessionId":"ccca42","timestamp":54389}
{"data":{"delay_s":1.75,"has_target_ref":true,"initial_target_pos":"(811.6812, 363.6003)"},"hypothesisId":"P1","location":"scripts/battle/unit/projectile.gd","message":"projectile_delay_started","runId":"aim-debug","sessionId":"ccca42","timestamp":54398}
{"data":{"attack_speed":0.8,"attack_type":1,"target_class":"CharacterBody2D","unit_id":"enemy_mage"},"hypothesisId":"H4","location":"scripts/battle/unit/unit_base.gd","message":"attack_start","runId":"aim-debug","sessionId":"ccca42","timestamp":54410}
{"data":{"delay_applies":false,"initial_dir":"(-0.689337, 0.724441)","initial_target_pos":"(603.9147, 581.9471)","speed":700.0,"team":1,"unit_id":"enemy_mage"},"hypothesisId":"P1","location":"scripts/battle/unit/projectile.gd","message":"projectile_ready_aimed","runId":"aim-debug","sessionId":"ccca42","timestamp":54414}
{"data":{"curr_target_pos":"(0.0, 0.0)","curr_target_valid":false,"delta_target_dist":null,"initial_target_pos":"(568.6472, 498.1495)","velocity":"(253.034, -652.6667)"},"hypothesisId":"P1","location":"scripts/battle/unit/projectile.gd","message":"projectile_delay_ended","runId":"aim-debug","sessionId":"ccca42","timestamp":54474}
{"data":{"attack_speed":1.2,"attack_type":1,"target_class":"CharacterBody2D","unit_id":"ally_archer"},"hypothesisId":"H4","location":"scripts/battle/unit/unit_base.gd","message":"attack_start","runId":"aim-debug","sessionId":"ccca42","timestamp":54889}
{"data":{"delay_applies":true,"initial_dir":"(0.957138, -0.289631)","initial_target_pos":"(777.2145, 399.8222)","speed":700.0,"team":0,"unit_id":"ally_archer"},"hypothesisId":"P1","location":"scripts/battle/unit/projectile.gd","message":"projectile_ready_aimed","runId":"aim-debug","sessionId":"ccca42","timestamp":54889}
{"data":{"delay_s":1.75,"has_target_ref":true,"initial_target_pos":"(777.2145, 399.8222)"},"hypothesisId":"P1","location":"scripts/battle/unit/projectile.gd","message":"projectile_delay_started","runId":"aim-debug","sessionId":"ccca42","timestamp":54898}
{"data":{"curr_target_pos":"(0.0, 0.0)","curr_target_valid":false,"delta_target_dist":null,"initial_target_pos":"(568.6959, 499.7084)","velocity":"(-195.5295, -672.137)"},"hypothesisId":"P1","location":"scripts/battle/unit/projectile.gd","message":"projectile_delay_ended","runId":"aim-debug","sessionId":"ccca42","timestamp":54924}
{"data":{"curr_target_pos":"(0.0, 0.0)","curr_target_valid":false,"delta_target_dist":null,"initial_target_pos":"(568.6977, 499.8111)","velocity":"(699.9039, -11.59899)"},"hypothesisId":"P1","location":"scripts/battle/unit/projectile.gd","message":"projectile_delay_ended","runId":"aim-debug","sessionId":"ccca42","timestamp":54973}
{"data":{"attack_speed":1.2,"attack_type":1,"target_class":"CharacterBody2D","unit_id":"ally_archer"},"hypothesisId":"H4","location":"scripts/battle/unit/unit_base.gd","message":"attack_start","runId":"aim-debug","sessionId":"ccca42","timestamp":55222}
{"data":{"delay_applies":true,"initial_dir":"(0.836664, -0.547716)","initial_target_pos":"(754.2367, 423.9701)","speed":700.0,"team":0,"unit_id":"ally_archer"},"hypothesisId":"P1","location":"scripts/battle/unit/projectile.gd","message":"projectile_ready_aimed","runId":"aim-debug","sessionId":"ccca42","timestamp":55223}
{"data":{"delay_s":1.75,"has_target_ref":true,"initial_target_pos":"(754.2367, 423.9701)"},"hypothesisId":"P1","location":"scripts/battle/unit/projectile.gd","message":"projectile_delay_started","runId":"aim-debug","sessionId":"ccca42","timestamp":55232}
{"data":{"curr_target_pos":"(0.0, 0.0)","curr_target_valid":false,"delta_target_dist":null,"initial_target_pos":"(568.7007, 500.015)","velocity":"(258.1613, -650.6556)"},"hypothesisId":"P1","location":"scripts/battle/unit/projectile.gd","message":"projectile_delay_ended","runId":"aim-debug","sessionId":"ccca42","timestamp":55307}
{"data":{"attack_speed":0.8,"attack_type":1,"target_class":"CharacterBody2D","unit_id":"enemy_mage"},"hypothesisId":"H4","location":"scripts/battle/unit/unit_base.gd","message":"attack_start","runId":"aim-debug","sessionId":"ccca42","timestamp":55655}
{"data":{"delay_applies":false,"initial_dir":"(-0.839253, 0.543741)","initial_target_pos":"(548.5458, 558.6241)","speed":700.0,"team":1,"unit_id":"enemy_mage"},"hypothesisId":"P1","location":"scripts/battle/unit/projectile.gd","message":"projectile_ready_aimed","runId":"aim-debug","sessionId":"ccca42","timestamp":55656}
{"data":{"attack_speed":1.2,"attack_type":1,"target_class":"CharacterBody2D","unit_id":"ally_archer"},"hypothesisId":"H4","location":"scripts/battle/unit/unit_base.gd","message":"attack_start","runId":"aim-debug","sessionId":"ccca42","timestamp":55722}
{"data":{"delay_applies":true,"initial_dir":"(0.990157, -0.139963)","initial_target_pos":"(713.0239, 452.061)","speed":700.0,"team":0,"unit_id":"ally_archer"},"hypothesisId":"P1","location":"scripts/battle/unit/projectile.gd","message":"projectile_ready_aimed","runId":"aim-debug","sessionId":"ccca42","timestamp":55723}
{"data":{"delay_s":1.75,"has_target_ref":true,"initial_target_pos":"(713.0239, 452.061)"},"hypothesisId":"P1","location":"scripts/battle/unit/projectile.gd","message":"projectile_delay_started","runId":"aim-debug","sessionId":"ccca42","timestamp":55731}
{"data":{"curr_target_pos":"(708.8277, 454.7797)","curr_target_valid":true,"delta_target_dist":175.675003051758,"initial_target_pos":"(838.1053, 335.8301)","velocity":"(445.4679, -539.9614)"},"hypothesisId":"P1","location":"scripts/battle/unit/projectile.gd","message":"projectile_delay_ended","runId":"aim-debug","sessionId":"ccca42","timestamp":55756}
{"data":{"curr_target_pos":"(294.0441, 128.818)","curr_target_valid":true,"delta_target_dist":211.999725341797,"initial_target_pos":"(506.0279, 131.4148)","velocity":"(-365.4563, -597.0273)"},"hypothesisId":"P1","location":"scripts/battle/unit/projectile.gd","message":"projectile_delay_ended","runId":"aim-debug","sessionId":"ccca42","timestamp":55806}
{"data":{"attack_speed":1.2,"attack_type":1,"target_class":"CharacterBody2D","unit_id":"ally_archer"},"hypothesisId":"H4","location":"scripts/battle/unit/unit_base.gd","message":"attack_start","runId":"aim-debug","sessionId":"ccca42","timestamp":56055}
{"data":{"delay_applies":true,"initial_dir":"(0.839253, -0.543741)","initial_target_pos":"(685.0491, 470.1856)","speed":700.0,"team":0,"unit_id":"ally_archer"},"hypothesisId":"P1","location":"scripts/battle/unit/projectile.gd","message":"projectile_ready_aimed","runId":"aim-debug","sessionId":"ccca42","timestamp":56055}
{"data":{"delay_s":1.75,"has_target_ref":true,"initial_target_pos":"(685.0491, 470.1856)"},"hypothesisId":"P1","location":"scripts/battle/unit/projectile.gd","message":"projectile_delay_started","runId":"aim-debug","sessionId":"ccca42","timestamp":56064}
{"data":{"curr_target_pos":"(676.6566, 475.6229)","curr_target_valid":true,"delta_target_dist":175.444351196289,"initial_target_pos":"(811.6812, 363.6003)","velocity":"(587.4773, -380.6185)"},"hypothesisId":"P1","location":"scripts/battle/unit/projectile.gd","message":"projectile_delay_ended","runId":"aim-debug","sessionId":"ccca42","timestamp":56140}
{"data":{"attack_speed":1.2,"attack_type":1,"target_class":"CharacterBody2D","unit_id":"ally_archer"},"hypothesisId":"H4","location":"scripts/battle/unit/unit_base.gd","message":"attack_start","runId":"aim-debug","sessionId":"ccca42","timestamp":56555}
{"data":{"delay_applies":true,"initial_dir":"(0.992415, 0.122929)","initial_target_pos":"(643.0868, 497.3723)","speed":700.0,"team":0,"unit_id":"ally_archer"},"hypothesisId":"P1","location":"scripts/battle/unit/projectile.gd","message":"projectile_ready_aimed","runId":"aim-debug","sessionId":"ccca42","timestamp":56556}
{"data":{"delay_s":1.75,"has_target_ref":true,"initial_target_pos":"(643.0868, 497.3723)"},"hypothesisId":"P1","location":"scripts/battle/unit/projectile.gd","message":"projectile_delay_started","runId":"aim-debug","sessionId":"ccca42","timestamp":56565}
{"data":{"curr_target_pos":"(634.6943, 502.8097)","curr_target_valid":true,"delta_target_dist":175.836364746094,"initial_target_pos":"(777.2145, 399.8222)","velocity":"(689.4496, 121.0754)"},"hypothesisId":"P1","location":"scripts/battle/unit/projectile.gd","message":"projectile_delay_ended","runId":"aim-debug","sessionId":"ccca42","timestamp":56640}
{"data":{"attack_speed":1.2,"attack_type":1,"target_class":"CharacterBody2D","unit_id":"ally_archer"},"hypothesisId":"H4","location":"scripts/battle/unit/unit_base.gd","message":"attack_start","runId":"aim-debug","sessionId":"ccca42","timestamp":56889}
{"data":{"delay_applies":true,"initial_dir":"(0.839253, -0.543741)","initial_target_pos":"(626.3019, 508.2471)","speed":700.0,"team":0,"unit_id":"ally_archer"},"hypothesisId":"P1","location":"scripts/battle/unit/projectile.gd","message":"projectile_ready_aimed","runId":"aim-debug","sessionId":"ccca42","timestamp":56889}
{"data":{"delay_s":1.75,"has_target_ref":true,"initial_target_pos":"(626.3019, 508.2471)"},"hypothesisId":"P1","location":"scripts/battle/unit/projectile.gd","message":"projectile_delay_started","runId":"aim-debug","sessionId":"ccca42","timestamp":56897}
{"data":{"attack_speed":1.0,"attack_type":0,"target_class":"Node2D","unit_id":"ally_warrior"},"hypothesisId":"H4","location":"scripts/battle/unit/unit_base.gd","message":"attack_start","runId":"aim-debug","sessionId":"ccca42","timestamp":56922}
{"data":{"curr_target_pos":"(626.3019, 508.2471)","curr_target_valid":true,"delta_target_dist":153.198959350586,"initial_target_pos":"(754.2367, 423.9701)","velocity":"(587.4773, -380.6185)"},"hypothesisId":"P1","location":"scripts/battle/unit/projectile.gd","message":"projectile_delay_ended","runId":"aim-debug","sessionId":"ccca42","timestamp":56973}
{"data":{"curr_target_pos":"(0.0, 0.0)","curr_target_valid":false,"delta_target_dist":null,"initial_target_pos":"(713.0239, 452.061)","velocity":"(693.1098, -97.97385)"},"hypothesisId":"P1","location":"scripts/battle/unit/projectile.gd","message":"projectile_delay_ended","runId":"aim-debug","sessionId":"ccca42","timestamp":57474}
{"data":{"allies_mult":1.0,"current_health":60,"enemy_mult":1.0,"max_health_effective":60,"stats_health":60,"team":1,"unit_id":"enemy_mage"},"hypothesisId":"H2","location":"scripts/battle/unit/unit_base.gd","message":"unit_health_emitted","runId":"aim-debug","sessionId":"ccca42","timestamp":57532}
{"data":{"attack_speed":1.2,"attack_type":1,"target_class":"CharacterBody2D","unit_id":"ally_archer"},"hypothesisId":"H4","location":"scripts/battle/unit/unit_base.gd","message":"attack_start","runId":"aim-debug","sessionId":"ccca42","timestamp":57722}
{"data":{"delay_applies":true,"initial_dir":"(0.999074, -0.043021)","initial_target_pos":"(946.6766, 540.1476)","speed":700.0,"team":0,"unit_id":"ally_archer"},"hypothesisId":"P1","location":"scripts/battle/unit/projectile.gd","message":"projectile_ready_aimed","runId":"aim-debug","sessionId":"ccca42","timestamp":57723}
{"data":{"delay_s":1.75,"has_target_ref":true,"initial_target_pos":"(946.6766, 540.1476)"},"hypothesisId":"P1","location":"scripts/battle/unit/projectile.gd","message":"projectile_delay_started","runId":"aim-debug","sessionId":"ccca42","timestamp":57732}
{"data":{"curr_target_pos":"(0.0, 0.0)","curr_target_valid":false,"delta_target_dist":null,"initial_target_pos":"(685.0491, 470.1856)","velocity":"(587.4773, -380.6184)"},"hypothesisId":"P1","location":"scripts/battle/unit/projectile.gd","message":"projectile_delay_ended","runId":"aim-debug","sessionId":"ccca42","timestamp":57807}
{"data":{"attack_speed":1.2,"attack_type":1,"target_class":"CharacterBody2D","unit_id":"ally_archer"},"hypothesisId":"H4","location":"scripts/battle/unit/unit_base.gd","message":"attack_start","runId":"aim-debug","sessionId":"ccca42","timestamp":57824}
{"data":{"delay_applies":true,"initial_dir":"(0.989046, 0.147608)","initial_target_pos":"(936.686, 540.5779)","speed":700.0,"team":0,"unit_id":"ally_archer"},"hypothesisId":"P1","location":"scripts/battle/unit/projectile.gd","message":"projectile_ready_aimed","runId":"aim-debug","sessionId":"ccca42","timestamp":57824}
{"data":{"delay_s":1.75,"has_target_ref":true,"initial_target_pos":"(936.686, 540.5779)"},"hypothesisId":"P1","location":"scripts/battle/unit/projectile.gd","message":"projectile_delay_started","runId":"aim-debug","sessionId":"ccca42","timestamp":57833}
{"data":{"attack_speed":1.0,"attack_type":0,"target_class":"Node2D","unit_id":"ally_warrior"},"hypothesisId":"H4","location":"scripts/battle/unit/unit_base.gd","message":"attack_start","runId":"aim-debug","sessionId":"ccca42","timestamp":57922}
{"data":{"attack_speed":0.8,"attack_type":1,"target_class":"CharacterBody2D","unit_id":"enemy_mage"},"hypothesisId":"H4","location":"scripts/battle/unit/unit_base.gd","message":"attack_start","runId":"aim-debug","sessionId":"ccca42","timestamp":58139}
{"data":{"delay_applies":false,"initial_dir":"(-0.999074, 0.04302)","initial_target_pos":"(605.9131, 554.8212)","speed":700.0,"team":1,"unit_id":"enemy_mage"},"hypothesisId":"P1","location":"scripts/battle/unit/projectile.gd","message":"projectile_ready_aimed","runId":"aim-debug","sessionId":"ccca42","timestamp":58139}
{"data":{"curr_target_pos":"(0.0, 0.0)","curr_target_valid":false,"delta_target_dist":null,"initial_target_pos":"(643.0868, 497.3723)","velocity":"(694.6907, 86.05063)"},"hypothesisId":"P1","location":"scripts/battle/unit/projectile.gd","message":"projectile_delay_ended","runId":"aim-debug","sessionId":"ccca42","timestamp":58306}
{"data":{"attack_speed":1.2,"attack_type":1,"target_class":"CharacterBody2D","unit_id":"ally_archer"},"hypothesisId":"H4","location":"scripts/battle/unit/unit_base.gd","message":"attack_start","runId":"aim-debug","sessionId":"ccca42","timestamp":58555}
{"data":{"delay_applies":true,"initial_dir":"(0.999074, -0.043018)","initial_target_pos":"(863.4216, 543.7335)","speed":700.0,"team":0,"unit_id":"ally_archer"},"hypothesisId":"P1","location":"scripts/battle/unit/projectile.gd","message":"projectile_ready_aimed","runId":"aim-debug","sessionId":"ccca42","timestamp":58555}
{"data":{"delay_s":1.75,"has_target_ref":true,"initial_target_pos":"(863.4216, 543.7335)"},"hypothesisId":"P1","location":"scripts/battle/unit/projectile.gd","message":"projectile_delay_started","runId":"aim-debug","sessionId":"ccca42","timestamp":58566}
{"data":{"curr_target_pos":"(0.0, 0.0)","curr_target_valid":false,"delta_target_dist":null,"initial_target_pos":"(626.3019, 508.2471)","velocity":"(587.4773, -380.6185)"},"hypothesisId":"P1","location":"scripts/battle/unit/projectile.gd","message":"projectile_delay_ended","runId":"aim-debug","sessionId":"ccca42","timestamp":58640}
{"data":{"attack_speed":1.2,"attack_type":1,"target_class":"CharacterBody2D","unit_id":"ally_archer"},"hypothesisId":"H4","location":"scripts/battle/unit/unit_base.gd","message":"attack_start","runId":"aim-debug","sessionId":"ccca42","timestamp":58655}
{"data":{"delay_applies":true,"initial_dir":"(0.978578, 0.205877)","initial_target_pos":"(853.431, 544.1638)","speed":700.0,"team":0,"unit_id":"ally_archer"},"hypothesisId":"P1","location":"scripts/battle/unit/projectile.gd","message":"projectile_ready_aimed","runId":"aim-debug","sessionId":"ccca42","timestamp":58656}
{"data":{"delay_s":1.75,"has_target_ref":true,"initial_target_pos":"(853.431, 544.1638)"},"hypothesisId":"P1","location":"scripts/battle/unit/projectile.gd","message":"projectile_delay_started","runId":"aim-debug","sessionId":"ccca42","timestamp":58664}
{"data":{"attack_speed":1.0,"attack_type":0,"target_class":"Node2D","unit_id":"ally_warrior"},"hypothesisId":"H4","location":"scripts/battle/unit/unit_base.gd","message":"attack_start","runId":"aim-debug","sessionId":"ccca42","timestamp":58922}
{"data":{"attack_speed":1.2,"attack_type":1,"target_class":"CharacterBody2D","unit_id":"ally_archer"},"hypothesisId":"H4","location":"scripts/battle/unit/unit_base.gd","message":"attack_start","runId":"aim-debug","sessionId":"ccca42","timestamp":59389}
{"data":{"delay_applies":true,"initial_dir":"(0.999075, -0.043012)","initial_target_pos":"(780.1666, 547.3193)","speed":700.0,"team":0,"unit_id":"ally_archer"},"hypothesisId":"P1","location":"scripts/battle/unit/projectile.gd","message":"projectile_ready_aimed","runId":"aim-debug","sessionId":"ccca42","timestamp":59389}
{"data":{"attack_speed":0.8,"attack_type":1,"target_class":"CharacterBody2D","unit_id":"enemy_mage"},"hypothesisId":"H4","location":"scripts/battle/unit/unit_base.gd","message":"attack_start","runId":"aim-debug","sessionId":"ccca42","timestamp":59398}
{"data":{"delay_applies":false,"initial_dir":"(-0.999075, 0.043012)","initial_target_pos":"(605.9131, 554.8212)","speed":700.0,"team":1,"unit_id":"enemy_mage"},"hypothesisId":"P1","location":"scripts/battle/unit/projectile.gd","message":"projectile_ready_aimed","runId":"aim-debug","sessionId":"ccca42","timestamp":59405}
{"data":{"delay_s":1.75,"has_target_ref":true,"initial_target_pos":"(780.1666, 547.3193)"},"hypothesisId":"P1","location":"scripts/battle/unit/projectile.gd","message":"projectile_delay_started","runId":"aim-debug","sessionId":"ccca42","timestamp":59413}
{"data":{"curr_target_pos":"(770.176, 547.7495)","curr_target_valid":true,"delta_target_dist":176.664245605469,"initial_target_pos":"(946.6766, 540.1476)","velocity":"(699.3522, -30.10797)"},"hypothesisId":"P1","location":"scripts/battle/unit/projectile.gd","message":"projectile_delay_ended","runId":"aim-debug","sessionId":"ccca42","timestamp":59473}
{"data":{"attack_speed":1.2,"attack_type":1,"target_class":"CharacterBody2D","unit_id":"ally_archer"},"hypothesisId":"H4","location":"scripts/battle/unit/unit_base.gd","message":"attack_start","runId":"aim-debug","sessionId":"ccca42","timestamp":59488}
{"data":{"delay_applies":true,"initial_dir":"(0.950045, 0.312112)","initial_target_pos":"(770.176, 547.7495)","speed":700.0,"team":0,"unit_id":"ally_archer"},"hypothesisId":"P1","location":"scripts/battle/unit/projectile.gd","message":"projectile_ready_aimed","runId":"aim-debug","sessionId":"ccca42","timestamp":59489}
{"data":{"delay_s":1.75,"has_target_ref":true,"initial_target_pos":"(770.176, 547.7495)"},"hypothesisId":"P1","location":"scripts/battle/unit/projectile.gd","message":"projectile_delay_started","runId":"aim-debug","sessionId":"ccca42","timestamp":59498}
{"data":{"curr_target_pos":"(760.1854, 548.1796)","curr_target_valid":true,"delta_target_dist":176.66423034668,"initial_target_pos":"(936.686, 540.5779)","velocity":"(660.59, 231.5618)"},"hypothesisId":"P1","location":"scripts/battle/unit/projectile.gd","message":"projectile_delay_ended","runId":"aim-debug","sessionId":"ccca42","timestamp":59573}
{"data":{"allies_mult":1.0,"current_health":60,"enemy_mult":1.0,"max_health_effective":60,"stats_health":60,"team":1,"unit_id":"enemy_mage"},"hypothesisId":"H2","location":"scripts/battle/unit/unit_base.gd","message":"unit_health_emitted","runId":"aim-debug","sessionId":"ccca42","timestamp":59623}
{"data":{"attack_speed":1.0,"attack_type":0,"target_class":"Node2D","unit_id":"ally_warrior"},"hypothesisId":"H4","location":"scripts/battle/unit/unit_base.gd","message":"attack_start","runId":"aim-debug","sessionId":"ccca42","timestamp":59922}
{"data":{"curr_target_pos":"(0.0, 0.0)","curr_target_valid":false,"delta_target_dist":null,"initial_target_pos":"(863.4216, 543.7335)","velocity":"(699.3521, -30.11262)"},"hypothesisId":"P1","location":"scripts/battle/unit/projectile.gd","message":"projectile_delay_ended","runId":"aim-debug","sessionId":"ccca42","timestamp":60306}
{"data":{"attack_speed":1.2,"attack_type":1,"target_class":"CharacterBody2D","unit_id":"ally_archer"},"hypothesisId":"H4","location":"scripts/battle/unit/unit_base.gd","message":"attack_start","runId":"aim-debug","sessionId":"ccca42","timestamp":60322}
{"data":{"delay_applies":true,"initial_dir":"(0.890337, -0.455303)","initial_target_pos":"(900.5475, 331.0611)","speed":700.0,"team":0,"unit_id":"ally_archer"},"hypothesisId":"P1","location":"scripts/battle/unit/projectile.gd","message":"projectile_ready_aimed","runId":"aim-debug","sessionId":"ccca42","timestamp":60322}
{"data":{"delay_s":1.75,"has_target_ref":true,"initial_target_pos":"(900.5475, 331.0611)"},"hypothesisId":"P1","location":"scripts/battle/unit/projectile.gd","message":"projectile_delay_started","runId":"aim-debug","sessionId":"ccca42","timestamp":60331}
{"data":{"curr_target_pos":"(0.0, 0.0)","curr_target_valid":false,"delta_target_dist":null,"initial_target_pos":"(853.431, 544.1638)","velocity":"(685.0045, 144.1138)"},"hypothesisId":"P1","location":"scripts/battle/unit/projectile.gd","message":"projectile_delay_ended","runId":"aim-debug","sessionId":"ccca42","timestamp":60406}
{"data":{"attack_speed":0.8,"attack_type":1,"target_class":"CharacterBody2D","unit_id":"enemy_mage"},"hypothesisId":"H4","location":"scripts/battle/unit/unit_base.gd","message":"attack_start","runId":"aim-debug","sessionId":"ccca42","timestamp":60772}
{"data":{"delay_applies":false,"initial_dir":"(-0.890337, 0.455302)","initial_target_pos":"(593.7881, 487.9326)","speed":700.0,"team":1,"unit_id":"enemy_mage"},"hypothesisId":"P1","location":"scripts/battle/unit/projectile.gd","message":"projectile_ready_aimed","runId":"aim-debug","sessionId":"ccca42","timestamp":60773}
{"data":{"attack_speed":1.0,"attack_type":0,"target_class":"Node2D","unit_id":"ally_warrior"},"hypothesisId":"H4","location":"scripts/battle/unit/unit_base.gd","message":"attack_start","runId":"aim-debug","sessionId":"ccca42","timestamp":60922}
{"data":{"curr_target_pos":"(0.0, 0.0)","curr_target_valid":false,"delta_target_dist":null,"initial_target_pos":"(780.1666, 547.3193)","velocity":"(699.3522, -30.10849)"},"hypothesisId":"P1","location":"scripts/battle/unit/projectile.gd","message":"projectile_delay_ended","runId":"aim-debug","sessionId":"ccca42","timestamp":61140}
{"data":{"curr_target_pos":"(0.0, 0.0)","curr_target_valid":false,"delta_target_dist":null,"initial_target_pos":"(770.176, 547.7495)","velocity":"(665.0318, 218.4781)"},"hypothesisId":"P1","location":"scripts/battle/unit/projectile.gd","message":"projectile_delay_ended","runId":"aim-debug","sessionId":"ccca42","timestamp":61240}
{"data":{"attack_speed":1.0,"attack_type":0,"target_class":"Node2D","unit_id":"ally_warrior"},"hypothesisId":"H4","location":"scripts/battle/unit/unit_base.gd","message":"attack_start","runId":"aim-debug","sessionId":"ccca42","timestamp":61922}
{"data":{"curr_target_pos":"(738.5029, 386.9589)","curr_target_valid":true,"delta_target_dist":171.414810180664,"initial_target_pos":"(900.5475, 331.0611)","velocity":"(574.0703, -400.5537)"},"hypothesisId":"P1","location":"scripts/battle/unit/projectile.gd","message":"projectile_delay_ended","runId":"aim-debug","sessionId":"ccca42","timestamp":62073}
{"data":{"attack_speed":1.0,"attack_type":0,"target_class":"Node2D","unit_id":"ally_warrior"},"hypothesisId":"H4","location":"scripts/battle/unit/unit_base.gd","message":"attack_start","runId":"aim-debug","sessionId":"ccca42","timestamp":62922}
{"data":{"allies_mult":1.0,"current_health":80,"enemy_mult":1.0,"max_health_effective":80,"stats_health":80,"team":1,"unit_id":"ally_archer"},"hypothesisId":"H2","location":"scripts/battle/unit/unit_base.gd","message":"unit_health_emitted","runId":"aim-debug","sessionId":"ccca42","timestamp":63596}
{"data":{"attack_speed":1.0,"attack_type":0,"target_class":"Node2D","unit_id":"ally_warrior"},"hypothesisId":"H4","location":"scripts/battle/unit/unit_base.gd","message":"attack_start","runId":"aim-debug","sessionId":"ccca42","timestamp":63922}
{"data":{"attack_speed":1.0,"attack_type":0,"target_class":"Node2D","unit_id":"ally_warrior"},"hypothesisId":"H4","location":"scripts/battle/unit/unit_base.gd","message":"attack_start","runId":"aim-debug","sessionId":"ccca42","timestamp":64922}
{"data":{"allies_mult":1.0,"current_health":60,"enemy_mult":1.0,"max_health_effective":60,"stats_health":60,"team":1,"unit_id":"enemy_mage"},"hypothesisId":"H2","location":"scripts/battle/unit/unit_base.gd","message":"unit_health_emitted","runId":"aim-debug","sessionId":"ccca42","timestamp":65793}
{"data":{"attack_speed":0.8,"attack_type":1,"target_class":"Node2D","unit_id":"enemy_mage"},"hypothesisId":"H4","location":"scripts/battle/unit/unit_base.gd","message":"attack_start","runId":"aim-debug","sessionId":"ccca42","timestamp":65872}
{"data":{"delay_applies":false,"initial_dir":"(-0.995941, -0.090005)","initial_target_pos":"(64.0, 326.0)","speed":700.0,"team":1,"unit_id":"enemy_mage"},"hypothesisId":"P1","location":"scripts/battle/unit/projectile.gd","message":"projectile_ready_aimed","runId":"aim-debug","sessionId":"ccca42","timestamp":65873}
{"data":{"attack_speed":1.0,"attack_type":0,"target_class":"Node2D","unit_id":"ally_warrior"},"hypothesisId":"H4","location":"scripts/battle/unit/unit_base.gd","message":"attack_start","runId":"aim-debug","sessionId":"ccca42","timestamp":65922}
{"data":{"attack_speed":1.0,"attack_type":0,"target_class":"Node2D","unit_id":"ally_warrior"},"hypothesisId":"H4","location":"scripts/battle/unit/unit_base.gd","message":"attack_start","runId":"aim-debug","sessionId":"ccca42","timestamp":66922}
{"data":{"attack_speed":0.8,"attack_type":1,"target_class":"Node2D","unit_id":"enemy_mage"},"hypothesisId":"H4","location":"scripts/battle/unit/unit_base.gd","message":"attack_start","runId":"aim-debug","sessionId":"ccca42","timestamp":67123}
{"data":{"delay_applies":false,"initial_dir":"(-0.995941, -0.090006)","initial_target_pos":"(64.0, 326.0)","speed":700.0,"team":1,"unit_id":"enemy_mage"},"hypothesisId":"P1","location":"scripts/battle/unit/projectile.gd","message":"projectile_ready_aimed","runId":"aim-debug","sessionId":"ccca42","timestamp":67123}
{"data":{"attack_speed":1.2,"attack_type":1,"target_class":"Node2D","unit_id":"ally_archer"},"hypothesisId":"H4","location":"scripts/battle/unit/unit_base.gd","message":"attack_start","runId":"aim-debug","sessionId":"ccca42","timestamp":67272}
{"data":{"delay_applies":false,"initial_dir":"(-0.999925, -0.012247)","initial_target_pos":"(64.0, 126.0)","speed":700.0,"team":1,"unit_id":"ally_archer"},"hypothesisId":"P1","location":"scripts/battle/unit/projectile.gd","message":"projectile_ready_aimed","runId":"aim-debug","sessionId":"ccca42","timestamp":67273}
{"data":{"attack_speed":1.0,"attack_type":0,"target_class":"Node2D","unit_id":"ally_warrior"},"hypothesisId":"H4","location":"scripts/battle/unit/unit_base.gd","message":"attack_start","runId":"aim-debug","sessionId":"ccca42","timestamp":67922}
{"data":{"attack_speed":1.2,"attack_type":1,"target_class":"Node2D","unit_id":"ally_archer"},"hypothesisId":"H4","location":"scripts/battle/unit/unit_base.gd","message":"attack_start","runId":"aim-debug","sessionId":"ccca42","timestamp":68105}
{"data":{"delay_applies":false,"initial_dir":"(-0.999925, -0.012247)","initial_target_pos":"(64.0, 126.0)","speed":700.0,"team":1,"unit_id":"ally_archer"},"hypothesisId":"P1","location":"scripts/battle/unit/projectile.gd","message":"projectile_ready_aimed","runId":"aim-debug","sessionId":"ccca42","timestamp":68106}
{"data":{"count":18},"hypothesisId":"H3","location":"scripts/global/cutscene_manager.gd","message":"cutscenes_loaded","runId":"aim-debug","sessionId":"ccca42","timestamp":1084}
